warning: unsafe function's docs are missing a `# Safety` section
  --> crates/core/shared-abi/src/lib.rs:54:5
   |
54 |     pub unsafe fn as_str(&self) -> &'static str {
   |     ^^^^^^^^^^^^^^^^^^^^^^^^^^^^^^^^^^^^^^^^^^^
   |
   = help: for further information visit https://rust-lang.github.io/rust-clippy/rust-1.98.0/index.html#missing_safety_doc
   = note: `#[warn(clippy::missing_safety_doc)]` on by default

warning: unsafe function's docs are missing a `# Safety` section
  --> crates/core/shared-abi/src/lib.rs:87:5
   |
87 |     pub unsafe fn as_slice(&self) -> &'static [T] {
   |     ^^^^^^^^^^^^^^^^^^^^^^^^^^^^^^^^^^^^^^^^^^^^^
   |
   = help: for further information visit https://rust-lang.github.io/rust-clippy/rust-1.98.0/index.html#missing_safety_doc

warning: unsafe function's docs are missing a `# Safety` section
   --> crates/core/shared-abi/src/lib.rs:134:5
    |
134 |     pub unsafe fn to_owned_row(&self) -> ParamRowOwned {
    |     ^^^^^^^^^^^^^^^^^^^^^^^^^^^^^^^^^^^^^^^^^^^^^^^^^^
    |
    = help: for further information visit https://rust-lang.github.io/rust-clippy/rust-1.98.0/index.html#missing_safety_doc

warning: `neoutl-shared-abi` (lib) generated 3 warnings
warning: unsafe function's docs are missing a `# Safety` section
   --> crates/media/core/src/lib.rs:131:5
    |
131 | /     unsafe fn finalize_write(
132 | |         &self,
133 | |         device: &wgpu::Device,
134 | |         texture: wgpu::Texture,
135 | |     ) -> Result<wgpu::Texture, PoolError>;
    | |__________________________________________^
    |
    = help: for further information visit https://rust-lang.github.io/rust-clippy/rust-1.98.0/index.html#missing_safety_doc
    = note: `#[warn(clippy::missing_safety_doc)]` on by default

warning: `neo-media-core` (lib) generated 1 warning
warning: unsafe function's docs are missing a `# Safety` section
  --> crates/effect/api/src/lib.rs:72:1
   |
72 | pub unsafe fn pack_uniform_std(params_ptr: *const f32, count: u32, out_ptr: *mut u8) {
   | ^^^^^^^^^^^^^^^^^^^^^^^^^^^^^^^^^^^^^^^^^^^^^^^^^^^^^^^^^^^^^^^^^^^^^^^^^^^^^^^^^^^^
   |
   = help: for further information visit https://rust-lang.github.io/rust-clippy/rust-1.98.0/index.html#missing_safety_doc
   = note: `#[warn(clippy::missing_safety_doc)]` on by default

warning: `neoutl-effect-api` (lib) generated 1 warning
warning: this `if` statement can be collapsed
   --> crates/media/cache/src/format_pool.rs:223:9
    |
223 | /         if self.kind_usage_count(kind_id) < reserved_for_kind {
224 | |             if let Some(idx) = self.find_over_quota_victim(kind_id, quotas) {
225 | |                 let slot = &mut self.slots[idx];
226 | |                 slot.state = SlotState::Writing;
...   |
232 | |         }
    | |_________^
    |
    = help: for further information visit https://rust-lang.github.io/rust-clippy/rust-1.98.0/index.html#collapsible_if
    = note: `#[warn(clippy::collapsible_if)]` on by default
help: collapse nested if block
    |
223 ~         if self.kind_usage_count(kind_id) < reserved_for_kind
224 ~             && let Some(idx) = self.find_over_quota_victim(kind_id, quotas) {
225 |                 let slot = &mut self.slots[idx];
...
230 |                 return Ok(slot.texture.clone());
231 ~             }
    |

warning: manual implementation of `.is_multiple_of()`
  --> crates/media/cache/src/neo_media_cache.rs:79:12
   |
79 |         if seq % REQUERY_INTERVAL_ACQUIRES != 0 {
   |            ^^^^^^^^^^^^^^^^^^^^^^^^^^^^^^^^^^^^ help: replace with: `!seq.is_multiple_of(REQUERY_INTERVAL_ACQUIRES)`
   |
   = help: for further information visit https://rust-lang.github.io/rust-clippy/rust-1.98.0/index.html#manual_is_multiple_of
   = note: `#[warn(clippy::manual_is_multiple_of)]` on by default

warning: manual implementation of `.is_multiple_of()`
   --> crates/media/cache/src/neo_media_cache.rs:117:12
    |
117 |         if seq % REQUERY_INTERVAL_ACQUIRES != 0 {
    |            ^^^^^^^^^^^^^^^^^^^^^^^^^^^^^^^^^^^^ help: replace with: `!seq.is_multiple_of(REQUERY_INTERVAL_ACQUIRES)`
    |
    = help: for further information visit https://rust-lang.github.io/rust-clippy/rust-1.98.0/index.html#manual_is_multiple_of

warning: `neo-media-cache` (lib) generated 3 warnings (run `cargo clippy --fix --lib -p neo-media-cache -- ` to apply 3 suggestions)
warning: this function has too many arguments (8/7)
   --> crates/media/ffmpeg/src/colorconv.rs:133:1
    |
133 | / fn upload_plane_texture(
134 | |     device: &wgpu::Device,
135 | |     queue: &wgpu::Queue,
136 | |     bytes: &[u8],
...   |
141 | |     label: &str,
142 | | ) -> wgpu::Texture {
    | |__________________^
    |
    = help: for further information visit https://rust-lang.github.io/rust-clippy/rust-1.98.0/index.html#too_many_arguments
    = note: `#[warn(clippy::too_many_arguments)]` on by default

warning: casting to the same type is unnecessary (`i32` -> `i32`)
 --> crates/media/ffmpeg/src/decoder/av_errors.rs:4:6
  |
4 |     -(libc::EAGAIN as i32)
  |      ^^^^^^^^^^^^^^^^^^^^^ help: try: `libc::EAGAIN`
  |
  = help: for further information visit https://rust-lang.github.io/rust-clippy/rust-1.98.0/index.html#unnecessary_cast
  = note: `#[warn(clippy::unnecessary_cast)]` on by default

warning: casting to the same type is unnecessary (`i32` -> `i32`)
  --> crates/media/ffmpeg/src/decoder/av_errors.rs:16:23
   |
16 |         || result == -(libc::EINVAL as i32)
   |                       ^^^^^^^^^^^^^^^^^^^^^ help: try: `libc::EINVAL`
   |
   = help: for further information visit https://rust-lang.github.io/rust-clippy/rust-1.98.0/index.html#unnecessary_cast

warning: this `if` has identical blocks
   --> crates/media/ffmpeg/src/decoder/frame_convert.rs:131:51
    |
131 |           } else if src_format == av_pix_fmt_rgba() {
    |  ___________________________________________________^
132 | |             let plane = copy_plane((*src_frame).data[0], (*src_frame).linesize[0], height);
133 | |             RamFrame::Rgba8 {
134 | |                 plane,
...   |
139 | |         } else if src_format == av_pix_fmt_rgb0() {
    | |_________^
    |
note: same as this
   --> crates/media/ffmpeg/src/decoder/frame_convert.rs:139:51
    |
139 |           } else if src_format == av_pix_fmt_rgb0() {
    |  ___________________________________________________^
140 | |             let plane = copy_plane((*src_frame).data[0], (*src_frame).linesize[0], height);
141 | |             RamFrame::Rgba8 {
142 | |                 plane,
...   |
147 | |         } else if src_format == av_pix_fmt_bgr0() {
    | |_________^
    = help: for further information visit https://rust-lang.github.io/rust-clippy/rust-1.98.0/index.html#if_same_then_else
    = note: `#[warn(clippy::if_same_then_else)]` on by default

warning: using `chunks_exact_mut` with a constant chunk size
   --> crates/media/ffmpeg/src/decoder/frame_convert.rs:291:39
    |
291 |                     for px in swapped.chunks_exact_mut(4) {
    |                                       ^^^^^^^^^^^^^^^^^^^ help: consider using `as_chunks` instead: `as_chunks_mut::<4>().0`
    |
    = help: for further information visit https://rust-lang.github.io/rust-clippy/rust-1.98.0/index.html#chunks_exact_to_as_chunks
    = note: `#[warn(clippy::chunks_exact_to_as_chunks)]` on by default

warning: this `if` has identical blocks
  --> crates/media/ffmpeg/src/decoder/hw_device.rs:23:5
   |
23 | /     {
24 | |         Some(av_pix_fmt_p010le())
25 | |     } else if stream_sw_format == av_pix_fmt_yuv420p10le() {
   | |_____^
   |
note: same as this
  --> crates/media/ffmpeg/src/decoder/hw_device.rs:25:60
   |
25 |       } else if stream_sw_format == av_pix_fmt_yuv420p10le() {
   |  ____________________________________________________________^
26 | |         Some(av_pix_fmt_p010le())
27 | |     } else if stream_sw_format == av_pix_fmt_yuv420p12le() {
   | |_____^
   = help: for further information visit https://rust-lang.github.io/rust-clippy/rust-1.98.0/index.html#if_same_then_else

warning: this `if` has identical blocks
  --> crates/media/ffmpeg/src/decoder/hw_device.rs:32:5
   |
32 | /     {
33 | |         Some(stream_sw_format)
34 | |     } else if stream_sw_format == av_pix_fmt_rgb0() || stream_sw_format == av_pix_fmt_bgr0() {
   | |_____^
   |
note: same as this
  --> crates/media/ffmpeg/src/decoder/hw_device.rs:34:94
   |
34 |       } else if stream_sw_format == av_pix_fmt_rgb0() || stream_sw_format == av_pix_fmt_bgr0() {
   |  ______________________________________________________________________________________________^
35 | |         Some(stream_sw_format)
36 | |     } else {
   | |_____^
   = help: for further information visit https://rust-lang.github.io/rust-clippy/rust-1.98.0/index.html#if_same_then_else

warning: this `if` statement can be collapsed
   --> crates/media/ffmpeg/src/decoder/worker.rs:173:5
    |
173 | /     if let Some(ram_frame) = gop_cache.get(target, ram_cache) {
174 | |         if let (Some(_), Some(queue), Some(cache)) = (
175 | |             ctx.gpu_device.as_ref(),
176 | |             ctx.gpu_queue.as_ref(),
...   |
188 | |     }
    | |_____^
    |
    = help: for further information visit https://rust-lang.github.io/rust-clippy/rust-1.98.0/index.html#collapsible_if
    = note: `#[warn(clippy::collapsible_if)]` on by default
help: collapse nested if block
    |
173 ~     if let Some(ram_frame) = gop_cache.get(target, ram_cache)
174 ~         && let (Some(_), Some(queue), Some(cache)) = (
175 |             ctx.gpu_device.as_ref(),
...
186 |             }
187 ~         }
    |

warning: this `if` statement can be collapsed
   --> crates/media/ffmpeg/src/decoder/worker.rs:174:9
    |
174 | /         if let (Some(_), Some(queue), Some(cache)) = (
175 | |             ctx.gpu_device.as_ref(),
176 | |             ctx.gpu_queue.as_ref(),
177 | |             media_cache.as_ref(),
...   |
187 | |         }
    | |_________^
    |
    = help: for further information visit https://rust-lang.github.io/rust-clippy/rust-1.98.0/index.html#collapsible_if
help: collapse nested if block
    |
178 ~         )
179 ~             && let Some(frame) = compose_output_frame(&ram_frame, queue, cache, p0xx_resources) {
180 |                 store.set_frame(clip_key, target, frame.clone());
...
185 |                 return;
186 ~             }
    |

warning: this `if` statement can be collapsed
   --> crates/media/ffmpeg/src/decoder/worker.rs:189:5
    |
189 | /     if let Some(ram_frame) = ram_cache.get(target) {
190 | |         if let (Some(_), Some(queue), Some(cache)) = (
191 | |             ctx.gpu_device.as_ref(),
192 | |             ctx.gpu_queue.as_ref(),
...   |
204 | |     }
    | |_____^
    |
    = help: for further information visit https://rust-lang.github.io/rust-clippy/rust-1.98.0/index.html#collapsible_if
help: collapse nested if block
    |
189 ~     if let Some(ram_frame) = ram_cache.get(target)
190 ~         && let (Some(_), Some(queue), Some(cache)) = (
191 |             ctx.gpu_device.as_ref(),
...
202 |             }
203 ~         }
    |

warning: this `if` statement can be collapsed
   --> crates/media/ffmpeg/src/decoder/worker.rs:190:9
    |
190 | /         if let (Some(_), Some(queue), Some(cache)) = (
191 | |             ctx.gpu_device.as_ref(),
192 | |             ctx.gpu_queue.as_ref(),
193 | |             media_cache.as_ref(),
...   |
203 | |         }
    | |_________^
    |
    = help: for further information visit https://rust-lang.github.io/rust-clippy/rust-1.98.0/index.html#collapsible_if
help: collapse nested if block
    |
194 ~         )
195 ~             && let Some(frame) = compose_output_frame(&ram_frame, queue, cache, p0xx_resources) {
196 |                 store.set_frame(clip_key, target, frame.clone());
...
201 |                 return;
202 ~             }
    |

warning: you seem to be trying to use `match` for destructuring a single pattern. Consider using `if let`
   --> crates/media/ffmpeg/src/decoder/worker.rs:295:17
    |
295 | /                 match convert_frame(ctx, av_frame) {
296 | |                     Some(ram_frame) => {
297 | |                         ram_cache.insert(decoded_index, ram_frame.clone());
298 | |                         new_gop_block.frame_indices.push(decoded_index);
...   |
320 | |                     None => {}
321 | |                 }
    | |_________________^
    |
    = help: for further information visit https://rust-lang.github.io/rust-clippy/rust-1.98.0/index.html#single_match
    = note: `#[warn(clippy::single_match)]` on by default
help: try
    |
295 ~                 if let Some(ram_frame) = convert_frame(ctx, av_frame) {
296 +                     ram_cache.insert(decoded_index, ram_frame.clone());
297 +                     new_gop_block.frame_indices.push(decoded_index);
298 + 
299 +                     if decoded_index == target && !target_dispatched {
300 +                         if let (Some(_), Some(queue), Some(cache)) = (
301 +                             ctx.gpu_device.as_ref(),
302 +                             ctx.gpu_queue.as_ref(),
303 +                             media_cache.as_ref(),
304 +                         ) {
305 +                             if let Some(frame) =
306 +                                 compose_output_frame(&ram_frame, queue, cache, p0xx_resources)
307 +                             {
308 +                                 ctx.last_good_frame = Some(frame.clone());
309 +                                 store.set_frame(clip_key, decoded_index, frame);
310 +                                 target_dispatched = true;
311 +                             }
312 +                         } else {
313 +                             eprintln!(
314 ~                                 "[neoutl-video-decoder][非対応] wgpuデバイス未取得、昇格スキップ"
315 +                             );
316 +                         }
317 +                     }
318 +                 }
    |

warning: this `if` statement can be collapsed
   --> crates/media/ffmpeg/src/decoder/worker.rs:323:17
    |
323 | /                 if let Some(ram_frame) = ram_cache.get(decoded_index) {
324 | |                     if let (Some(_), Some(queue), Some(cache)) = (
325 | |                         ctx.gpu_device.as_ref(),
326 | |                         ctx.gpu_queue.as_ref(),
...   |
336 | |                 }
    | |_________________^
    |
    = help: for further information visit https://rust-lang.github.io/rust-clippy/rust-1.98.0/index.html#collapsible_if
help: collapse nested if block
    |
323 ~                 if let Some(ram_frame) = ram_cache.get(decoded_index)
324 ~                     && let (Some(_), Some(queue), Some(cache)) = (
325 |                         ctx.gpu_device.as_ref(),
...
334 |                         }
335 ~                     }
    |

warning: this `if` statement can be collapsed
   --> crates/media/ffmpeg/src/decoder/worker.rs:324:21
    |
324 | /                     if let (Some(_), Some(queue), Some(cache)) = (
325 | |                         ctx.gpu_device.as_ref(),
326 | |                         ctx.gpu_queue.as_ref(),
327 | |                         media_cache.as_ref(),
...   |
335 | |                     }
    | |_____________________^
    |
    = help: for further information visit https://rust-lang.github.io/rust-clippy/rust-1.98.0/index.html#collapsible_if
help: collapse nested if block
    |
328 ~                     )
329 ~                         && let Some(frame) =
330 |                             compose_output_frame(&ram_frame, queue, cache, p0xx_resources)
...
333 |                             store.set_frame(clip_key, decoded_index, frame);
334 ~                         }
    |

warning: this `if` statement can be collapsed
   --> crates/media/ffmpeg/src/decoder/worker.rs:402:5
    |
402 | /     if !target_dispatched {
403 | |         if let Some(frame) = ctx.last_good_frame.clone() {
404 | |             eprintln!(
405 | |                 "[neoutl-video-decoder][診断][近似フレーム配信] requested_target={requested_target} target={target}"
...   |
409 | |     }
    | |_____^
    |
    = help: for further information visit https://rust-lang.github.io/rust-clippy/rust-1.98.0/index.html#collapsible_if
help: collapse nested if block
    |
402 ~     if !target_dispatched
403 ~         && let Some(frame) = ctx.last_good_frame.clone() {
404 |             eprintln!(
...
407 |             store.set_frame(clip_key, requested_target, frame);
408 ~         }
    |

warning: this `if` statement can be collapsed
   --> crates/media/ffmpeg/src/decoder/mod.rs:143:9
    |
143 | /         if let Some(overwritten) = mailbox.target_frame.replace(frame) {
144 | |             if overwritten != frame {
145 | |                 eprintln!(
146 | |                     "[neoutl-video-decoder][診断][seek上書き] overwritten={overwritten} new={frame}"
...   |
149 | |         }
    | |_________^
    |
    = help: for further information visit https://rust-lang.github.io/rust-clippy/rust-1.98.0/index.html#collapsible_if
help: collapse nested if block
    |
143 ~         if let Some(overwritten) = mailbox.target_frame.replace(frame)
144 ~             && overwritten != frame {
145 |                 eprintln!(
146 |                     "[neoutl-video-decoder][診断][seek上書き] overwritten={overwritten} new={frame}"
147 |                 );
148 ~             }
    |

warning: casting to the same type is unnecessary (`i32` -> `i32`)
  --> crates/media/ffmpeg/src/encoder.rs:53:6
   |
53 |     -(libc::EAGAIN as i32)
   |      ^^^^^^^^^^^^^^^^^^^^^ help: try: `libc::EAGAIN`
   |
   = help: for further information visit https://rust-lang.github.io/rust-clippy/rust-1.98.0/index.html#unnecessary_cast

warning: casting to the same type is unnecessary (`i32` -> `i32`)
   --> crates/media/ffmpeg/src/encoder.rs:158:46
    |
158 |             if (*(*fmt_ctx).oformat).flags & sys::AVFMT_GLOBALHEADER as i32 != 0 {
    |                                              ^^^^^^^^^^^^^^^^^^^^^^^^^^^^^^ help: try: `sys::AVFMT_GLOBALHEADER`
    |
    = help: for further information visit https://rust-lang.github.io/rust-clippy/rust-1.98.0/index.html#unnecessary_cast

warning: casting to the same type is unnecessary (`i32` -> `i32`)
   --> crates/media/ffmpeg/src/encoder.rs:185:46
    |
185 |             if (*(*fmt_ctx).oformat).flags & sys::AVFMT_NOFILE as i32 == 0 {
    |                                              ^^^^^^^^^^^^^^^^^^^^^^^^ help: try: `sys::AVFMT_NOFILE`
    |
    = help: for further information visit https://rust-lang.github.io/rust-clippy/rust-1.98.0/index.html#unnecessary_cast

warning: casting raw pointers to the same type and constness is unnecessary (`*const *mut u8` -> `*const *mut u8`)
   --> crates/media/ffmpeg/src/encoder.rs:278:17
    |
278 |                 (*self.frame).data.as_ptr() as *const *mut u8,
    |                 ^^^^^^^^^^^^^^^^^^^^^^^^^^^^^^^^^^^^^^^^^^^^^ help: try: `(*self.frame).data.as_ptr()`
    |
    = help: for further information visit https://rust-lang.github.io/rust-clippy/rust-1.98.0/index.html#unnecessary_cast

warning: very complex type used. Consider factoring parts into `type` definitions
   --> crates/media/ffmpeg/src/frame.rs:146:16
    |
146 |     listeners: Mutex<Vec<Box<dyn Fn(&str) + Send + Sync>>>,
    |                ^^^^^^^^^^^^^^^^^^^^^^^^^^^^^^^^^^^^^^^^^^^
    |
    = help: for further information visit https://rust-lang.github.io/rust-clippy/rust-1.98.0/index.html#type_complexity
    = note: `#[warn(clippy::type_complexity)]` on by default

warning: unsafe function's docs are missing a `# Safety` section
  --> crates/media/ffmpeg/src/index.rs:99:1
   |
99 | pub unsafe fn build_index(fmt_ctx: *mut sys::AVFormatContext, stream_index: i32) -> FrameIndex {
   | ^^^^^^^^^^^^^^^^^^^^^^^^^^^^^^^^^^^^^^^^^^^^^^^^^^^^^^^^^^^^^^^^^^^^^^^^^^^^^^^^^^^^^^^^^^^^^^
   |
   = help: for further information visit https://rust-lang.github.io/rust-clippy/rust-1.98.0/index.html#missing_safety_doc
   = note: `#[warn(clippy::missing_safety_doc)]` on by default

warning: `neo-media-ffmpeg` (lib) generated 22 warnings (run `cargo clippy --fix --lib -p neo-media-ffmpeg -- ` to apply 15 suggestions)
warning: useless use of `format!`
   --> crates/media/runtime/src/cache.rs:129:28
    |
129 |                     arg1 = format!("{}", plugin.id)
    |                            ^^^^^^^^^^^^^^^^^^^^^^^^ help: consider using `.to_string()`: `plugin.id.to_string()`
    |
    = help: for further information visit https://rust-lang.github.io/rust-clippy/rust-1.98.0/index.html#useless_format
    = note: `#[warn(clippy::useless_format)]` on by default

warning: useless use of `format!`
   --> crates/media/runtime/src/cache.rs:144:32
    |
144 |                         arg1 = format!("{}", plugin.id)
    |                                ^^^^^^^^^^^^^^^^^^^^^^^^ help: consider using `.to_string()`: `plugin.id.to_string()`
    |
    = help: for further information visit https://rust-lang.github.io/rust-clippy/rust-1.98.0/index.html#useless_format

warning: useless use of `format!`
   --> crates/media/runtime/src/cache.rs:155:32
    |
155 |                         arg1 = format!("{}", plugin.id),
    |                                ^^^^^^^^^^^^^^^^^^^^^^^^ help: consider using `.to_string()`: `plugin.id.to_string()`
    |
    = help: for further information visit https://rust-lang.github.io/rust-clippy/rust-1.98.0/index.html#useless_format

warning: useless use of `format!`
   --> crates/media/runtime/src/cache.rs:156:32
    |
156 |                         arg2 = format!("{err}")
    |                                ^^^^^^^^^^^^^^^^ help: consider using `.to_string()`: `err.to_string()`
    |
    = help: for further information visit https://rust-lang.github.io/rust-clippy/rust-1.98.0/index.html#useless_format

warning: useless use of `format!`
   --> crates/media/runtime/src/cache.rs:166:16
    |
166 |         arg1 = format!("{}", failures.join(" / "))
    |                ^^^^^^^^^^^^^^^^^^^^^^^^^^^^^^^^^^^ help: consider using `.to_string()`: `failures.join(" / ").to_string()`
    |
    = help: for further information visit https://rust-lang.github.io/rust-clippy/rust-1.98.0/index.html#useless_format

warning: useless use of `format!`
   --> crates/media/runtime/src/cache.rs:187:20
    |
187 |             arg0 = format!("{}", plugin.id)
    |                    ^^^^^^^^^^^^^^^^^^^^^^^^ help: consider using `.to_string()`: `plugin.id.to_string()`
    |
    = help: for further information visit https://rust-lang.github.io/rust-clippy/rust-1.98.0/index.html#useless_format

warning: useless use of `format!`
   --> crates/media/runtime/src/cache.rs:206:20
    |
206 |             arg0 = format!("{}", plugin.id)
    |                    ^^^^^^^^^^^^^^^^^^^^^^^^ help: consider using `.to_string()`: `plugin.id.to_string()`
    |
    = help: for further information visit https://rust-lang.github.io/rust-clippy/rust-1.98.0/index.html#useless_format

warning: useless use of `format!`
   --> crates/media/runtime/src/cache.rs:273:68
    |
273 |                 eprintln!("{}", t!("[media-cache] %{arg0}", arg0 = format!("{}", err)));
    |                                                                    ^^^^^^^^^^^^^^^^^^ help: consider using `.to_string()`: `err.to_string()`
    |
    = help: for further information visit https://rust-lang.github.io/rust-clippy/rust-1.98.0/index.html#useless_format

warning: useless use of `format!`
   --> crates/media/runtime/src/cache.rs:294:36
    |
294 | ...                   arg1 = format!("{err}")
    |                              ^^^^^^^^^^^^^^^^ help: consider using `.to_string()`: `err.to_string()`
    |
    = help: for further information visit https://rust-lang.github.io/rust-clippy/rust-1.98.0/index.html#useless_format

warning: useless use of `format!`
   --> crates/media/runtime/src/cache.rs:311:36
    |
311 | ...                   arg1 = format!("{err}")
    |                              ^^^^^^^^^^^^^^^^ help: consider using `.to_string()`: `err.to_string()`
    |
    = help: for further information visit https://rust-lang.github.io/rust-clippy/rust-1.98.0/index.html#useless_format

warning: useless use of `format!`
   --> crates/media/runtime/src/cache.rs:325:36
    |
325 | ...                   arg1 = format!("{err}")
    |                              ^^^^^^^^^^^^^^^^ help: consider using `.to_string()`: `err.to_string()`
    |
    = help: for further information visit https://rust-lang.github.io/rust-clippy/rust-1.98.0/index.html#useless_format

warning: useless use of `format!`
   --> crates/media/runtime/src/cache.rs:392:28
    |
392 |                     arg1 = format!("{}", video.plugin_id),
    |                            ^^^^^^^^^^^^^^^^^^^^^^^^^^^^^^ help: consider using `.to_string()`: `video.plugin_id.to_string()`
    |
    = help: for further information visit https://rust-lang.github.io/rust-clippy/rust-1.98.0/index.html#useless_format

warning: useless use of `format!`
   --> crates/media/runtime/src/cache.rs:395:28
    |
395 |                     arg4 = format!("{}", reason)
    |                            ^^^^^^^^^^^^^^^^^^^^^ help: consider using `.to_string()`: `reason.to_string()`
    |
    = help: for further information visit https://rust-lang.github.io/rust-clippy/rust-1.98.0/index.html#useless_format

warning: useless use of `format!`
   --> crates/media/runtime/src/cache.rs:450:32
    |
450 |                         arg1 = format!("{}", err)
    |                                ^^^^^^^^^^^^^^^^^^ help: consider using `.to_string()`: `err.to_string()`
    |
    = help: for further information visit https://rust-lang.github.io/rust-clippy/rust-1.98.0/index.html#useless_format

warning: useless use of `format!`
   --> crates/media/runtime/src/cache.rs:513:40
    |
513 | ...                   arg0 = format!("{e}"),
    |                              ^^^^^^^^^^^^^^ help: consider using `.to_string()`: `e.to_string()`
    |
    = help: for further information visit https://rust-lang.github.io/rust-clippy/rust-1.98.0/index.html#useless_format

warning: useless use of `format!`
   --> crates/media/runtime/src/cache.rs:514:40
    |
514 | ...                   arg1 = format!("{plugin_id}")
    |                              ^^^^^^^^^^^^^^^^^^^^^^ help: consider using `.to_string()`: `plugin_id.to_string()`
    |
    = help: for further information visit https://rust-lang.github.io/rust-clippy/rust-1.98.0/index.html#useless_format

warning: useless use of `format!`
  --> crates/media/runtime/src/loader.rs:84:24
   |
84 |                 arg0 = format!("{}", plugin.id),
   |                        ^^^^^^^^^^^^^^^^^^^^^^^^ help: consider using `.to_string()`: `plugin.id.to_string()`
   |
   = help: for further information visit https://rust-lang.github.io/rust-clippy/rust-1.98.0/index.html#useless_format

warning: useless use of `format!`
  --> crates/media/runtime/src/loader.rs:85:24
   |
85 |                 arg1 = format!("{}", plugin.name)
   |                        ^^^^^^^^^^^^^^^^^^^^^^^^^^ help: consider using `.to_string()`: `plugin.name.to_string()`
   |
   = help: for further information visit https://rust-lang.github.io/rust-clippy/rust-1.98.0/index.html#useless_format

warning: useless use of `format!`
   --> crates/media/runtime/src/loader.rs:129:20
    |
129 |             arg0 = format!("{}", plugin.id)
    |                    ^^^^^^^^^^^^^^^^^^^^^^^^ help: consider using `.to_string()`: `plugin.id.to_string()`
    |
    = help: for further information visit https://rust-lang.github.io/rust-clippy/rust-1.98.0/index.html#useless_format

warning: useless use of `format!`
   --> crates/media/runtime/src/worker.rs:396:36
    |
396 | ...                   arg1 = format!("{}", e)
    |                              ^^^^^^^^^^^^^^^^ help: consider using `.to_string()`: `e.to_string()`
    |
    = help: for further information visit https://rust-lang.github.io/rust-clippy/rust-1.98.0/index.html#useless_format

warning: `neoutl-media-runtime` (lib) generated 20 warnings (run `cargo clippy --fix --lib -p neoutl-media-runtime -- ` to apply 20 suggestions)
   Compiling NeoUtl v0.7.5 (/home/user/ドキュメント/Projects/NeoUtl)
warning: unsafe function's docs are missing a `# Safety` section
   --> crates/easing/standard/src/lib.rs:291:1
    |
291 | pub unsafe extern "C" fn neoutl_easing_engine_entry() -> *const EasingEngineVTable {
    | ^^^^^^^^^^^^^^^^^^^^^^^^^^^^^^^^^^^^^^^^^^^^^^^^^^^^^^^^^^^^^^^^^^^^^^^^^^^^^^^^^^
    |
    = help: for further information visit https://rust-lang.github.io/rust-clippy/rust-1.98.0/index.html#missing_safety_doc
    = note: `#[warn(clippy::missing_safety_doc)]` on by default

warning: `neoutl-easing-standard` (lib) generated 1 warning
warning: long literal lacking separators
   --> src/ecs/object_schema.rs:222:63
    |
222 |         float_fixed("camera_focus_distance", "深度ぼけ基準距離", 0.0, 100000.0),
    |                                                                       ^^^^^^^^ help: consider: `100_000.0`
    |
    = help: for further information visit https://rust-lang.github.io/rust-clippy/rust-1.98.0/index.html#unreadable_literal
note: the lint level is defined here
   --> src/main.rs:2:9
    |
  2 | #![warn(clippy::pedantic)]
    |         ^^^^^^^^^^^^^^^^
    = note: `#[warn(clippy::unreadable_literal)]` implied by `#[warn(clippy::pedantic)]`

warning: binding's name is too similar to existing binding
   --> src/renderer/pipeline/mod.rs:190:13
    |
190 |         let effect_pong = create_effect_texture(&device, width, height);
    |             ^^^^^^^^^^^
    |
note: existing binding defined here
   --> src/renderer/pipeline/mod.rs:189:13
    |
189 |         let effect_ping = create_effect_texture(&device, width, height);
    |             ^^^^^^^^^^^
    = help: for further information visit https://rust-lang.github.io/rust-clippy/rust-1.98.0/index.html#similar_names
    = note: `#[warn(clippy::similar_names)]` implied by `#[warn(clippy::pedantic)]`

warning: binding's name is too similar to existing binding
   --> src/renderer/pipeline/mod.rs:425:13
    |
425 |         let effect_pong = create_effect_texture(&new_device, self.render_width, self.render_height);
    |             ^^^^^^^^^^^
    |
note: existing binding defined here
   --> src/renderer/pipeline/mod.rs:424:13
    |
424 |         let effect_ping = create_effect_texture(&new_device, self.render_width, self.render_height);
    |             ^^^^^^^^^^^
    = help: for further information visit https://rust-lang.github.io/rust-clippy/rust-1.98.0/index.html#similar_names

warning: binding's name is too similar to existing binding
   --> src/renderer/pipeline/mod.rs:683:13
    |
683 |         let saved_effect_pong = self.effect_pong.clone();
    |             ^^^^^^^^^^^^^^^^^
    |
note: existing binding defined here
   --> src/renderer/pipeline/mod.rs:682:13
    |
682 |         let saved_effect_ping = self.effect_ping.clone();
    |             ^^^^^^^^^^^^^^^^^
    = help: for further information visit https://rust-lang.github.io/rust-clippy/rust-1.98.0/index.html#similar_names

warning: long literal lacking separators
   --> src/ui/export_dialog.rs:319:86
    |
319 | ...                   ui.add(Slider::new(&mut self.average_bitrate_kbps, 500..=200000));
    |                                                                                ^^^^^^ help: consider: `200_000`
    |
    = help: for further information visit https://rust-lang.github.io/rust-clippy/rust-1.98.0/index.html#unreadable_literal

warning: long literal lacking separators
   --> src/ui/export_dialog.rs:327:82
    |
327 | ...                   ui.add(Slider::new(&mut self.max_bitrate_kbps, 500..=200000));
    |                                                                            ^^^^^^ help: consider: `200_000`
    |
    = help: for further information visit https://rust-lang.github.io/rust-clippy/rust-1.98.0/index.html#unreadable_literal

warning: long literal lacking separators
   --> src/ui/launcher.rs:130:55
    |
130 | ...                   .range(8000..=192000)
    |                                     ^^^^^^ help: consider: `192_000`
    |
    = help: for further information visit https://rust-lang.github.io/rust-clippy/rust-1.98.0/index.html#unreadable_literal

warning: long literal lacking separators
   --> src/ui/project_settings.rs:157:55
    |
157 | ...                   .range(8000..=192000)
    |                                     ^^^^^^ help: consider: `192_000`
    |
    = help: for further information visit https://rust-lang.github.io/rust-clippy/rust-1.98.0/index.html#unreadable_literal

warning: 5 bindings with single-character names in scope
  --> src/ui/properties/easing_editor/curve_view.rs:82:42
   |
82 | pub fn interpolate(samples: &[[f32; 2]], t: f32) -> f32 {
   |                                          ^
83 |     let n = samples.len();
   |         ^
...
87 |     let f = t.clamp(0.0, 1.0) * (n - 1) as f32;
   |         ^
88 |     let i = (f as usize).min(n - 2);
   |         ^
89 |     let u = f - i as f32;
   |         ^
   |
   = help: for further information visit https://rust-lang.github.io/rust-clippy/rust-1.98.0/index.html#many_single_char_names
   = note: `#[warn(clippy::many_single_char_names)]` implied by `#[warn(clippy::pedantic)]`

warning: binding's name is too similar to existing binding
    --> src/ui/properties/easing_editor/mod.rs:1101:9
     |
1101 |     let painter = ui.painter_at(rect);
     |         ^^^^^^^
     |
note: existing binding defined here
    --> src/ui/properties/easing_editor/mod.rs:966:9
     |
 966 |     let pointer = response.interact_pointer_pos();
     |         ^^^^^^^
     = help: for further information visit https://rust-lang.github.io/rust-clippy/rust-1.98.0/index.html#similar_names

warning: 5 bindings with single-character names in scope
   --> src/ui/timeline/clip_item.rs:57:13
    |
 57 |         let x = view_rect.min.x + self.frame_to_x(preview_start);
    |             ^
 58 |         let h = LAYER_HEIGHT * 0.75;
    |             ^
 59 |         let y = view_rect.min.y + self.layer_to_y(preview_layer) + (LAYER_HEIGHT - h) * 0.5;
    |             ^
 60 |         let w = ((preview_end - preview_start) as f32 * self.zoom_scale).max(4.0);
    |             ^
...
178 |                 Some(k) if k.id == obj.id && k.frame == f => k.delta_frames,
    |                      ^
    |
    = help: for further information visit https://rust-lang.github.io/rust-clippy/rust-1.98.0/index.html#many_single_char_names

warning: called `map(<f>).unwrap_or(<a>)` on an `Option` value
   --> src/app/shortcuts.rs:541:9
    |
541 | /         DEFAULT_KEYMAP
542 | |             .iter()
543 | |             .find(|(c, _, _)| *c == command)
544 | |             .map(|(_, s, b)| (*s, OwnedBinding::from(*b)))
...   |
552 | |                 },
553 | |             ))
    | |______________^
    |
    = help: for further information visit https://rust-lang.github.io/rust-clippy/rust-1.98.0/index.html#map_unwrap_or
    = note: `#[warn(clippy::map_unwrap_or)]` implied by `#[warn(clippy::pedantic)]`
help: use `map_or(<a>, <f>)` instead
    |
544 ~             .map_or((
545 +                 Scope::Global,
546 +                 OwnedBinding {
547 +                     ctrl: false,
548 +                     shift: false,
549 +                     alt: false,
550 +                     key: String::new(),
551 +                 },
552 ~             ), |(_, s, b)| (*s, OwnedBinding::from(*b)))
    |

warning: useless use of `format!`
  --> src/app/state.rs:72:24
   |
72 |                 arg0 = format!("{}", err)
   |                        ^^^^^^^^^^^^^^^^^^ help: consider using `.to_string()`: `err.to_string()`
   |
   = help: for further information visit https://rust-lang.github.io/rust-clippy/rust-1.98.0/index.html#useless_format
   = note: `#[warn(clippy::useless_format)]` on by default

warning: indexing may panic
   --> src/app/state.rs:150:5
    |
150 |     s.sessions[s.active].world.clone()
    |     ^^^^^^^^^^^^^^^^^^^^
    |
    = help: consider using `.get(n)` or `.get_mut(n)` instead
    = help: for further information visit https://rust-lang.github.io/rust-clippy/rust-1.98.0/index.html#indexing_slicing
note: the lint level is defined here
   --> src/main.rs:3:9
    |
  3 | #![warn(clippy::indexing_slicing)]
    |         ^^^^^^^^^^^^^^^^^^^^^^^^

warning: indexing may panic
   --> src/app/state.rs:155:5
    |
155 |     s.sessions[s.active].engine.clone()
    |     ^^^^^^^^^^^^^^^^^^^^
    |
    = help: consider using `.get(n)` or `.get_mut(n)` instead
    = help: for further information visit https://rust-lang.github.io/rust-clippy/rust-1.98.0/index.html#indexing_slicing

warning: indexing may panic
   --> src/app/state.rs:160:5
    |
160 |     s.sessions[s.active].audio_mixer.clone()
    |     ^^^^^^^^^^^^^^^^^^^^
    |
    = help: consider using `.get(n)` or `.get_mut(n)` instead
    = help: for further information visit https://rust-lang.github.io/rust-clippy/rust-1.98.0/index.html#indexing_slicing

warning: arithmetic operation that can potentially result in unexpected side-effects
   --> src/app/state.rs:190:16
    |
190 |     s.active = s.sessions.len() - 1;
    |                ^^^^^^^^^^^^^^^^^^^^
    |
    = help: for further information visit https://rust-lang.github.io/rust-clippy/rust-1.98.0/index.html#arithmetic_side_effects
note: the lint level is defined here
   --> src/main.rs:4:9
    |
  4 | #![warn(clippy::arithmetic_side_effects)]
    |         ^^^^^^^^^^^^^^^^^^^^^^^^^^^^^^^

warning: indexing may panic
   --> src/app/state.rs:197:18
    |
197 |         let m = &s.sessions[s.active].meta;
    |                  ^^^^^^^^^^^^^^^^^^^^
    |
    = help: consider using `.get(n)` or `.get_mut(n)` instead
    = help: for further information visit https://rust-lang.github.io/rust-clippy/rust-1.98.0/index.html#indexing_slicing

warning: arithmetic operation that can potentially result in unexpected side-effects
   --> src/app/state.rs:216:16
    |
216 |     s.active = s.sessions.len() - 1;
    |                ^^^^^^^^^^^^^^^^^^^^
    |
    = help: for further information visit https://rust-lang.github.io/rust-clippy/rust-1.98.0/index.html#arithmetic_side_effects

warning: indexing may panic
   --> src/app/state.rs:222:5
    |
222 |     s.sessions[0].world.clone()
    |     ^^^^^^^^^^^^^
    |
    = help: consider using `.get(n)` or `.get_mut(n)` instead
    = help: for further information visit https://rust-lang.github.io/rust-clippy/rust-1.98.0/index.html#indexing_slicing

warning: indexing may panic
   --> src/app/state.rs:230:5
    |
230 |     s.sessions[active].history.push(snapshot);
    |     ^^^^^^^^^^^^^^^^^^
    |
    = help: consider using `.get(n)` or `.get_mut(n)` instead
    = help: for further information visit https://rust-lang.github.io/rust-clippy/rust-1.98.0/index.html#indexing_slicing

warning: indexing may panic
   --> src/app/state.rs:231:5
    |
231 |     s.sessions[active].dirty = true;
    |     ^^^^^^^^^^^^^^^^^^
    |
    = help: consider using `.get(n)` or `.get_mut(n)` instead
    = help: for further information visit https://rust-lang.github.io/rust-clippy/rust-1.98.0/index.html#indexing_slicing

warning: indexing may panic
   --> src/app/state.rs:243:9
    |
243 |         s.sessions[active].last_autosave = Instant::now();
    |         ^^^^^^^^^^^^^^^^^^
    |
    = help: consider using `.get(n)` or `.get_mut(n)` instead
    = help: for further information visit https://rust-lang.github.io/rust-clippy/rust-1.98.0/index.html#indexing_slicing

warning: indexing may panic
   --> src/app/state.rs:256:24
    |
256 |         let session = &s.sessions[s.active];
    |                        ^^^^^^^^^^^^^^^^^^^^
    |
    = help: consider using `.get(n)` or `.get_mut(n)` instead
    = help: for further information visit https://rust-lang.github.io/rust-clippy/rust-1.98.0/index.html#indexing_slicing

warning: casting `i32` to `u64` may lose the sign of the value
   --> src/app/state.rs:260:51
    |
260 |                 >= std::time::Duration::from_secs(settings.autosave_interval_sec.max(1) as u64),
    |                                                   ^^^^^^^^^^^^^^^^^^^^^^^^^^^^^^^^^^^^^^^^^^^^
    |
    = help: for further information visit https://rust-lang.github.io/rust-clippy/rust-1.98.0/index.html#cast_sign_loss
    = note: `#[warn(clippy::cast_sign_loss)]` implied by `#[warn(clippy::pedantic)]`

warning: indexing may panic
   --> src/app/state.rs:293:13
    |
293 |             s.sessions[active].dirty = false;
    |             ^^^^^^^^^^^^^^^^^^
    |
    = help: consider using `.get(n)` or `.get_mut(n)` instead
    = help: for further information visit https://rust-lang.github.io/rust-clippy/rust-1.98.0/index.html#indexing_slicing

warning: indexing may panic
   --> src/app/state.rs:294:13
    |
294 |             s.sessions[active].last_autosave = Instant::now();
    |             ^^^^^^^^^^^^^^^^^^
    |
    = help: consider using `.get(n)` or `.get_mut(n)` instead
    = help: for further information visit https://rust-lang.github.io/rust-clippy/rust-1.98.0/index.html#indexing_slicing

warning: indexing may panic
   --> src/app/state.rs:296:17
    |
296 |                 s.sessions[active].meta.dir.clone(),
    |                 ^^^^^^^^^^^^^^^^^^
    |
    = help: consider using `.get(n)` or `.get_mut(n)` instead
    = help: for further information visit https://rust-lang.github.io/rust-clippy/rust-1.98.0/index.html#indexing_slicing

warning: indexing may panic
   --> src/app/state.rs:297:17
    |
297 |                 s.sessions[active].meta.name.clone(),
    |                 ^^^^^^^^^^^^^^^^^^
    |
    = help: consider using `.get(n)` or `.get_mut(n)` instead
    = help: for further information visit https://rust-lang.github.io/rust-clippy/rust-1.98.0/index.html#indexing_slicing

warning: indexing may panic
   --> src/app/state.rs:324:9
    |
324 |         s.sessions[active].history.undo(current)
    |         ^^^^^^^^^^^^^^^^^^
    |
    = help: consider using `.get(n)` or `.get_mut(n)` instead
    = help: for further information visit https://rust-lang.github.io/rust-clippy/rust-1.98.0/index.html#indexing_slicing

warning: indexing may panic
   --> src/app/state.rs:341:9
    |
341 |         s.sessions[active].history.redo(current)
    |         ^^^^^^^^^^^^^^^^^^
    |
    = help: consider using `.get(n)` or `.get_mut(n)` instead
    = help: for further information visit https://rust-lang.github.io/rust-clippy/rust-1.98.0/index.html#indexing_slicing

warning: indexing may panic
   --> src/app/state.rs:354:28
    |
354 |     format!("NeoUtl - {}", s.sessions[s.active].meta.name)
    |                            ^^^^^^^^^^^^^^^^^^^^
    |
    = help: consider using `.get(n)` or `.get_mut(n)` instead
    = help: for further information visit https://rust-lang.github.io/rust-clippy/rust-1.98.0/index.html#indexing_slicing

warning: indexing may panic
   --> src/app/state.rs:360:9
    |
360 |         s.sessions[index].world.clone()
    |         ^^^^^^^^^^^^^^^^^
    |
    = help: consider using `.get(n)` or `.get_mut(n)` instead
    = help: for further information visit https://rust-lang.github.io/rust-clippy/rust-1.98.0/index.html#indexing_slicing

warning: indexing may panic
   --> src/app/state.rs:371:9
    |
371 |         s.sessions[index].dirty = false;
    |         ^^^^^^^^^^^^^^^^^
    |
    = help: consider using `.get(n)` or `.get_mut(n)` instead
    = help: for further information visit https://rust-lang.github.io/rust-clippy/rust-1.98.0/index.html#indexing_slicing

warning: indexing may panic
   --> src/app/state.rs:372:9
    |
372 |         s.sessions[index].last_autosave = Instant::now();
    |         ^^^^^^^^^^^^^^^^^
    |
    = help: consider using `.get(n)` or `.get_mut(n)` instead
    = help: for further information visit https://rust-lang.github.io/rust-clippy/rust-1.98.0/index.html#indexing_slicing

warning: arithmetic operation that can potentially result in unexpected side-effects
   --> src/app/state.rs:387:20
    |
387 |         s.active = s.sessions.len() - 1;
    |                    ^^^^^^^^^^^^^^^^^^^^
    |
    = help: for further information visit https://rust-lang.github.io/rust-clippy/rust-1.98.0/index.html#arithmetic_side_effects

warning: arithmetic operation that can potentially result in unexpected side-effects
   --> src/app/state.rs:389:9
    |
389 |         s.active -= 1;
    |         ^^^^^^^^^^^^^
    |
    = help: for further information visit https://rust-lang.github.io/rust-clippy/rust-1.98.0/index.html#arithmetic_side_effects

warning: these match arms have identical bodies
  --> src/app/theme.rs:16:9
   |
16 |         BuiltInTheme::Slate => "slate",
   |         ^^^^^^^^^^^^^^^^^^^^^^^^^^^^^^
...
20 |         _ => "slate",
   |         ^^^^^^^^^^^^ the wildcard arm
   |
   = help: if this is unintentional make the arms return different values
   = help: for further information visit https://rust-lang.github.io/rust-clippy/rust-1.98.0/index.html#match_same_arms
   = note: `#[warn(clippy::match_same_arms)]` implied by `#[warn(clippy::pedantic)]`
help: otherwise remove the non-wildcard arm
   |
16 -         BuiltInTheme::Slate => "slate",
   |

warning: useless use of `format!`
  --> src/app/update.rs:84:24
   |
84 |                 arg0 = format!("{asset_name}")
   |                        ^^^^^^^^^^^^^^^^^^^^^^^ help: consider using `.to_string()`: `asset_name.to_string()`
   |
   = help: for further information visit https://rust-lang.github.io/rust-clippy/rust-1.98.0/index.html#useless_format

warning: allocating a local array larger than 16384 bytes
   --> src/app/update.rs:176:23
    |
176 |         let mut buf = [0u8; 64 * 1024];
    |                       ^^^^^^^^^^^^^^^^
    |
    = help: consider allocating on the heap with `vec![0u8; 64 * 1024].into_boxed_slice()`
    = help: for further information visit https://rust-lang.github.io/rust-clippy/rust-1.98.0/index.html#large_stack_arrays
    = note: `#[warn(clippy::large_stack_arrays)]` implied by `#[warn(clippy::pedantic)]`

warning: slicing may panic
   --> src/app/update.rs:186:29
    |
186 |                 .write_all(&buf[..n])
    |                             ^^^^^^^^
    |
    = help: consider using `.get(..n)`or `.get_mut(..n)` instead
    = help: for further information visit https://rust-lang.github.io/rust-clippy/rust-1.98.0/index.html#indexing_slicing

warning: arithmetic operation that can potentially result in unexpected side-effects
   --> src/app/update.rs:188:13
    |
188 |             downloaded += n as u64;
    |             ^^^^^^^^^^^^^^^^^^^^^^
    |
    = help: for further information visit https://rust-lang.github.io/rust-clippy/rust-1.98.0/index.html#arithmetic_side_effects

warning: casting `u64` to `f32` may cause a loss of precision (`u64` is 64 bits wide, but `f32`'s mantissa is only 23 bits wide)
   --> src/app/update.rs:191:47
    |
191 |                     UpdateStatus::Downloading(downloaded as f32 / total as f32);
    |                                               ^^^^^^^^^^^^^^^^^
    |
    = help: for further information visit https://rust-lang.github.io/rust-clippy/rust-1.98.0/index.html#cast_precision_loss
    = note: `#[warn(clippy::cast_precision_loss)]` implied by `#[warn(clippy::pedantic)]`

warning: casting `u64` to `f32` may cause a loss of precision (`u64` is 64 bits wide, but `f32`'s mantissa is only 23 bits wide)
   --> src/app/update.rs:191:67
    |
191 |                     UpdateStatus::Downloading(downloaded as f32 / total as f32);
    |                                                                   ^^^^^^^^^^^^
    |
    = help: for further information visit https://rust-lang.github.io/rust-clippy/rust-1.98.0/index.html#cast_precision_loss

warning: this `if` can be collapsed into the outer `match`
  --> src/app/mod.rs:95:13
   |
95 | /             if !open {
96 | |                 crate::ui::properties::easing_editor::close();
97 | |             }
   | |_____________^
   |
   = help: for further information visit https://rust-lang.github.io/rust-clippy/rust-1.98.0/index.html#collapsible_match
   = note: `#[warn(clippy::collapsible_match)]` on by default
help: collapse nested if block
   |
94 ~         "easing_editor"
95 ~             if !open => {
96 |                 crate::ui::properties::easing_editor::close();
97 ~             }
   |

warning: this function has too many lines (112/100)
   --> src/app/mod.rs:202:5
    |
202 |     fn ui(&mut self, ui: &mut egui::Ui, frame: &mut eframe::Frame) {
    |     ^^^^^^^^^^^^^^^^^^^^^^^^^^^^^^^^^^^^^^^^^^^^^^^^^^^^^^^^^^^^^^
    |
    = help: for further information visit https://rust-lang.github.io/rust-clippy/rust-1.98.0/index.html#too_many_lines
    = note: `#[warn(clippy::too_many_lines)]` implied by `#[warn(clippy::pedantic)]`

warning: this argument is passed by value, but not consumed in the function body
   --> src/app/mod.rs:330:10
    |
330 |     gpu: Rc<SharedGpu>,
    |          ^^^^^^^^^^^^^
    |
    = help: for further information visit https://rust-lang.github.io/rust-clippy/rust-1.98.0/index.html#needless_pass_by_value
    = note: `#[warn(clippy::needless_pass_by_value)]` implied by `#[warn(clippy::pedantic)]`
help: consider taking a reference instead
    |
330 |     gpu: &Rc<SharedGpu>,
    |          +

warning: field assignment outside of initializer for an instance created with Default::default()
   --> src/app/mod.rs:334:5
    |
334 | /     options.viewport = egui::ViewportBuilder::default()
335 | |         .with_inner_size([LAUNCHER_WINDOW_SIZE.0, LAUNCHER_WINDOW_SIZE.1]);
    | |___________________________________________________________________________^
    |
note: consider initializing the variable with `eframe::NativeOptions { viewport: egui::ViewportBuilder::default()
              .with_inner_size([LAUNCHER_WINDOW_SIZE.0, LAUNCHER_WINDOW_SIZE.1]), ..Default::default() }` and removing relevant reassignments
   --> src/app/mod.rs:333:5
    |
333 |     let mut options = eframe::NativeOptions::default();
    |     ^^^^^^^^^^^^^^^^^^^^^^^^^^^^^^^^^^^^^^^^^^^^^^^^^^^
    = help: for further information visit https://rust-lang.github.io/rust-clippy/rust-1.98.0/index.html#field_reassign_with_default
    = note: `#[warn(clippy::field_reassign_with_default)]` on by default

warning: arithmetic operation that can potentially result in unexpected side-effects
  --> src/audio/mixer.rs:50:13
   |
50 |             sample_rate as usize * channels as usize * RING_CAPACITY_SECONDS,
   |             ^^^^^^^^^^^^^^^^^^^^^^^^^^^^^^^^^^^^^^^^^^^^^^^^^^^^^^^^^^^^^^^^
   |
   = help: for further information visit https://rust-lang.github.io/rust-clippy/rust-1.98.0/index.html#arithmetic_side_effects

warning: casts from `u32` to `f64` can be expressed infallibly using `From`
  --> src/audio/mixer.rs:55:13
   |
55 |             sample_rate as f64,
   |             ^^^^^^^^^^^^^^^^^^
   |
   = help: an `as` cast can become silently lossy if the types change in the future
   = help: for further information visit https://rust-lang.github.io/rust-clippy/rust-1.98.0/index.html#cast_lossless
   = note: `#[warn(clippy::cast_lossless)]` implied by `#[warn(clippy::pedantic)]`
help: use `f64::from` instead
   |
55 -             sample_rate as f64,
55 +             f64::from(sample_rate),
   |

warning: casts from `u32` to `f64` can be expressed infallibly using `From`
  --> src/audio/mixer.rs:95:42
   |
95 |         self.plugin_host.set_sample_rate(sample_rate as f64);
   |                                          ^^^^^^^^^^^^^^^^^^
   |
   = help: an `as` cast can become silently lossy if the types change in the future
   = help: for further information visit https://rust-lang.github.io/rust-clippy/rust-1.98.0/index.html#cast_lossless
help: use `f64::from` instead
   |
95 -         self.plugin_host.set_sample_rate(sample_rate as f64);
95 +         self.plugin_host.set_sample_rate(f64::from(sample_rate));
   |

warning: useless use of `format!`
   --> src/audio/mixer.rs:109:32
    |
109 |                         arg0 = format!("{}", err)
    |                                ^^^^^^^^^^^^^^^^^^ help: consider using `.to_string()`: `err.to_string()`
    |
    = help: for further information visit https://rust-lang.github.io/rust-clippy/rust-1.98.0/index.html#useless_format

warning: unused `self` argument
   --> src/audio/mixer.rs:157:17
    |
157 |     pub fn play(&self) {}
    |                 ^^^^^
    |
    = help: consider refactoring to an associated function
    = help: for further information visit https://rust-lang.github.io/rust-clippy/rust-1.98.0/index.html#unused_self
    = note: `#[warn(clippy::unused_self)]` implied by `#[warn(clippy::pedantic)]`

warning: arithmetic operation that can potentially result in unexpected side-effects
   --> src/audio/mixer.rs:169:13
    |
169 |             (TARGET_BUFFER_SECONDS * f64::from(self.sample_rate)) as usize * self.channels as usize;
    |             ^^^^^^^^^^^^^^^^^^^^^^^^^^^^^^^^^^^^^^^^^^^^^^^^^^^^^^^^^^^^^^^^^^^^^^^^^^^^^^^^^^^^^^^
    |
    = help: for further information visit https://rust-lang.github.io/rust-clippy/rust-1.98.0/index.html#arithmetic_side_effects

warning: casting `f64` to `usize` may truncate the value
   --> src/audio/mixer.rs:169:13
    |
169 |             (TARGET_BUFFER_SECONDS * f64::from(self.sample_rate)) as usize * self.channels as usize;
    |             ^^^^^^^^^^^^^^^^^^^^^^^^^^^^^^^^^^^^^^^^^^^^^^^^^^^^^^^^^^^^^^
    |
    = help: if this is intentional allow the lint with `#[allow(clippy::cast_possible_truncation)]` ...
    = help: for further information visit https://rust-lang.github.io/rust-clippy/rust-1.98.0/index.html#cast_possible_truncation
    = note: `#[warn(clippy::cast_possible_truncation)]` implied by `#[warn(clippy::pedantic)]`

warning: casting `f64` to `usize` may lose the sign of the value
   --> src/audio/mixer.rs:169:13
    |
169 |             (TARGET_BUFFER_SECONDS * f64::from(self.sample_rate)) as usize * self.channels as usize;
    |             ^^^^^^^^^^^^^^^^^^^^^^^^^^^^^^^^^^^^^^^^^^^^^^^^^^^^^^^^^^^^^^
    |
    = help: for further information visit https://rust-lang.github.io/rust-clippy/rust-1.98.0/index.html#cast_sign_loss

warning: arithmetic operation that can potentially result in unexpected side-effects
   --> src/audio/mixer.rs:172:32
    |
172 |         let samples_per_tick = needed_len / self.channels as usize;
    |                                ^^^^^^^^^^^^^^^^^^^^^^^^^^^^^^^^^^^
    |
    = help: for further information visit https://rust-lang.github.io/rust-clippy/rust-1.98.0/index.html#arithmetic_side_effects

warning: arithmetic operation that can potentially result in unexpected side-effects
   --> src/audio/mixer.rs:176:39
    |
176 |         let mut master = vec![0.0f32; samples_per_tick * self.channels as usize];
    |                                       ^^^^^^^^^^^^^^^^^^^^^^^^^^^^^^^^^^^^^^^^^
    |
    = help: for further information visit https://rust-lang.github.io/rust-clippy/rust-1.98.0/index.html#arithmetic_side_effects

warning: unused `self` argument
   --> src/audio/mixer.rs:202:30
    |
202 |     fn handle_plugin_failure(&self, spec: &str, err: &HostError) {
    |                              ^^^^^
    |
    = help: consider refactoring to an associated function
    = help: for further information visit https://rust-lang.github.io/rust-clippy/rust-1.98.0/index.html#unused_self

warning: this `if` statement can be collapsed
   --> src/audio/mixer.rs:214:13
    |
214 | /             if let Some(cached) = self.plugin_instances.remove(&key) {
215 | |                 if let Some(id) = cached.instance_id {
216 | |                     let _ = self.plugin_host.remove_plugin(id);
217 | |                 }
218 | |             }
    | |_____________^
    |
    = help: for further information visit https://rust-lang.github.io/rust-clippy/rust-1.98.0/index.html#collapsible_if
    = note: `#[warn(clippy::collapsible_if)]` on by default
help: collapse nested if block
    |
214 ~             if let Some(cached) = self.plugin_instances.remove(&key)
215 ~                 && let Some(id) = cached.instance_id {
216 |                     let _ = self.plugin_host.remove_plugin(id);
217 ~                 }
    |

warning: useless use of `format!`
   --> src/audio/mixer.rs:247:36
    |
247 | ...                   arg1 = format!("{}", err)
    |                              ^^^^^^^^^^^^^^^^^^ help: consider using `.to_string()`: `err.to_string()`
    |
    = help: for further information visit https://rust-lang.github.io/rust-clippy/rust-1.98.0/index.html#useless_format

warning: arithmetic operation that can potentially result in unexpected side-effects
   --> src/audio/mixer.rs:258:33
    |
258 |             .is_some_and(|last| (now - *last).as_secs_f64() < CONTINUITY_GAP_SECONDS);
    |                                 ^^^^^^^^^^^^^
    |
    = help: for further information visit https://rust-lang.github.io/rust-clippy/rust-1.98.0/index.html#arithmetic_side_effects

warning: casting `i64` to `f64` may cause a loss of precision (`i64` is 64 bits wide, but `f64`'s mantissa is only 52 bits wide)
   --> src/audio/mixer.rs:262:13
    |
262 |             entity.source_frame as f64 * f64::from(buffer.sample_rate) / entity.fps
    |             ^^^^^^^^^^^^^^^^^^^^^^^^^^
    |
    = help: for further information visit https://rust-lang.github.io/rust-clippy/rust-1.98.0/index.html#cast_precision_loss

warning: casting `f64` to `usize` may truncate the value
   --> src/audio/mixer.rs:276:23
    |
276 |             let idx = phase as usize;
    |                       ^^^^^^^^^^^^^^
    |
    = help: if this is intentional allow the lint with `#[allow(clippy::cast_possible_truncation)]` ...
    = help: for further information visit https://rust-lang.github.io/rust-clippy/rust-1.98.0/index.html#cast_possible_truncation

warning: casting `f64` to `usize` may lose the sign of the value
   --> src/audio/mixer.rs:276:23
    |
276 |             let idx = phase as usize;
    |                       ^^^^^^^^^^^^^^
    |
    = help: for further information visit https://rust-lang.github.io/rust-clippy/rust-1.98.0/index.html#cast_sign_loss

warning: arithmetic operation that can potentially result in unexpected side-effects
   --> src/audio/mixer.rs:277:16
    |
277 |             if idx + 1 >= buffer.frame_count() {
    |                ^^^^^^^
    |
    = help: for further information visit https://rust-lang.github.io/rust-clippy/rust-1.98.0/index.html#arithmetic_side_effects

warning: casting `f64` to `f32` may truncate the value
   --> src/audio/mixer.rs:280:24
    |
280 |             let frac = phase.fract() as f32;
    |                        ^^^^^^^^^^^^^^^^^^^^
    |
    = help: if this is intentional allow the lint with `#[allow(clippy::cast_possible_truncation)]` ...
    = help: for further information visit https://rust-lang.github.io/rust-clippy/rust-1.98.0/index.html#cast_possible_truncation

warning: indexing may panic
   --> src/audio/mixer.rs:287:13
    |
287 |             chan_l[frame_idx] = sample_l * gain_l;
    |             ^^^^^^^^^^^^^^^^^
    |
    = help: consider using `.get(n)` or `.get_mut(n)` instead
    = help: for further information visit https://rust-lang.github.io/rust-clippy/rust-1.98.0/index.html#indexing_slicing

warning: indexing may panic
   --> src/audio/mixer.rs:288:13
    |
288 |             chan_r[frame_idx] = sample_r * gain_r;
    |             ^^^^^^^^^^^^^^^^^
    |
    = help: consider using `.get(n)` or `.get_mut(n)` instead
    = help: for further information visit https://rust-lang.github.io/rust-clippy/rust-1.98.0/index.html#indexing_slicing

warning: indexing may panic
   --> src/audio/mixer.rs:295:38
    |
295 |             master[frame_idx * 2] += chan_l[frame_idx];
    |                                      ^^^^^^^^^^^^^^^^^
    |
    = help: consider using `.get(n)` or `.get_mut(n)` instead
    = help: for further information visit https://rust-lang.github.io/rust-clippy/rust-1.98.0/index.html#indexing_slicing

warning: indexing may panic
   --> src/audio/mixer.rs:295:13
    |
295 |             master[frame_idx * 2] += chan_l[frame_idx];
    |             ^^^^^^^^^^^^^^^^^^^^^
    |
    = help: consider using `.get(n)` or `.get_mut(n)` instead
    = help: for further information visit https://rust-lang.github.io/rust-clippy/rust-1.98.0/index.html#indexing_slicing

warning: arithmetic operation that can potentially result in unexpected side-effects
   --> src/audio/mixer.rs:295:20
    |
295 |             master[frame_idx * 2] += chan_l[frame_idx];
    |                    ^^^^^^^^^^^^^
    |
    = help: for further information visit https://rust-lang.github.io/rust-clippy/rust-1.98.0/index.html#arithmetic_side_effects

warning: indexing may panic
   --> src/audio/mixer.rs:296:42
    |
296 |             master[frame_idx * 2 + 1] += chan_r[frame_idx];
    |                                          ^^^^^^^^^^^^^^^^^
    |
    = help: consider using `.get(n)` or `.get_mut(n)` instead
    = help: for further information visit https://rust-lang.github.io/rust-clippy/rust-1.98.0/index.html#indexing_slicing

warning: indexing may panic
   --> src/audio/mixer.rs:296:13
    |
296 |             master[frame_idx * 2 + 1] += chan_r[frame_idx];
    |             ^^^^^^^^^^^^^^^^^^^^^^^^^
    |
    = help: consider using `.get(n)` or `.get_mut(n)` instead
    = help: for further information visit https://rust-lang.github.io/rust-clippy/rust-1.98.0/index.html#indexing_slicing

warning: arithmetic operation that can potentially result in unexpected side-effects
   --> src/audio/mixer.rs:296:20
    |
296 |             master[frame_idx * 2 + 1] += chan_r[frame_idx];
    |                    ^^^^^^^^^^^^^^^^^
    |
    = help: for further information visit https://rust-lang.github.io/rust-clippy/rust-1.98.0/index.html#arithmetic_side_effects

warning: this `if` statement can be collapsed
   --> src/audio/mixer.rs:326:17
    |
326 | /                 if let Some(old_plugin) = self.plugin_instances.remove(&key) {
327 | |                     if let Some(id) = old_plugin.instance_id {
328 | |                         let _ = self.plugin_host.remove_plugin(id);
329 | |                     }
330 | |                 }
    | |_________________^
    |
    = help: for further information visit https://rust-lang.github.io/rust-clippy/rust-1.98.0/index.html#collapsible_if
help: collapse nested if block
    |
326 ~                 if let Some(old_plugin) = self.plugin_instances.remove(&key)
327 ~                     && let Some(id) = old_plugin.instance_id {
328 |                         let _ = self.plugin_host.remove_plugin(id);
329 ~                     }
    |

warning: casting `f64` to `f32` may truncate the value
   --> src/audio/mixer.rs:371:65
    |
371 |                     .set_parameter_value(instance_id, param_id, value as f32);
    |                                                                 ^^^^^^^^^^^^
    |
    = help: if this is intentional allow the lint with `#[allow(clippy::cast_possible_truncation)]` ...
    = help: for further information visit https://rust-lang.github.io/rust-clippy/rust-1.98.0/index.html#cast_possible_truncation

warning: variables can be used directly in the `format!` string
   --> src/audio/mixer.rs:407:50
    |
407 |         maolan_host_adapter::block_plugin(spec, &format!("{}", err));
    |                                                  ^^^^^^^^^^^^^^^^^^
    |
    = help: for further information visit https://rust-lang.github.io/rust-clippy/rust-1.98.0/index.html#uninlined_format_args
    = note: `#[warn(clippy::uninlined_format_args)]` implied by `#[warn(clippy::pedantic)]`
help: change this to
    |
407 -         maolan_host_adapter::block_plugin(spec, &format!("{}", err));
407 +         maolan_host_adapter::block_plugin(spec, &format!("{err}"));
    |

warning: arithmetic operation that can potentially result in unexpected side-effects
   --> src/audio/mixer.rs:431:14
    |
431 |         .get(frame_idx * channels + ch)
    |              ^^^^^^^^^^^^^^^^^^^^^^^^^
    |
    = help: for further information visit https://rust-lang.github.io/rust-clippy/rust-1.98.0/index.html#arithmetic_side_effects

warning: arithmetic operation that can potentially result in unexpected side-effects
   --> src/audio/mixer.rs:435:14
    |
435 |         .get((frame_idx + 1) * channels + ch)
    |              ^^^^^^^^^^^^^^^^^^^^^^^^^^^^^^^
    |
    = help: for further information visit https://rust-lang.github.io/rust-clippy/rust-1.98.0/index.html#arithmetic_side_effects

warning: useless use of `format!`
  --> src/audio/plugin_registry.rs:33:24
   |
33 |                 arg0 = format!("{}", entry.name),
   |                        ^^^^^^^^^^^^^^^^^^^^^^^^^ help: consider using `.to_string()`: `entry.name.to_string()`
   |
   = help: for further information visit https://rust-lang.github.io/rust-clippy/rust-1.98.0/index.html#useless_format

warning: assigning the result of `Clone::clone()` may be inefficient
  --> src/audio/plugin_registry.rs:77:5
   |
77 |     *registry_lock().lock().unwrap() = entries.clone();
   |     ^^^^^^^^^^^^^^^^^^^^^^^^^^^^^^^^^^^^^^^^^^^^^^^^^^ help: use `clone_from()`: `(*registry_lock().lock().unwrap()).clone_from(&entries)`
   |
   = help: for further information visit https://rust-lang.github.io/rust-clippy/rust-1.98.0/index.html#assigning_clones
   = note: `#[warn(clippy::assigning_clones)]` implied by `#[warn(clippy::pedantic)]`

warning: arithmetic operation that can potentially result in unexpected side-effects
  --> src/easings/registry.rs:35:21
   |
35 |         let mut n = self.entries.len() + 1;
   |                     ^^^^^^^^^^^^^^^^^^^^^^
   |
   = help: for further information visit https://rust-lang.github.io/rust-clippy/rust-1.98.0/index.html#arithmetic_side_effects

warning: arithmetic operation that can potentially result in unexpected side-effects
  --> src/easings/registry.rs:41:13
   |
41 |             n += 1;
   |             ^^^^^^
   |
   = help: for further information visit https://rust-lang.github.io/rust-clippy/rust-1.98.0/index.html#arithmetic_side_effects

warning: arithmetic operation that can potentially result in unexpected side-effects
  --> src/easings/registry.rs:48:9
   |
48 |         self.entries.len() - 1
   |         ^^^^^^^^^^^^^^^^^^^^^^
   |
   = help: for further information visit https://rust-lang.github.io/rust-clippy/rust-1.98.0/index.html#arithmetic_side_effects

warning: this argument is passed by value, but not consumed in the function body
  --> src/easings/registry.rs:51:50
   |
51 |     pub fn rename(&mut self, index: usize, name: String) {
   |                                                  ^^^^^^ help: consider changing the type to: `&str`
   |
   = help: for further information visit https://rust-lang.github.io/rust-clippy/rust-1.98.0/index.html#needless_pass_by_value

warning: redundant guard
  --> src/ecs/audio_plugins.rs:71:18
   |
71 |             x if x == 0 => PluginFormat::Vst3,
   |                  ^^^^^^
   |
   = help: for further information visit https://rust-lang.github.io/rust-clippy/rust-1.98.0/index.html#redundant_guards
   = note: `#[warn(clippy::redundant_guards)]` on by default
help: try
   |
71 -             x if x == 0 => PluginFormat::Vst3,
71 +             0 => PluginFormat::Vst3,
   |

warning: redundant guard
  --> src/ecs/audio_plugins.rs:72:18
   |
72 |             x if x == 1 => PluginFormat::Clap,
   |                  ^^^^^^
   |
   = help: for further information visit https://rust-lang.github.io/rust-clippy/rust-1.98.0/index.html#redundant_guards
help: try
   |
72 -             x if x == 1 => PluginFormat::Clap,
72 +             1 => PluginFormat::Clap,
   |

warning: redundant guard
  --> src/ecs/audio_plugins.rs:73:18
   |
73 |             x if x == 2 => PluginFormat::Lv2,
   |                  ^^^^^^
   |
   = help: for further information visit https://rust-lang.github.io/rust-clippy/rust-1.98.0/index.html#redundant_guards
help: try
   |
73 -             x if x == 2 => PluginFormat::Lv2,
73 +             2 => PluginFormat::Lv2,
   |

warning: redundant guard
  --> src/ecs/audio_plugins.rs:74:18
   |
74 |             x if x == 3 => PluginFormat::Vst2,
   |                  ^^^^^^
   |
   = help: for further information visit https://rust-lang.github.io/rust-clippy/rust-1.98.0/index.html#redundant_guards
help: try
   |
74 -             x if x == 3 => PluginFormat::Vst2,
74 +             3 => PluginFormat::Vst2,
   |

warning: redundant guard
  --> src/ecs/audio_plugins.rs:75:18
   |
75 |             x if x == 4 => PluginFormat::Au,
   |                  ^^^^^^
   |
   = help: for further information visit https://rust-lang.github.io/rust-clippy/rust-1.98.0/index.html#redundant_guards
help: try
   |
75 -             x if x == 4 => PluginFormat::Au,
75 +             4 => PluginFormat::Au,
   |

warning: redundant guard
  --> src/ecs/audio_plugins.rs:76:18
   |
76 |             x if x == 5 => PluginFormat::Sf2,
   |                  ^^^^^^
   |
   = help: for further information visit https://rust-lang.github.io/rust-clippy/rust-1.98.0/index.html#redundant_guards
help: try
   |
76 -             x if x == 5 => PluginFormat::Sf2,
76 +             5 => PluginFormat::Sf2,
   |

warning: redundant guard
  --> src/ecs/audio_plugins.rs:77:18
   |
77 |             x if x == 6 => PluginFormat::Sfz,
   |                  ^^^^^^
   |
   = help: for further information visit https://rust-lang.github.io/rust-clippy/rust-1.98.0/index.html#redundant_guards
help: try
   |
77 -             x if x == 6 => PluginFormat::Sfz,
77 +             6 => PluginFormat::Sfz,
   |

warning: redundant guard
  --> src/ecs/audio_plugins.rs:78:18
   |
78 |             x if x == 7 => PluginFormat::Jsfx,
   |                  ^^^^^^
   |
   = help: for further information visit https://rust-lang.github.io/rust-clippy/rust-1.98.0/index.html#redundant_guards
help: try
   |
78 -             x if x == 7 => PluginFormat::Jsfx,
78 +             7 => PluginFormat::Jsfx,
   |

warning: this `impl` can be derived
  --> src/ecs/components/clip_target.rs:15:1
   |
15 | / impl Default for ClipMode {
16 | |     fn default() -> Self {
17 | |         ClipMode::Alpha
18 | |     }
19 | | }
   | |_^
   |
   = help: for further information visit https://rust-lang.github.io/rust-clippy/rust-1.98.0/index.html#derivable_impls
   = note: `#[warn(clippy::derivable_impls)]` on by default
help: replace the manual implementation with a derive attribute and mark the default variant
   |
 7 + #[derive(Default)]
 8 | pub enum ClipMode {
 9 ~     #[default]
10 ~     Alpha = 0,
   |

warning: casting `u32` to `f32` may cause a loss of precision (`u32` is 32 bits wide, but `f32`'s mantissa is only 23 bits wide)
   --> src/ecs/components/clip_target.rs:102:35
    |
102 |             "layer_count_down" => self.layer_count_down as f32,
    |                                   ^^^^^^^^^^^^^^^^^^^^^^^^^^^^
    |
    = help: for further information visit https://rust-lang.github.io/rust-clippy/rust-1.98.0/index.html#cast_precision_loss

warning: casting `u32` to `f32` may cause a loss of precision (`u32` is 32 bits wide, but `f32`'s mantissa is only 23 bits wide)
   --> src/ecs/components/clip_target.rs:103:33
    |
103 |             "layer_count_up" => self.layer_count_up as f32,
    |                                 ^^^^^^^^^^^^^^^^^^^^^^^^^^
    |
    = help: for further information visit https://rust-lang.github.io/rust-clippy/rust-1.98.0/index.html#cast_precision_loss

warning: casts from `u8` to `f32` can be expressed infallibly using `From`
   --> src/ecs/components/clip_target.rs:104:23
    |
104 |             "mode" => self.mode as u8 as f32,
    |                       ^^^^^^^^^^^^^^^^^^^^^^
    |
    = help: an `as` cast can become silently lossy if the types change in the future
    = help: for further information visit https://rust-lang.github.io/rust-clippy/rust-1.98.0/index.html#cast_lossless
help: use `f32::from` instead
    |
104 -             "mode" => self.mode as u8 as f32,
104 +             "mode" => f32::from(self.mode as u8),
    |

warning: casting `f32` to `u32` may truncate the value
   --> src/ecs/components/clip_target.rs:127:59
    |
127 |             "layer_count_down" => self.layer_count_down = value.max(0.0) as u32,
    |                                                           ^^^^^^^^^^^^^^^^^^^^^
    |
    = help: if this is intentional allow the lint with `#[allow(clippy::cast_possible_truncation)]` ...
    = help: for further information visit https://rust-lang.github.io/rust-clippy/rust-1.98.0/index.html#cast_possible_truncation

warning: casting `f32` to `u32` may lose the sign of the value
   --> src/ecs/components/clip_target.rs:127:59
    |
127 |             "layer_count_down" => self.layer_count_down = value.max(0.0) as u32,
    |                                                           ^^^^^^^^^^^^^^^^^^^^^
    |
    = help: for further information visit https://rust-lang.github.io/rust-clippy/rust-1.98.0/index.html#cast_sign_loss

warning: casting `f32` to `u32` may truncate the value
   --> src/ecs/components/clip_target.rs:128:55
    |
128 |             "layer_count_up" => self.layer_count_up = value.max(0.0) as u32,
    |                                                       ^^^^^^^^^^^^^^^^^^^^^
    |
    = help: if this is intentional allow the lint with `#[allow(clippy::cast_possible_truncation)]` ...
    = help: for further information visit https://rust-lang.github.io/rust-clippy/rust-1.98.0/index.html#cast_possible_truncation

warning: casting `f32` to `u32` may lose the sign of the value
   --> src/ecs/components/clip_target.rs:128:55
    |
128 |             "layer_count_up" => self.layer_count_up = value.max(0.0) as u32,
    |                                                       ^^^^^^^^^^^^^^^^^^^^^
    |
    = help: for further information visit https://rust-lang.github.io/rust-clippy/rust-1.98.0/index.html#cast_sign_loss

warning: casting `f32` to `u8` may truncate the value
   --> src/ecs/components/clip_target.rs:130:35
    |
130 |                 self.mode = match value.round() as u8 {
    |                                   ^^^^^^^^^^^^^^^^^^^
    |
    = help: if this is intentional allow the lint with `#[allow(clippy::cast_possible_truncation)]` ...
    = help: for further information visit https://rust-lang.github.io/rust-clippy/rust-1.98.0/index.html#cast_possible_truncation

warning: casting `f32` to `u8` may lose the sign of the value
   --> src/ecs/components/clip_target.rs:130:35
    |
130 |                 self.mode = match value.round() as u8 {
    |                                   ^^^^^^^^^^^^^^^^^^^
    |
    = help: for further information visit https://rust-lang.github.io/rust-clippy/rust-1.98.0/index.html#cast_sign_loss

warning: this `if` statement can be collapsed
  --> src/ecs/components/expression.rs:46:9
   |
46 | /         if let Some(old) = self.bindings.get(prop_key) {
47 | |             if old.compiled_handle != 0 {
48 | |                 unsafe {
49 | |                     (STANDARD_EXPRESSION_ENGINE_VTABLE.release)(old.compiled_handle);
...  |
52 | |         }
   | |_________^
   |
   = help: for further information visit https://rust-lang.github.io/rust-clippy/rust-1.98.0/index.html#collapsible_if
help: collapse nested if block
   |
46 ~         if let Some(old) = self.bindings.get(prop_key)
47 ~             && old.compiled_handle != 0 {
48 |                 unsafe {
49 |                     (STANDARD_EXPRESSION_ENGINE_VTABLE.release)(old.compiled_handle);
50 |                 }
51 ~             }
   |

warning: casting `u32` to `f32` may cause a loss of precision (`u32` is 32 bits wide, but `f32`'s mantissa is only 23 bits wide)
   --> src/ecs/components/group_control.rs:115:35
    |
115 |             "layer_count_down" => self.layer_count_down as f32,
    |                                   ^^^^^^^^^^^^^^^^^^^^^^^^^^^^
    |
    = help: for further information visit https://rust-lang.github.io/rust-clippy/rust-1.98.0/index.html#cast_precision_loss

warning: casting `u32` to `f32` may cause a loss of precision (`u32` is 32 bits wide, but `f32`'s mantissa is only 23 bits wide)
   --> src/ecs/components/group_control.rs:116:33
    |
116 |             "layer_count_up" => self.layer_count_up as f32,
    |                                 ^^^^^^^^^^^^^^^^^^^^^^^^^^
    |
    = help: for further information visit https://rust-lang.github.io/rust-clippy/rust-1.98.0/index.html#cast_precision_loss

warning: casting `i32` to `f32` may cause a loss of precision (`i32` is 32 bits wide, but `f32`'s mantissa is only 23 bits wide)
   --> src/ecs/components/group_control.rs:128:43
    |
128 |             "camera_target_layer_mode" => target_layer_mode_to_i32(cam.target_layer_mode).0 as f32,
    |                                           ^^^^^^^^^^^^^^^^^^^^^^^^^^^^^^^^^^^^^^^^^^^^^^^^^^^^^^^^
    |
    = help: for further information visit https://rust-lang.github.io/rust-clippy/rust-1.98.0/index.html#cast_precision_loss

warning: casting `i32` to `f32` may cause a loss of precision (`i32` is 32 bits wide, but `f32`'s mantissa is only 23 bits wide)
   --> src/ecs/components/group_control.rs:129:38
    |
129 |             "camera_target_layer" => target_layer_mode_to_i32(cam.target_layer_mode).1 as f32,
    |                                      ^^^^^^^^^^^^^^^^^^^^^^^^^^^^^^^^^^^^^^^^^^^^^^^^^^^^^^^^
    |
    = help: for further information visit https://rust-lang.github.io/rust-clippy/rust-1.98.0/index.html#cast_precision_loss

warning: casting `f32` to `u32` may truncate the value
   --> src/ecs/components/group_control.rs:150:41
    |
150 |                 self.layer_count_down = value.max(0.0) as u32;
    |                                         ^^^^^^^^^^^^^^^^^^^^^
    |
    = help: if this is intentional allow the lint with `#[allow(clippy::cast_possible_truncation)]` ...
    = help: for further information visit https://rust-lang.github.io/rust-clippy/rust-1.98.0/index.html#cast_possible_truncation

warning: casting `f32` to `u32` may lose the sign of the value
   --> src/ecs/components/group_control.rs:150:41
    |
150 |                 self.layer_count_down = value.max(0.0) as u32;
    |                                         ^^^^^^^^^^^^^^^^^^^^^
    |
    = help: for further information visit https://rust-lang.github.io/rust-clippy/rust-1.98.0/index.html#cast_sign_loss

warning: casting `f32` to `u32` may truncate the value
   --> src/ecs/components/group_control.rs:154:39
    |
154 |                 self.layer_count_up = value.max(0.0) as u32;
    |                                       ^^^^^^^^^^^^^^^^^^^^^
    |
    = help: if this is intentional allow the lint with `#[allow(clippy::cast_possible_truncation)]` ...
    = help: for further information visit https://rust-lang.github.io/rust-clippy/rust-1.98.0/index.html#cast_possible_truncation

warning: casting `f32` to `u32` may lose the sign of the value
   --> src/ecs/components/group_control.rs:154:39
    |
154 |                 self.layer_count_up = value.max(0.0) as u32;
    |                                       ^^^^^^^^^^^^^^^^^^^^^
    |
    = help: for further information visit https://rust-lang.github.io/rust-clippy/rust-1.98.0/index.html#cast_sign_loss

warning: casting `f32` to `i32` may truncate the value
   --> src/ecs/components/group_control.rs:181:68
    |
181 |                 cam.target_layer_mode = target_layer_mode_from_i32(value as i32, layer);
    |                                                                    ^^^^^^^^^^^^
    |
    = help: if this is intentional allow the lint with `#[allow(clippy::cast_possible_truncation)]` ...
    = help: for further information visit https://rust-lang.github.io/rust-clippy/rust-1.98.0/index.html#cast_possible_truncation

warning: casting `f32` to `i32` may truncate the value
   --> src/ecs/components/group_control.rs:184:71
    |
184 |                 cam.target_layer_mode = target_layer_mode_from_i32(2, value as i32);
    |                                                                       ^^^^^^^^^^^^
    |
    = help: if this is intentional allow the lint with `#[allow(clippy::cast_possible_truncation)]` ...
    = help: for further information visit https://rust-lang.github.io/rust-clippy/rust-1.98.0/index.html#cast_possible_truncation

warning: indexing may panic
  --> src/ecs/components/shape_misc.rs:34:13
   |
34 |             fill_color[idx] = *v;
   |             ^^^^^^^^^^^^^^^
   |
   = help: consider using `.get(n)` or `.get_mut(n)` instead
   = help: for further information visit https://rust-lang.github.io/rust-clippy/rust-1.98.0/index.html#indexing_slicing

warning: indexing may panic
  --> src/ecs/components/shape_misc.rs:38:13
   |
38 |             stroke_color[idx] = *v;
   |             ^^^^^^^^^^^^^^^^^
   |
   = help: consider using `.get(n)` or `.get_mut(n)` instead
   = help: for further information visit https://rust-lang.github.io/rust-clippy/rust-1.98.0/index.html#indexing_slicing

warning: casting `u32` to `f32` may cause a loss of precision (`u32` is 32 bits wide, but `f32`'s mantissa is only 23 bits wide)
  --> src/ecs/components/shape_misc.rs:65:24
   |
65 |             "sides" => self.sides as f32,
   |                        ^^^^^^^^^^^^^^^^^
   |
   = help: for further information visit https://rust-lang.github.io/rust-clippy/rust-1.98.0/index.html#cast_precision_loss

warning: casting `f32` to `u32` may truncate the value
  --> src/ecs/components/shape_misc.rs:77:37
   |
77 |             "sides" => self.sides = value.max(3.0) as u32,
   |                                     ^^^^^^^^^^^^^^^^^^^^^
   |
   = help: if this is intentional allow the lint with `#[allow(clippy::cast_possible_truncation)]` ...
   = help: for further information visit https://rust-lang.github.io/rust-clippy/rust-1.98.0/index.html#cast_possible_truncation

warning: casting `f32` to `u32` may lose the sign of the value
  --> src/ecs/components/shape_misc.rs:77:37
   |
77 |             "sides" => self.sides = value.max(3.0) as u32,
   |                                     ^^^^^^^^^^^^^^^^^^^^^
   |
   = help: for further information visit https://rust-lang.github.io/rust-clippy/rust-1.98.0/index.html#cast_sign_loss

warning: you seem to be trying to use `match` for destructuring a single pattern. Consider using `if let`
   --> src/ecs/components/shape_misc.rs:106:9
    |
106 | /         match track.iter_mut().find(|k| k.frame == frame) {
107 | |             Some(existing) => {
108 | |                 existing.value = value;
109 | |                 existing.engine_id = engine_id;
...   |
122 | |         }
    | |_________^
    |
    = help: for further information visit https://rust-lang.github.io/rust-clippy/rust-1.98.0/index.html#single_match_else
    = note: `#[warn(clippy::single_match_else)]` implied by `#[warn(clippy::pedantic)]`
help: try
    |
106 ~         if let Some(existing) = track.iter_mut().find(|k| k.frame == frame) {
107 +             existing.value = value;
108 +             existing.engine_id = engine_id;
109 +             existing.engine_payload = engine_payload;
110 +             existing.edit_seq = crate::ecs::types::next_edit_seq();
111 +         } else {
112 +             track.push(crate::ecs::types::Keyframe::new(
113 +                 frame,
114 +                 value,
115 +                 engine_id,
116 +                 engine_payload,
117 +             ));
118 +             track.sort_by_key(|k| k.frame);
119 +         }
    |

warning: it is more concise to loop over references to containers instead of using explicit iteration methods
   --> src/ecs/components/shape_misc.rs:169:29
    |
169 |         for (key, track) in self.0.iter_mut() {
    |                             ^^^^^^^^^^^^^^^^^ help: to write this more concisely, try: `&mut self.0`
    |
    = help: for further information visit https://rust-lang.github.io/rust-clippy/rust-1.98.0/index.html#explicit_iter_loop
    = note: `#[warn(clippy::explicit_iter_loop)]` implied by `#[warn(clippy::pedantic)]`

warning: indexing may panic
  --> src/ecs/components/text.rs:54:13
   |
54 |             color[idx] = *v;
   |             ^^^^^^^^^^
   |
   = help: consider using `.get(n)` or `.get_mut(n)` instead
   = help: for further information visit https://rust-lang.github.io/rust-clippy/rust-1.98.0/index.html#indexing_slicing

warning: indexing may panic
  --> src/ecs/components/text.rs:58:13
   |
58 |             outline_color[idx] = *v;
   |             ^^^^^^^^^^^^^^^^^^
   |
   = help: consider using `.get(n)` or `.get_mut(n)` instead
   = help: for further information visit https://rust-lang.github.io/rust-clippy/rust-1.98.0/index.html#indexing_slicing

warning: casts from `u8` to `f32` can be expressed infallibly using `From`
   --> src/ecs/components/text.rs:102:24
    |
102 |             "align" => self.align as u8 as f32,
    |                        ^^^^^^^^^^^^^^^^^^^^^^^
    |
    = help: an `as` cast can become silently lossy if the types change in the future
    = help: for further information visit https://rust-lang.github.io/rust-clippy/rust-1.98.0/index.html#cast_lossless
help: use `f32::from` instead
    |
102 -             "align" => self.align as u8 as f32,
102 +             "align" => f32::from(self.align as u8),
    |

warning: casting `f32` to `i32` may truncate the value
   --> src/ecs/components/text.rs:118:36
    |
118 |                 self.align = match value.round() as i32 {
    |                                    ^^^^^^^^^^^^^^^^^^^^
    |
    = help: if this is intentional allow the lint with `#[allow(clippy::cast_possible_truncation)]` ...
    = help: for further information visit https://rust-lang.github.io/rust-clippy/rust-1.98.0/index.html#cast_possible_truncation

warning: casting `f32` to `i32` may truncate the value
  --> src/ecs/components/time_remap.rs:19:9
   |
19 | /         self.keyframes
20 | |             .evaluate(layer_frame, fallback as f32)
21 | |             .round() as i32
   | |___________________________^
   |
   = help: if this is intentional allow the lint with `#[allow(clippy::cast_possible_truncation)]` ...
   = help: for further information visit https://rust-lang.github.io/rust-clippy/rust-1.98.0/index.html#cast_possible_truncation

warning: casting `i32` to `f32` may cause a loss of precision (`i32` is 32 bits wide, but `f32`'s mantissa is only 23 bits wide)
  --> src/ecs/components/time_remap.rs:20:36
   |
20 |             .evaluate(layer_frame, fallback as f32)
   |                                    ^^^^^^^^^^^^^^^
   |
   = help: for further information visit https://rust-lang.github.io/rust-clippy/rust-1.98.0/index.html#cast_precision_loss

warning: you seem to be trying to use `match` for destructuring a single pattern. Consider using `if let`
  --> src/ecs/components/time_remap.rs:25:9
   |
25 | /         match self.keyframes.iter_mut().find(|k| k.frame == frame) {
26 | |             Some(existing) => {
27 | |                 existing.value = value as f32;
28 | |                 existing.engine_id = engine_id;
...  |
36 | |         }
   | |_________^
   |
   = help: for further information visit https://rust-lang.github.io/rust-clippy/rust-1.98.0/index.html#single_match_else
help: try
   |
25 ~         if let Some(existing) = self.keyframes.iter_mut().find(|k| k.frame == frame) {
26 +             existing.value = value as f32;
27 +             existing.engine_id = engine_id;
28 +             existing.edit_seq = next_edit_seq();
29 +         } else {
30 +             self.keyframes
31 +                 .push(Keyframe::new(frame, value as f32, engine_id, Vec::new()));
32 +             self.keyframes.sort_by_key(|k| k.frame);
33 +         }
   |

warning: casting `i32` to `f32` may cause a loss of precision (`i32` is 32 bits wide, but `f32`'s mantissa is only 23 bits wide)
  --> src/ecs/components/time_remap.rs:27:34
   |
27 |                 existing.value = value as f32;
   |                                  ^^^^^^^^^^^^
   |
   = help: for further information visit https://rust-lang.github.io/rust-clippy/rust-1.98.0/index.html#cast_precision_loss

warning: casting `i32` to `f32` may cause a loss of precision (`i32` is 32 bits wide, but `f32`'s mantissa is only 23 bits wide)
  --> src/ecs/components/time_remap.rs:33:48
   |
33 |                     .push(Keyframe::new(frame, value as f32, engine_id, Vec::new()));
   |                                                ^^^^^^^^^^^^
   |
   = help: for further information visit https://rust-lang.github.io/rust-clippy/rust-1.98.0/index.html#cast_precision_loss

warning: this `impl` can be derived
  --> src/ecs/components/mod.rs:35:1
   |
35 | / impl Default for BlendMode {
36 | |     fn default() -> Self {
37 | |         Self::Normal
38 | |     }
39 | | }
   | |_^
   |
   = help: for further information visit https://rust-lang.github.io/rust-clippy/rust-1.98.0/index.html#derivable_impls
help: replace the manual implementation with a derive attribute and mark the default variant
   |
23 + #[derive(Default)]
24 | pub enum BlendMode {
25 ~     #[default]
26 ~     Normal,
   |

warning: these match arms have identical bodies
  --> src/ecs/effects.rs:28:21
   |
28 |                     ParamKind::FilePath => Value::FilePath(String::new()),
   |                     ^^^^^^^^^^^^^^^^^^^^^^^^^^^^^^^^^^^^^^^^^^^^^^^^^^^^^
...
32 |                     ParamKind::Folder => Value::FilePath(String::new()),
   |                     ^^^^^^^^^^^^^^^^^^^^^^^^^^^^^^^^^^^^^^^^^^^^^^^^^^^
   |
   = help: if this is unintentional make the arms return different values
   = help: for further information visit https://rust-lang.github.io/rust-clippy/rust-1.98.0/index.html#match_same_arms
help: otherwise merge the patterns into a single arm
   |
28 ~                     ParamKind::FilePath | ParamKind::Folder => Value::FilePath(String::new()),
29 |                     ParamKind::Track => Value::TrackRef(-1),
30 |                     ParamKind::Float | ParamKind::Color => Value::Number(p.default_float),
31 |                     ParamKind::Separator | ParamKind::Group => continue,
32 ~                     };
   |

warning: casting `f32` to `u32` may truncate the value
  --> src/ecs/effects.rs:26:52
   |
26 |                     ParamKind::Enum => Value::Enum(p.default_float as u32),
   |                                                    ^^^^^^^^^^^^^^^^^^^^^^
   |
   = help: if this is intentional allow the lint with `#[allow(clippy::cast_possible_truncation)]` ...
   = help: for further information visit https://rust-lang.github.io/rust-clippy/rust-1.98.0/index.html#cast_possible_truncation

warning: casting `f32` to `u32` may lose the sign of the value
  --> src/ecs/effects.rs:26:52
   |
26 |                     ParamKind::Enum => Value::Enum(p.default_float as u32),
   |                                                    ^^^^^^^^^^^^^^^^^^^^^^
   |
   = help: for further information visit https://rust-lang.github.io/rust-clippy/rust-1.98.0/index.html#cast_sign_loss

warning: it is more concise to loop over references to containers instead of using explicit iteration methods
   --> src/ecs/effects.rs:121:37
    |
121 |                 for (key, param) in e.params.iter_mut() {
    |                                     ^^^^^^^^^^^^^^^^^^^ help: to write this more concisely, try: `&mut e.params`
    |
    = help: for further information visit https://rust-lang.github.io/rust-clippy/rust-1.98.0/index.html#explicit_iter_loop

warning: returning a `str` unnecessarily tied to the lifetime of arguments
 --> src/ecs/history.rs:7:30
  |
7 |     fn description(&self) -> &str {
  |                              ^^^^ help: try: `&'static str`
  |
  = help: for further information visit https://rust-lang.github.io/rust-clippy/rust-1.98.0/index.html#unnecessary_literal_bound
  = note: `#[warn(clippy::unnecessary_literal_bound)]` implied by `#[warn(clippy::pedantic)]`

warning: variables can be used directly in the `format!` string
   --> src/ecs/history.rs:130:20
    |
130 |         let desc = format!("Change {} to {}", key, new_value);
    |                    ^^^^^^^^^^^^^^^^^^^^^^^^^^^^^^^^^^^^^^^^^^
    |
    = help: for further information visit https://rust-lang.github.io/rust-clippy/rust-1.98.0/index.html#uninlined_format_args
help: change this to
    |
130 -         let desc = format!("Change {} to {}", key, new_value);
130 +         let desc = format!("Change {key} to {new_value}");
    |

warning: this `if` statement can be collapsed
   --> src/ecs/history.rs:181:21
    |
181 | /                     if let Ok(mut stack) = (&mut stacks).get(entity) {
182 | |                         if let Some(inst) = stack.0.get_mut(effect_index) {
183 | |                             if let Some(param) = inst.params.get_mut(key) {
184 | |                                 param.static_value = crate::ecs::types::Value::Number(value);
...   |
187 | |                     }
    | |_____________________^
    |
    = help: for further information visit https://rust-lang.github.io/rust-clippy/rust-1.98.0/index.html#collapsible_if
help: collapse nested if block
    |
181 ~                     if let Ok(mut stack) = (&mut stacks).get(entity)
182 ~                         && let Some(inst) = stack.0.get_mut(effect_index) {
183 |                             if let Some(param) = inst.params.get_mut(key) {
184 |                                 param.static_value = crate::ecs::types::Value::Number(value);
185 |                             }
186 ~                         }
    |

warning: this `if` statement can be collapsed
   --> src/ecs/history.rs:182:25
    |
182 | /                         if let Some(inst) = stack.0.get_mut(effect_index) {
183 | |                             if let Some(param) = inst.params.get_mut(key) {
184 | |                                 param.static_value = crate::ecs::types::Value::Number(value);
185 | |                             }
186 | |                         }
    | |_________________________^
    |
    = help: for further information visit https://rust-lang.github.io/rust-clippy/rust-1.98.0/index.html#collapsible_if
help: collapse nested if block
    |
182 ~                         if let Some(inst) = stack.0.get_mut(effect_index)
183 ~                             && let Some(param) = inst.params.get_mut(key) {
184 |                                 param.static_value = crate::ecs::types::Value::Number(value);
185 ~                             }
    |

warning: this `if` statement can be collapsed
   --> src/ecs/history.rs:214:25
    |
214 | /                         if let Ok(stack) = stacks.get(entity) {
215 | |                             if let Some(inst) = stack.0.get(effect_index) {
216 | |                                 if let Some(param) = inst.params.get(key_str) {
217 | |                                     if let crate::ecs::types::Value::Number(val) =
...   |
224 | |                         }
    | |_________________________^
    |
    = help: for further information visit https://rust-lang.github.io/rust-clippy/rust-1.98.0/index.html#collapsible_if
help: collapse nested if block
    |
214 ~                         if let Ok(stack) = stacks.get(entity)
215 ~                             && let Some(inst) = stack.0.get(effect_index) {
216 |                                 if let Some(param) = inst.params.get(key_str) {
...
222 |                                 }
223 ~                             }
    |

warning: this `if` statement can be collapsed
   --> src/ecs/history.rs:215:29
    |
215 | / ...                   if let Some(inst) = stack.0.get(effect_index) {
216 | | ...                       if let Some(param) = inst.params.get(key_str) {
217 | | ...                           if let crate::ecs::types::Value::Number(val) =
218 | | ...                               param.static_value
...   |
223 | | ...                   }
    | |_______________________^
    |
    = help: for further information visit https://rust-lang.github.io/rust-clippy/rust-1.98.0/index.html#collapsible_if
help: collapse nested if block
    |
215 ~                             if let Some(inst) = stack.0.get(effect_index)
216 ~                                 && let Some(param) = inst.params.get(key_str) {
217 |                                     if let crate::ecs::types::Value::Number(val) =
...
221 |                                     }
222 ~                                 }
    |

warning: this `if` statement can be collapsed
   --> src/ecs/history.rs:216:33
    |
216 | / ...                   if let Some(param) = inst.params.get(key_str) {
217 | | ...                       if let crate::ecs::types::Value::Number(val) =
218 | | ...                           param.static_value
...   |
222 | | ...                   }
    | |_______________________^
    |
    = help: for further information visit https://rust-lang.github.io/rust-clippy/rust-1.98.0/index.html#collapsible_if
help: collapse nested if block
    |
216 ~                                 if let Some(param) = inst.params.get(key_str)
217 ~                                     && let crate::ecs::types::Value::Number(val) =
218 |                                         param.static_value
219 |                                     {
220 |                                         return Some(val);
221 ~                                     }
    |

warning: arithmetic operation that can potentially result in unexpected side-effects
   --> src/ecs/history.rs:253:13
    |
253 |             pushed_count += 1;
    |             ^^^^^^^^^^^^^^^^^
    |
    = help: for further information visit https://rust-lang.github.io/rust-clippy/rust-1.98.0/index.html#arithmetic_side_effects

warning: adding items after statements is confusing, since items exist from the start of the scope
   --> src/ecs/history.rs:277:5
    |
277 |     const CAPACITY: usize = 16;
    |     ^^^^^^^^^^^^^^^^^^^^^^^^^^^
    |
    = help: for further information visit https://rust-lang.github.io/rust-clippy/rust-1.98.0/index.html#items_after_statements
    = note: `#[warn(clippy::items_after_statements)]` implied by `#[warn(clippy::pedantic)]`

warning: casting `usize` to `u32` may truncate the value on targets with 64-bit wide pointers
   --> src/ecs/history.rs:297:59
    |
297 |         let count = unsafe { poll_fn(buffer.as_mut_ptr(), CAPACITY as u32) };
    |                                                           ^^^^^^^^^^^^^^^
    |
    = help: if this is intentional allow the lint with `#[allow(clippy::cast_possible_truncation)]` ...
    = help: for further information visit https://rust-lang.github.io/rust-clippy/rust-1.98.0/index.html#cast_possible_truncation
help: ... or use `try_from` and handle the error accordingly
    |
297 -         let count = unsafe { poll_fn(buffer.as_mut_ptr(), CAPACITY as u32) };
297 +         let count = unsafe { poll_fn(buffer.as_mut_ptr(), u32::try_from(CAPACITY)) };
    |

warning: slicing may panic
   --> src/ecs/history.rs:301:74
    |
301 |                 process_writeback_items(world, object_id, effect_index, &buffer[..valid_count]);
    |                                                                          ^^^^^^^^^^^^^^^^^^^^^
    |
    = help: consider using `.get(..n)`or `.get_mut(..n)` instead
    = help: for further information visit https://rust-lang.github.io/rust-clippy/rust-1.98.0/index.html#indexing_slicing

warning: arithmetic operation that can potentially result in unexpected side-effects
   --> src/ecs/history.rs:302:13
    |
302 |             total_pushed += pushed;
    |             ^^^^^^^^^^^^^^^^^^^^^^
    |
    = help: for further information visit https://rust-lang.github.io/rust-clippy/rust-1.98.0/index.html#arithmetic_side_effects

warning: casting `usize` to `f32` may cause a loss of precision (`usize` can be up to 64 bits wide depending on the target architecture, but `f32`'s mantissa is only 23 bits wide)
  --> src/ecs/object_schema.rs:92:34
   |
92 |         range: Range::Fixed(0.0, (options.len() - 1) as f32),
   |                                  ^^^^^^^^^^^^^^^^^^^^^^^^^^
   |
   = help: for further information visit https://rust-lang.github.io/rust-clippy/rust-1.98.0/index.html#cast_precision_loss

warning: arithmetic operation that can potentially result in unexpected side-effects
  --> src/ecs/object_schema.rs:92:34
   |
92 |         range: Range::Fixed(0.0, (options.len() - 1) as f32),
   |                                  ^^^^^^^^^^^^^^^^^^^
   |
   = help: for further information visit https://rust-lang.github.io/rust-clippy/rust-1.98.0/index.html#arithmetic_side_effects

warning: this `if` statement can be collapsed
  --> src/ecs/resources/preset_store.rs:30:9
   |
30 | /         if let Ok(xdg) = std::env::var("XDG_CONFIG_HOME") {
31 | |             if !xdg.is_empty() {
32 | |                 return PathBuf::from(xdg).join("neoutl").join("presets");
33 | |             }
34 | |         }
   | |_________^
   |
   = help: for further information visit https://rust-lang.github.io/rust-clippy/rust-1.98.0/index.html#collapsible_if
help: collapse nested if block
   |
30 ~         if let Ok(xdg) = std::env::var("XDG_CONFIG_HOME")
31 ~             && !xdg.is_empty() {
32 |                 return PathBuf::from(xdg).join("neoutl").join("presets");
33 ~             }
   |

warning: this `if` statement can be collapsed
  --> src/ecs/resources/preset_store.rs:35:9
   |
35 | /         if let Ok(home) = std::env::var("HOME") {
36 | |             if !home.is_empty() {
37 | |                 return PathBuf::from(home)
38 | |                     .join(".config")
...  |
42 | |         }
   | |_________^
   |
   = help: for further information visit https://rust-lang.github.io/rust-clippy/rust-1.98.0/index.html#collapsible_if
help: collapse nested if block
   |
35 ~         if let Ok(home) = std::env::var("HOME")
36 ~             && !home.is_empty() {
37 |                 return PathBuf::from(home)
...
40 |                     .join("presets");
41 ~             }
   |

warning: this `if` statement can be collapsed
   --> src/ecs/resources/preset_store.rs:113:25
    |
113 | /                         if preset_path.extension().and_then(|ext| ext.to_str()) == Some("json") {
114 | |                             if let Ok(content) = fs::read_to_string(&preset_path) {
115 | |                                 if let Ok(data) = serde_json::from_str::<PresetData>(&content) {
116 | |                                     list.push(data);
...   |
119 | |                         }
    | |_________________________^
    |
    = help: for further information visit https://rust-lang.github.io/rust-clippy/rust-1.98.0/index.html#collapsible_if
help: collapse nested if block
    |
113 ~                         if preset_path.extension().and_then(|ext| ext.to_str()) == Some("json")
114 ~                             && let Ok(content) = fs::read_to_string(&preset_path) {
115 |                                 if let Ok(data) = serde_json::from_str::<PresetData>(&content) {
116 |                                     list.push(data);
117 |                                 }
118 ~                             }
    |

warning: this `if` statement can be collapsed
   --> src/ecs/resources/preset_store.rs:114:29
    |
114 | / ...                   if let Ok(content) = fs::read_to_string(&preset_path) {
115 | | ...                       if let Ok(data) = serde_json::from_str::<PresetData>(&content) {
116 | | ...                           list.push(data);
117 | | ...                       }
118 | | ...                   }
    | |_______________________^
    |
    = help: for further information visit https://rust-lang.github.io/rust-clippy/rust-1.98.0/index.html#collapsible_if
help: collapse nested if block
    |
114 ~                             if let Ok(content) = fs::read_to_string(&preset_path)
115 ~                                 && let Ok(data) = serde_json::from_str::<PresetData>(&content) {
116 |                                     list.push(data);
117 ~                                 }
    |

warning: called `map(<f>).unwrap_or(<a>)` on an `Option` value
   --> src/ecs/resources/preset_store.rs:131:9
    |
131 | /         self.presets
132 | |             .get(effect_uuid)
133 | |             .map(|v| v.as_slice())
134 | |             .unwrap_or(&[])
    | |___________________________^
    |
    = help: for further information visit https://rust-lang.github.io/rust-clippy/rust-1.98.0/index.html#map_unwrap_or

warning: redundant closure
   --> src/ecs/resources/preset_store.rs:133:18
    |
133 |             .map(|v| v.as_slice())
    |                  ^^^^^^^^^^^^^^^^ help: replace the closure with the method itself: `std::vec::Vec::as_slice`
    |
    = help: for further information visit https://rust-lang.github.io/rust-clippy/rust-1.98.0/index.html#redundant_closure_for_method_calls
    = note: `#[warn(clippy::redundant_closure_for_method_calls)]` implied by `#[warn(clippy::pedantic)]`

warning: variables can be used directly in the `format!` string
   --> src/ecs/resources/preset_store.rs:181:34
    |
181 |         let file_path = dir.join(format!("{}.json", preset_id));
    |                                  ^^^^^^^^^^^^^^^^^^^^^^^^^^^^^
    |
    = help: for further information visit https://rust-lang.github.io/rust-clippy/rust-1.98.0/index.html#uninlined_format_args
help: change this to
    |
181 -         let file_path = dir.join(format!("{}.json", preset_id));
181 +         let file_path = dir.join(format!("{preset_id}.json"));
    |

warning: indexing may panic
   --> src/ecs/resources/preset_store.rs:188:13
    |
188 |             list[pos] = data.clone();
    |             ^^^^^^^^^
    |
    = help: consider using `.get(n)` or `.get_mut(n)` instead
    = help: for further information visit https://rust-lang.github.io/rust-clippy/rust-1.98.0/index.html#indexing_slicing

warning: variables can be used directly in the `format!` string
   --> src/ecs/resources/preset_store.rs:205:19
    |
205 |             .join(format!("{}.json", preset_id));
    |                   ^^^^^^^^^^^^^^^^^^^^^^^^^^^^^
    |
    = help: for further information visit https://rust-lang.github.io/rust-clippy/rust-1.98.0/index.html#uninlined_format_args
help: change this to
    |
205 -             .join(format!("{}.json", preset_id));
205 +             .join(format!("{preset_id}.json"));
    |

warning: this could be rewritten as `let...else`
   --> src/ecs/resources/preset_store.rs:228:9
    |
228 | /         let preset = match self.find_preset(effect_uuid, preset_id) {
229 | |             Some(p) => p,
230 | |             None => return false,
231 | |         };
    | |__________^ help: consider writing: `let Some(preset) = self.find_preset(effect_uuid, preset_id) else { return false };`
    |
    = help: for further information visit https://rust-lang.github.io/rust-clippy/rust-1.98.0/index.html#manual_let_else
    = note: `#[warn(clippy::manual_let_else)]` implied by `#[warn(clippy::pedantic)]`

warning: this `if` statement can be collapsed
   --> src/ecs/resources/preset_store.rs:235:13
    |
235 | /             if let Some(idx) = param_names.iter().position(|&p| p == name) {
236 | |                 if idx < out_params.len() {
237 | |                     out_params[idx] = *val;
238 | |                     applied = true;
239 | |                 }
240 | |             }
    | |_____________^
    |
    = help: for further information visit https://rust-lang.github.io/rust-clippy/rust-1.98.0/index.html#collapsible_if
help: collapse nested if block
    |
235 ~             if let Some(idx) = param_names.iter().position(|&p| p == name)
236 ~                 && idx < out_params.len() {
237 |                     out_params[idx] = *val;
238 |                     applied = true;
239 ~                 }
    |

warning: indexing may panic
   --> src/ecs/resources/preset_store.rs:237:21
    |
237 |                     out_params[idx] = *val;
    |                     ^^^^^^^^^^^^^^^
    |
    = help: consider using `.get(n)` or `.get_mut(n)` instead
    = help: for further information visit https://rust-lang.github.io/rust-clippy/rust-1.98.0/index.html#indexing_slicing

warning: casting `usize` to `i32` may truncate the value on targets with 64-bit wide pointers
  --> src/ecs/resources/mod.rs:63:26
   |
63 |             layer_count: DEFAULT_LAYER_COUNT as i32,
   |                          ^^^^^^^^^^^^^^^^^^^^^^^^^^
   |
   = help: if this is intentional allow the lint with `#[allow(clippy::cast_possible_truncation)]` ...
   = help: for further information visit https://rust-lang.github.io/rust-clippy/rust-1.98.0/index.html#cast_possible_truncation
help: ... or use `try_from` and handle the error accordingly
   |
63 -             layer_count: DEFAULT_LAYER_COUNT as i32,
63 +             layer_count: i32::try_from(DEFAULT_LAYER_COUNT),
   |

warning: casting `usize` to `i32` may wrap around the value on targets with 32-bit wide pointers
  --> src/ecs/resources/mod.rs:63:26
   |
63 |             layer_count: DEFAULT_LAYER_COUNT as i32,
   |                          ^^^^^^^^^^^^^^^^^^^^^^^^^^
   |
   = help: for further information visit https://rust-lang.github.io/rust-clippy/rust-1.98.0/index.html#cast_possible_wrap
   = note: `#[warn(clippy::cast_possible_wrap)]` implied by `#[warn(clippy::pedantic)]`

warning: casting `u32` to `f32` may cause a loss of precision (`u32` is 32 bits wide, but `f32`'s mantissa is only 23 bits wide)
   --> src/ecs/resources/mod.rs:143:19
    |
143 |         let fps = self.fps.max(1) as f32;
    |                   ^^^^^^^^^^^^^^^^^^^^^^
    |
    = help: for further information visit https://rust-lang.github.io/rust-clippy/rust-1.98.0/index.html#cast_precision_loss

warning: casting `i32` to `f32` may cause a loss of precision (`i32` is 32 bits wide, but `f32`'s mantissa is only 23 bits wide)
   --> src/ecs/resources/mod.rs:148:35
    |
148 |                 let subdivision = self.grid_subdivision.max(1) as f32;
    |                                   ^^^^^^^^^^^^^^^^^^^^^^^^^^^^^^^^^^^
    |
    = help: for further information visit https://rust-lang.github.io/rust-clippy/rust-1.98.0/index.html#cast_precision_loss

warning: casting `f32` to `i32` may truncate the value
   --> src/ecs/resources/mod.rs:149:17
    |
149 |                 (beat_frames / subdivision).round().max(1.0) as i32
    |                 ^^^^^^^^^^^^^^^^^^^^^^^^^^^^^^^^^^^^^^^^^^^^^^^^^^^
    |
    = help: if this is intentional allow the lint with `#[allow(clippy::cast_possible_truncation)]` ...
    = help: for further information visit https://rust-lang.github.io/rust-clippy/rust-1.98.0/index.html#cast_possible_truncation

warning: casting `f32` to `i32` may truncate the value
   --> src/ecs/resources/mod.rs:152:18
    |
152 |             _ => fps.round().max(1.0) as i32,
    |                  ^^^^^^^^^^^^^^^^^^^^^^^^^^^
    |
    = help: if this is intentional allow the lint with `#[allow(clippy::cast_possible_truncation)]` ...
    = help: for further information visit https://rust-lang.github.io/rust-clippy/rust-1.98.0/index.html#cast_possible_truncation

warning: casting `f32` to `i32` may truncate the value
   --> src/ecs/resources/mod.rs:165:29
    |
165 |         let offset_frames = (self.grid_offset * self.fps.max(1) as f32).round() as i32;
    |                             ^^^^^^^^^^^^^^^^^^^^^^^^^^^^^^^^^^^^^^^^^^^^^^^^^^^^^^^^^^
    |
    = help: if this is intentional allow the lint with `#[allow(clippy::cast_possible_truncation)]` ...
    = help: for further information visit https://rust-lang.github.io/rust-clippy/rust-1.98.0/index.html#cast_possible_truncation

warning: casting `u32` to `f32` may cause a loss of precision (`u32` is 32 bits wide, but `f32`'s mantissa is only 23 bits wide)
   --> src/ecs/resources/mod.rs:165:49
    |
165 |         let offset_frames = (self.grid_offset * self.fps.max(1) as f32).round() as i32;
    |                                                 ^^^^^^^^^^^^^^^^^^^^^^
    |
    = help: for further information visit https://rust-lang.github.io/rust-clippy/rust-1.98.0/index.html#cast_precision_loss

warning: arithmetic operation that can potentially result in unexpected side-effects
   --> src/ecs/resources/mod.rs:166:24
    |
166 |         let relative = frame - offset_frames;
    |                        ^^^^^^^^^^^^^^^^^^^^^
    |
    = help: for further information visit https://rust-lang.github.io/rust-clippy/rust-1.98.0/index.html#arithmetic_side_effects

warning: arithmetic operation that can potentially result in unexpected side-effects
   --> src/ecs/resources/mod.rs:168:13
    |
168 |             ((relative as f32 / interval as f32).round() as i32) * interval + offset_frames;
    |             ^^^^^^^^^^^^^^^^^^^^^^^^^^^^^^^^^^^^^^^^^^^^^^^^^^^^^^^^^^^^^^^^^^^^^^^^^^^^^^^
    |
    = help: for further information visit https://rust-lang.github.io/rust-clippy/rust-1.98.0/index.html#arithmetic_side_effects

warning: casting `f32` to `i32` may truncate the value
   --> src/ecs/resources/mod.rs:168:13
    |
168 |             ((relative as f32 / interval as f32).round() as i32) * interval + offset_frames;
    |             ^^^^^^^^^^^^^^^^^^^^^^^^^^^^^^^^^^^^^^^^^^^^^^^^^^^^
    |
    = help: if this is intentional allow the lint with `#[allow(clippy::cast_possible_truncation)]` ...
    = help: for further information visit https://rust-lang.github.io/rust-clippy/rust-1.98.0/index.html#cast_possible_truncation

warning: casting `i32` to `f32` may cause a loss of precision (`i32` is 32 bits wide, but `f32`'s mantissa is only 23 bits wide)
   --> src/ecs/resources/mod.rs:168:15
    |
168 |             ((relative as f32 / interval as f32).round() as i32) * interval + offset_frames;
    |               ^^^^^^^^^^^^^^^
    |
    = help: for further information visit https://rust-lang.github.io/rust-clippy/rust-1.98.0/index.html#cast_precision_loss

warning: casting `i32` to `f32` may cause a loss of precision (`i32` is 32 bits wide, but `f32`'s mantissa is only 23 bits wide)
   --> src/ecs/resources/mod.rs:168:33
    |
168 |             ((relative as f32 / interval as f32).round() as i32) * interval + offset_frames;
    |                                 ^^^^^^^^^^^^^^^
    |
    = help: for further information visit https://rust-lang.github.io/rust-clippy/rust-1.98.0/index.html#cast_precision_loss

warning: arithmetic operation that can potentially result in unexpected side-effects
   --> src/ecs/resources/mod.rs:169:12
    |
169 |         if (nearest - frame).abs() <= self.magnetic_snap_range {
    |            ^^^^^^^^^^^^^^^^^
    |
    = help: for further information visit https://rust-lang.github.io/rust-clippy/rust-1.98.0/index.html#arithmetic_side_effects

warning: more than 3 bools in a struct
   --> src/ecs/resources/mod.rs:203:1
    |
203 | / pub struct SystemSettingsResource {
204 | |     pub autosave_enabled: bool,
205 | |     pub autosave_interval_sec: i32,
206 | |     pub theme_dark: bool,
...   |
219 | |     pub hw_device_type_priority: Vec<String>,
220 | | }
    | |_^
    |
    = help: consider using a state machine or refactoring bools into two-variant enums
    = help: for further information visit https://rust-lang.github.io/rust-clippy/rust-1.98.0/index.html#struct_excessive_bools
    = note: `#[warn(clippy::struct_excessive_bools)]` implied by `#[warn(clippy::pedantic)]`

warning: this argument (8 byte) is passed by reference, but would be more efficient if passed by value (limit: 8 byte)
  --> src/ecs/systems/active_query.rs:61:12
   |
61 |     range: &TimeRange,
   |            ^^^^^^^^^^ help: consider passing by value instead: `TimeRange`
   |
   = help: for further information visit https://rust-lang.github.io/rust-clippy/rust-1.98.0/index.html#trivially_copy_pass_by_ref
   = note: `#[warn(clippy::trivially_copy_pass_by_ref)]` implied by `#[warn(clippy::pedantic)]`

warning: this argument (4 byte) is passed by reference, but would be more efficient if passed by value (limit: 8 byte)
  --> src/ecs/systems/active_query.rs:62:12
   |
62 |     scene: &SceneId,
   |            ^^^^^^^^ help: consider passing by value instead: `SceneId`
   |
   = help: for further information visit https://rust-lang.github.io/rust-clippy/rust-1.98.0/index.html#trivially_copy_pass_by_ref

warning: this function has too many lines (541/100)
  --> src/ecs/systems/active_query.rs:75:1
   |
75 | / pub fn get_active_objects_system_at(
76 | |     world: &EcsWorld,
77 | |     active_scene: i32,
78 | |     current: i32,
79 | | ) -> (Vec<ActiveObject>, CapturedObjects) {
   | |_________________________________________^
   |
   = help: for further information visit https://rust-lang.github.io/rust-clippy/rust-1.98.0/index.html#too_many_lines

warning: casting `u32` to `f32` may cause a loss of precision (`u32` is 32 bits wide, but `f32`'s mantissa is only 23 bits wide)
   --> src/ecs/systems/active_query.rs:102:33
    |
102 |             let project_width = project.width.max(1) as f32;
    |                                 ^^^^^^^^^^^^^^^^^^^^^^^^^^^
    |
    = help: for further information visit https://rust-lang.github.io/rust-clippy/rust-1.98.0/index.html#cast_precision_loss

warning: casting `u32` to `f32` may cause a loss of precision (`u32` is 32 bits wide, but `f32`'s mantissa is only 23 bits wide)
   --> src/ecs/systems/active_query.rs:103:34
    |
103 |             let project_height = project.height.max(1) as f32;
    |                                  ^^^^^^^^^^^^^^^^^^^^^^^^^^^^
    |
    = help: for further information visit https://rust-lang.github.io/rust-clippy/rust-1.98.0/index.html#cast_precision_loss

warning: arithmetic operation that can potentially result in unexpected side-effects
   --> src/ecs/systems/active_query.rs:259:35
    |
259 |                 let layer_frame = current - range.start_frame;
    |                                   ^^^^^^^^^^^^^^^^^^^^^^^^^^^
    |
    = help: for further information visit https://rust-lang.github.io/rust-clippy/rust-1.98.0/index.html#arithmetic_side_effects

warning: arithmetic operation that can potentially result in unexpected side-effects
   --> src/ecs/systems/active_query.rs:273:21
    |
273 |                     m.trim_in_frame + (base * ratio).round() as i64
    |                     ^^^^^^^^^^^^^^^^^^^^^^^^^^^^^^^^^^^^^^^^^^^^^^^
    |
    = help: for further information visit https://rust-lang.github.io/rust-clippy/rust-1.98.0/index.html#arithmetic_side_effects

warning: casting `f64` to `i64` may truncate the value
   --> src/ecs/systems/active_query.rs:273:39
    |
273 |                     m.trim_in_frame + (base * ratio).round() as i64
    |                                       ^^^^^^^^^^^^^^^^^^^^^^^^^^^^^
    |
    = help: if this is intentional allow the lint with `#[allow(clippy::cast_possible_truncation)]` ...
    = help: for further information visit https://rust-lang.github.io/rust-clippy/rust-1.98.0/index.html#cast_possible_truncation

warning: arithmetic operation that can potentially result in unexpected side-effects
   --> src/ecs/systems/active_query.rs:281:42
    |
281 | ...                   local_frame: current - range.start_frame,
    |                                    ^^^^^^^^^^^^^^^^^^^^^^^^^^^
    |
    = help: for further information visit https://rust-lang.github.io/rust-clippy/rust-1.98.0/index.html#arithmetic_side_effects

warning: casting `u32` to `f32` may cause a loss of precision (`u32` is 32 bits wide, but `f32`'s mantissa is only 23 bits wide)
   --> src/ecs/systems/active_query.rs:288:71
    |
288 | ...                   Ok((w, h)) => rescale_for_source(&matrix, w as f32, h as f32),
    |                                                                 ^^^^^^^^
    |
    = help: for further information visit https://rust-lang.github.io/rust-clippy/rust-1.98.0/index.html#cast_precision_loss

warning: casting `u32` to `f32` may cause a loss of precision (`u32` is 32 bits wide, but `f32`'s mantissa is only 23 bits wide)
   --> src/ecs/systems/active_query.rs:288:81
    |
288 | ...                   Ok((w, h)) => rescale_for_source(&matrix, w as f32, h as f32),
    |                                                                           ^^^^^^^^
    |
    = help: for further information visit https://rust-lang.github.io/rust-clippy/rust-1.98.0/index.html#cast_precision_loss

warning: casting `u32` to `f32` may cause a loss of precision (`u32` is 32 bits wide, but `f32`'s mantissa is only 23 bits wide)
   --> src/ecs/systems/active_query.rs:297:37
    |
297 | ...                   scene.width as f32,
    |                       ^^^^^^^^^^^^^^^^^^
    |
    = help: for further information visit https://rust-lang.github.io/rust-clippy/rust-1.98.0/index.html#cast_precision_loss

warning: casting `u32` to `f32` may cause a loss of precision (`u32` is 32 bits wide, but `f32`'s mantissa is only 23 bits wide)
   --> src/ecs/systems/active_query.rs:298:37
    |
298 | ...                   scene.height as f32,
    |                       ^^^^^^^^^^^^^^^^^^^
    |
    = help: for further information visit https://rust-lang.github.io/rust-clippy/rust-1.98.0/index.html#cast_precision_loss

warning: indexing may panic
   --> src/ecs/systems/active_query.rs:311:47
    |
311 |                     group_idx.iter().map(|&i| controllers[i].matrix).collect();
    |                                               ^^^^^^^^^^^^^^
    |
    = help: consider using `.get(n)` or `.get_mut(n)` instead
    = help: for further information visit https://rust-lang.github.io/rust-clippy/rust-1.98.0/index.html#indexing_slicing

warning: indexing may panic
   --> src/ecs/systems/active_query.rs:331:32
    |
331 |                     opacity *= controllers[i].opacity;
    |                                ^^^^^^^^^^^^^^
    |
    = help: consider using `.get(n)` or `.get_mut(n)` instead
    = help: for further information visit https://rust-lang.github.io/rust-clippy/rust-1.98.0/index.html#indexing_slicing

warning: indexing may panic
   --> src/ecs/systems/active_query.rs:339:40
    |
339 |                     let mut prefixed = controllers[i].effects.clone();
    |                                        ^^^^^^^^^^^^^^
    |
    = help: consider using `.get(n)` or `.get_mut(n)` instead
    = help: for further information visit https://rust-lang.github.io/rust-clippy/rust-1.98.0/index.html#indexing_slicing

warning: indexing may panic
   --> src/ecs/systems/active_query.rs:344:104
    |
344 | ...                   let clip_target = chain_idx.iter().find_map(|&i| match controllers[i].kind {
    |                                                                              ^^^^^^^^^^^^^^
    |
    = help: consider using `.get(n)` or `.get_mut(n)` instead
    = help: for further information visit https://rust-lang.github.io/rust-clippy/rust-1.98.0/index.html#indexing_slicing

warning: indexing may panic
   --> src/ecs/systems/active_query.rs:351:37
    |
351 |                         controller: controllers[i].entity,
    |                                     ^^^^^^^^^^^^^^
    |
    = help: consider using `.get(n)` or `.get_mut(n)` instead
    = help: for further information visit https://rust-lang.github.io/rust-clippy/rust-1.98.0/index.html#indexing_slicing

warning: indexing may panic
   --> src/ecs/systems/active_query.rs:379:25
    |
379 |                         controllers[i].kind,
    |                         ^^^^^^^^^^^^^^
    |
    = help: consider using `.get(n)` or `.get_mut(n)` instead
    = help: for further information visit https://rust-lang.github.io/rust-clippy/rust-1.98.0/index.html#indexing_slicing

warning: indexing may panic
   --> src/ecs/systems/active_query.rs:388:38
    |
388 |                     let controller = controllers[chain_idx[pos]].entity;
    |                                      ^^^^^^^^^^^^^^^^^^^^^^^^^^^
    |
    = help: consider using `.get(n)` or `.get_mut(n)` instead
    = help: for further information visit https://rust-lang.github.io/rust-clippy/rust-1.98.0/index.html#indexing_slicing

warning: indexing may panic
   --> src/ecs/systems/active_query.rs:388:50
    |
388 |                     let controller = controllers[chain_idx[pos]].entity;
    |                                                  ^^^^^^^^^^^^^^
    |
    = help: consider using `.get(n)` or `.get_mut(n)` instead
    = help: for further information visit https://rust-lang.github.io/rust-clippy/rust-1.98.0/index.html#indexing_slicing

warning: indexing may panic
   --> src/ecs/systems/active_query.rs:389:41
    |
389 |                     let hide_captured = controllers[chain_idx[pos]].hide_captured();
    |                                         ^^^^^^^^^^^^^^^^^^^^^^^^^^^
    |
    = help: consider using `.get(n)` or `.get_mut(n)` instead
    = help: for further information visit https://rust-lang.github.io/rust-clippy/rust-1.98.0/index.html#indexing_slicing

warning: indexing may panic
   --> src/ecs/systems/active_query.rs:389:53
    |
389 |                     let hide_captured = controllers[chain_idx[pos]].hide_captured();
    |                                                     ^^^^^^^^^^^^^^
    |
    = help: consider using `.get(n)` or `.get_mut(n)` instead
    = help: for further information visit https://rust-lang.github.io/rust-clippy/rust-1.98.0/index.html#indexing_slicing

warning: slicing may panic
   --> src/ecs/systems/active_query.rs:390:40
    |
390 |                     let inner_chain = &chain_idx[..pos];
    |                                        ^^^^^^^^^^^^^^^^
    |
    = help: consider using `.get(..n)`or `.get_mut(..n)` instead
    = help: for further information visit https://rust-lang.github.io/rust-clippy/rust-1.98.0/index.html#indexing_slicing

warning: indexing may panic
   --> src/ecs/systems/active_query.rs:394:35
    |
394 |                         .map(|&i| controllers[i].matrix)
    |                                   ^^^^^^^^^^^^^^
    |
    = help: consider using `.get(n)` or `.get_mut(n)` instead
    = help: for further information visit https://rust-lang.github.io/rust-clippy/rust-1.98.0/index.html#indexing_slicing

warning: indexing may panic
   --> src/ecs/systems/active_query.rs:414:42
    |
414 |                         inner_opacity *= controllers[i].opacity;
    |                                          ^^^^^^^^^^^^^^
    |
    = help: consider using `.get(n)` or `.get_mut(n)` instead
    = help: for further information visit https://rust-lang.github.io/rust-clippy/rust-1.98.0/index.html#indexing_slicing

warning: indexing may panic
   --> src/ecs/systems/active_query.rs:421:44
    |
421 |                         let mut prefixed = controllers[i].effects.clone();
    |                                            ^^^^^^^^^^^^^^
    |
    = help: consider using `.get(n)` or `.get_mut(n)` instead
    = help: for further information visit https://rust-lang.github.io/rust-clippy/rust-1.98.0/index.html#indexing_slicing

warning: indexing may panic
   --> src/ecs/systems/active_query.rs:425:84
    |
425 |                     let inner_clip_target = inner_chain.iter().find_map(|&i| match controllers[i].kind {
    |                                                                                    ^^^^^^^^^^^^^^
    |
    = help: consider using `.get(n)` or `.get_mut(n)` instead
    = help: for further information visit https://rust-lang.github.io/rust-clippy/rust-1.98.0/index.html#indexing_slicing

warning: indexing may panic
   --> src/ecs/systems/active_query.rs:432:41
    |
432 | ...                   controller: controllers[i].entity,
    |                                   ^^^^^^^^^^^^^^
    |
    = help: consider using `.get(n)` or `.get_mut(n)` instead
    = help: for further information visit https://rust-lang.github.io/rust-clippy/rust-1.98.0/index.html#indexing_slicing

warning: indexing may panic
   --> src/ecs/systems/active_query.rs:463:39
    |
463 | ...                   .map(|&i| controllers[i].matrix)
    |                                 ^^^^^^^^^^^^^^
    |
    = help: consider using `.get(n)` or `.get_mut(n)` instead
    = help: for further information visit https://rust-lang.github.io/rust-clippy/rust-1.98.0/index.html#indexing_slicing

warning: indexing may panic
   --> src/ecs/systems/active_query.rs:486:51
    |
486 | ...                   stationary_opacity *= controllers[i].opacity;
    |                                             ^^^^^^^^^^^^^^
    |
    = help: consider using `.get(n)` or `.get_mut(n)` instead
    = help: for further information visit https://rust-lang.github.io/rust-clippy/rust-1.98.0/index.html#indexing_slicing

warning: indexing may panic
   --> src/ecs/systems/active_query.rs:493:48
    |
493 | ...                   let mut prefixed = controllers[i].effects.clone();
    |                                          ^^^^^^^^^^^^^^
    |
    = help: consider using `.get(n)` or `.get_mut(n)` instead
    = help: for further information visit https://rust-lang.github.io/rust-clippy/rust-1.98.0/index.html#indexing_slicing

warning: it is more concise to loop over references to containers instead of using explicit iteration methods
   --> src/ecs/systems/active_query.rs:510:22
    |
510 |             for c in controllers.iter() {
    |                      ^^^^^^^^^^^^^^^^^^ help: to write this more concisely, try: `&controllers`
    |
    = help: for further information visit https://rust-lang.github.io/rust-clippy/rust-1.98.0/index.html#explicit_iter_loop

warning: indexing may panic
   --> src/ecs/systems/active_query.rs:520:47
    |
520 |                     group_idx.iter().map(|&i| controllers[i].matrix).collect();
    |                                               ^^^^^^^^^^^^^^
    |
    = help: consider using `.get(n)` or `.get_mut(n)` instead
    = help: for further information visit https://rust-lang.github.io/rust-clippy/rust-1.98.0/index.html#indexing_slicing

warning: indexing may panic
   --> src/ecs/systems/active_query.rs:547:32
    |
547 |                     opacity *= controllers[i].opacity;
    |                                ^^^^^^^^^^^^^^
    |
    = help: consider using `.get(n)` or `.get_mut(n)` instead
    = help: for further information visit https://rust-lang.github.io/rust-clippy/rust-1.98.0/index.html#indexing_slicing

warning: indexing may panic
   --> src/ecs/systems/active_query.rs:551:40
    |
551 |                     let mut prefixed = controllers[i].effects.clone();
    |                                        ^^^^^^^^^^^^^^
    |
    = help: consider using `.get(n)` or `.get_mut(n)` instead
    = help: for further information visit https://rust-lang.github.io/rust-clippy/rust-1.98.0/index.html#indexing_slicing

warning: arithmetic operation that can potentially result in unexpected side-effects
   --> src/ecs/systems/active_query.rs:596:60
    |
596 | ...                   .map_or(0.0, |r| f64::from(current - r.start_frame));
    |                                                  ^^^^^^^^^^^^^^^^^^^^^^^
    |
    = help: for further information visit https://rust-lang.github.io/rust-clippy/rust-1.98.0/index.html#arithmetic_side_effects

warning: arithmetic operation that can potentially result in unexpected side-effects
   --> src/ecs/systems/active_query.rs:604:29
    |
604 | ...                   m.trim_in_frame + (base * ratio).round() as i64
    |                       ^^^^^^^^^^^^^^^^^^^^^^^^^^^^^^^^^^^^^^^^^^^^^^^
    |
    = help: for further information visit https://rust-lang.github.io/rust-clippy/rust-1.98.0/index.html#arithmetic_side_effects

warning: casting `f64` to `i64` may truncate the value
   --> src/ecs/systems/active_query.rs:604:47
    |
604 | ...                   m.trim_in_frame + (base * ratio).round() as i64
    |                                         ^^^^^^^^^^^^^^^^^^^^^^^^^^^^^
    |
    = help: if this is intentional allow the lint with `#[allow(clippy::cast_possible_truncation)]` ...
    = help: for further information visit https://rust-lang.github.io/rust-clippy/rust-1.98.0/index.html#cast_possible_truncation

warning: casting `i32` to `f32` may cause a loss of precision (`i32` is 32 bits wide, but `f32`'s mantissa is only 23 bits wide)
   --> src/ecs/systems/active_query.rs:635:52
    |
635 |                 let ka = a.zbuffer_depth.unwrap_or(a.layer as f32);
    |                                                    ^^^^^^^^^^^^^^
    |
    = help: for further information visit https://rust-lang.github.io/rust-clippy/rust-1.98.0/index.html#cast_precision_loss

warning: casting `i32` to `f32` may cause a loss of precision (`i32` is 32 bits wide, but `f32`'s mantissa is only 23 bits wide)
   --> src/ecs/systems/active_query.rs:636:52
    |
636 |                 let kb = b.zbuffer_depth.unwrap_or(b.layer as f32);
    |                                                    ^^^^^^^^^^^^^^
    |
    = help: for further information visit https://rust-lang.github.io/rust-clippy/rust-1.98.0/index.html#cast_precision_loss

warning: arithmetic operation that can potentially result in unexpected side-effects
  --> src/ecs/systems/audio.rs:49:21
   |
49 |                     media_source.trim_in_frame + i64::from(frame - range.start_frame);
   |                     ^^^^^^^^^^^^^^^^^^^^^^^^^^^^^^^^^^^^^^^^^^^^^^^^^^^^^^^^^^^^^^^^^
   |
   = help: for further information visit https://rust-lang.github.io/rust-clippy/rust-1.98.0/index.html#arithmetic_side_effects

warning: casting to the same type is unnecessary (`usize` -> `usize`)
  --> src/ecs/systems/audio.rs:52:58
   |
52 |                     id: object_ids.get(id).map_or(0, |o| o.0 as usize),
   |                                                          ^^^^^^^^^^^^ help: try: `o.0`
   |
   = help: for further information visit https://rust-lang.github.io/rust-clippy/rust-1.98.0/index.html#unnecessary_cast
   = note: `#[warn(clippy::unnecessary_cast)]` on by default

warning: this `if` statement can be collapsed
  --> src/ecs/systems/camera.rs:23:9
   |
23 | /         if let TargetLayerMode::Layer(n) = cam.target_layer_mode {
24 | |             if let Some(&(lx, ly, lz)) = layer_positions.get(&n) {
25 | |                 cam.target_x += lx;
26 | |                 cam.target_y += ly;
...  |
29 | |         }
   | |_________^
   |
   = help: for further information visit https://rust-lang.github.io/rust-clippy/rust-1.98.0/index.html#collapsible_if
help: collapse nested if block
   |
23 ~         if let TargetLayerMode::Layer(n) = cam.target_layer_mode
24 ~             && let Some(&(lx, ly, lz)) = layer_positions.get(&n) {
25 |                 cam.target_x += lx;
26 |                 cam.target_y += ly;
27 |                 cam.target_z += lz;
28 ~             }
   |

warning: indexing may panic
  --> src/ecs/systems/camera.rs:36:13
   |
36 |         } = controllers[i].kind
   |             ^^^^^^^^^^^^^^
   |
   = help: consider using `.get(n)` or `.get_mut(n)` instead
   = help: for further information visit https://rust-lang.github.io/rust-clippy/rust-1.98.0/index.html#indexing_slicing

warning: this `if` statement can be collapsed
  --> src/ecs/systems/camera.rs:39:13
   |
39 | /             if let TargetLayerMode::Layer(n) = cam.target_layer_mode {
40 | |                 if let Some(&(lx, ly, lz)) = layer_positions.get(&n) {
41 | |                     cam.target_x += lx;
42 | |                     cam.target_y += ly;
...  |
45 | |             }
   | |_____________^
   |
   = help: for further information visit https://rust-lang.github.io/rust-clippy/rust-1.98.0/index.html#collapsible_if
help: collapse nested if block
   |
39 ~             if let TargetLayerMode::Layer(n) = cam.target_layer_mode
40 ~                 && let Some(&(lx, ly, lz)) = layer_positions.get(&n) {
41 |                     cam.target_x += lx;
42 |                     cam.target_y += ly;
43 |                     cam.target_z += lz;
44 ~                 }
   |

warning: indexing may panic
  --> src/ecs/systems/camera.rs:46:26
   |
46 |             return Some((controllers[i].layer, cam));
   |                          ^^^^^^^^^^^^^^
   |
   = help: consider using `.get(n)` or `.get_mut(n)` instead
   = help: for further information visit https://rust-lang.github.io/rust-clippy/rust-1.98.0/index.html#indexing_slicing

warning: casting `i32` to `f32` may cause a loss of precision (`i32` is 32 bits wide, but `f32`'s mantissa is only 23 bits wide)
  --> src/ecs/systems/camera.rs:56:5
   |
56 |     camera_layer as f32 + normalized
   |     ^^^^^^^^^^^^^^^^^^^
   |
   = help: for further information visit https://rust-lang.github.io/rust-clippy/rust-1.98.0/index.html#cast_precision_loss

warning: `if` chain can be rewritten with `match`
  --> src/ecs/systems/curtain.rs:58:5
   |
58 | /     if target_layer > curtain_layer {
59 | |         target_layer <= curtain_layer + down as i32
60 | |     } else if target_layer < curtain_layer {
61 | |         target_layer >= curtain_layer - up as i32
62 | |     } else {
63 | |         false
64 | |     }
   | |_____^ help: consider rewriting the `if` chain with `match`: `match target_layer.cmp(&curtain_layer) {...}`
   |
   = help: for further information visit https://rust-lang.github.io/rust-clippy/rust-1.98.0/index.html#comparison_chain
   = note: `#[warn(clippy::comparison_chain)]` implied by `#[warn(clippy::pedantic)]`

warning: arithmetic operation that can potentially result in unexpected side-effects
  --> src/ecs/systems/curtain.rs:59:25
   |
59 |         target_layer <= curtain_layer + down as i32
   |                         ^^^^^^^^^^^^^^^^^^^^^^^^^^^
   |
   = help: for further information visit https://rust-lang.github.io/rust-clippy/rust-1.98.0/index.html#arithmetic_side_effects

warning: casting `u32` to `i32` may wrap around the value
  --> src/ecs/systems/curtain.rs:59:41
   |
59 |         target_layer <= curtain_layer + down as i32
   |                                         ^^^^^^^^^^^ help: if this is intentional, use `cast_signed()` instead: `down.cast_signed()`
   |
   = help: for further information visit https://rust-lang.github.io/rust-clippy/rust-1.98.0/index.html#cast_possible_wrap

warning: arithmetic operation that can potentially result in unexpected side-effects
  --> src/ecs/systems/curtain.rs:61:25
   |
61 |         target_layer >= curtain_layer - up as i32
   |                         ^^^^^^^^^^^^^^^^^^^^^^^^^
   |
   = help: for further information visit https://rust-lang.github.io/rust-clippy/rust-1.98.0/index.html#arithmetic_side_effects

warning: casting `u32` to `i32` may wrap around the value
  --> src/ecs/systems/curtain.rs:61:41
   |
61 |         target_layer >= curtain_layer - up as i32
   |                                         ^^^^^^^^^ help: if this is intentional, use `cast_signed()` instead: `up.cast_signed()`
   |
   = help: for further information visit https://rust-lang.github.io/rust-clippy/rust-1.98.0/index.html#cast_possible_wrap

warning: indexing may panic
  --> src/ecs/systems/curtain.rs:71:31
   |
71 |         .filter(|&i| matches!(controllers[i].kind, ControllerKind::Group { .. }))
   |                               ^^^^^^^^^^^^^^
   |
   = help: consider using `.get(n)` or `.get_mut(n)` instead
   = help: for further information visit https://rust-lang.github.io/rust-clippy/rust-1.98.0/index.html#indexing_slicing

warning: casting `usize` to `i32` may truncate the value on targets with 64-bit wide pointers
  --> src/ecs/systems/curtain.rs:83:12
   |
83 |         if chain.len() as i32 >= max_depth.max(0) {
   |            ^^^^^^^^^^^^^^^^^^
   |
   = help: if this is intentional allow the lint with `#[allow(clippy::cast_possible_truncation)]` ...
   = help: for further information visit https://rust-lang.github.io/rust-clippy/rust-1.98.0/index.html#cast_possible_truncation
help: ... or use `try_from` and handle the error accordingly
   |
83 -         if chain.len() as i32 >= max_depth.max(0) {
83 +         if i32::try_from(chain.len()) >= max_depth.max(0) {
   |

warning: casting `usize` to `i32` may wrap around the value on targets with 32-bit wide pointers
  --> src/ecs/systems/curtain.rs:83:12
   |
83 |         if chain.len() as i32 >= max_depth.max(0) {
   |            ^^^^^^^^^^^^^^^^^^
   |
   = help: for further information visit https://rust-lang.github.io/rust-clippy/rust-1.98.0/index.html#cast_possible_wrap

warning: arithmetic operation that can potentially result in unexpected side-effects
  --> src/ecs/systems/curtain.rs:94:24
   |
94 |             let dist = (cursor_layer - c.layer).abs();
   |                        ^^^^^^^^^^^^^^^^^^^^^^^^
   |
   = help: for further information visit https://rust-lang.github.io/rust-clippy/rust-1.98.0/index.html#arithmetic_side_effects

warning: indexing may panic
   --> src/ecs/systems/curtain.rs:103:24
    |
103 |         cursor_layer = controllers[idx].layer;
    |                        ^^^^^^^^^^^^^^^^
    |
    = help: consider using `.get(n)` or `.get_mut(n)` instead
    = help: for further information visit https://rust-lang.github.io/rust-clippy/rust-1.98.0/index.html#indexing_slicing

warning: this function has too many lines (123/100)
  --> src/ecs/systems/expression.rs:81:1
   |
81 | pub fn evaluate_expressions_for_world(world: &mut World, frame: i32, fps: f32) -> usize {
   | ^^^^^^^^^^^^^^^^^^^^^^^^^^^^^^^^^^^^^^^^^^^^^^^^^^^^^^^^^^^^^^^^^^^^^^^^^^^^^^^^^^^^^^^
   |
   = help: for further information visit https://rust-lang.github.io/rust-clippy/rust-1.98.0/index.html#too_many_lines

warning: casts from `i32` to `f64` can be expressed infallibly using `From`
  --> src/ecs/systems/expression.rs:85:24
   |
85 |     let time_seconds = frame as f64 / fps as f64;
   |                        ^^^^^^^^^^^^
   |
   = help: an `as` cast can become silently lossy if the types change in the future
   = help: for further information visit https://rust-lang.github.io/rust-clippy/rust-1.98.0/index.html#cast_lossless
help: use `f64::from` instead
   |
85 -     let time_seconds = frame as f64 / fps as f64;
85 +     let time_seconds = f64::from(frame) / fps as f64;
   |

warning: casts from `f32` to `f64` can be expressed infallibly using `From`
  --> src/ecs/systems/expression.rs:85:39
   |
85 |     let time_seconds = frame as f64 / fps as f64;
   |                                       ^^^^^^^^^^
   |
   = help: an `as` cast can become silently lossy if the types change in the future
   = help: for further information visit https://rust-lang.github.io/rust-clippy/rust-1.98.0/index.html#cast_lossless
help: use `f64::from` instead
   |
85 -     let time_seconds = frame as f64 / fps as f64;
85 +     let time_seconds = frame as f64 / f64::from(fps);
   |

warning: implicit borrow as raw pointer
   --> src/ecs/systems/expression.rs:170:33
    |
170 | ...                   &eval_ctx,
    |                       ^^^^^^^^^
    |
    = help: for further information visit https://rust-lang.github.io/rust-clippy/rust-1.98.0/index.html#borrow_as_ptr
    = note: `#[warn(clippy::borrow_as_ptr)]` implied by `#[warn(clippy::pedantic)]`
help: use a raw pointer instead
    |
170 |                                 &raw const eval_ctx,
    |                                  +++++++++

warning: arithmetic operation that can potentially result in unexpected side-effects
   --> src/ecs/systems/expression.rs:186:9
    |
186 |         evaluated_count += 1;
    |         ^^^^^^^^^^^^^^^^^^^^
    |
    = help: for further information visit https://rust-lang.github.io/rust-clippy/rust-1.98.0/index.html#arithmetic_side_effects

warning: indexing may panic
  --> src/ecs/track.rs:45:18
   |
45 |         let k = &self[index];
   |                  ^^^^^^^^^^^
   |
   = help: consider using `.get(n)` or `.get_mut(n)` instead
   = help: for further information visit https://rust-lang.github.io/rust-clippy/rust-1.98.0/index.html#indexing_slicing

warning: indexing may panic
  --> src/ecs/track.rs:68:21
   |
68 |                     self[i].value,
   |                     ^^^^^^^
   |
   = help: consider using `.get(n)` or `.get_mut(n)` instead
   = help: for further information visit https://rust-lang.github.io/rust-clippy/rust-1.98.0/index.html#indexing_slicing

warning: indexing may panic
  --> src/ecs/track.rs:69:21
   |
69 |                     self[i].engine_payload.clone(),
   |                     ^^^^^^^
   |
   = help: consider using `.get(n)` or `.get_mut(n)` instead
   = help: for further information visit https://rust-lang.github.io/rust-clippy/rust-1.98.0/index.html#indexing_slicing

warning: arithmetic operation that can potentially result in unexpected side-effects
  --> src/ecs/track.rs:84:34
   |
84 |         if frame >= self.time_of(n - 1) {
   |                                  ^^^^^
   |
   = help: for further information visit https://rust-lang.github.io/rust-clippy/rust-1.98.0/index.html#arithmetic_side_effects

warning: arithmetic operation that can potentially result in unexpected side-effects
  --> src/ecs/track.rs:86:26
   |
86 |                 section: n - 2,
   |                          ^^^^^
   |
   = help: for further information visit https://rust-lang.github.io/rust-clippy/rust-1.98.0/index.html#arithmetic_side_effects

warning: arithmetic operation that can potentially result in unexpected side-effects
  --> src/ecs/track.rs:90:27
   |
90 |         let section = (0..n - 1)
   |                           ^^^^^
   |
   = help: for further information visit https://rust-lang.github.io/rust-clippy/rust-1.98.0/index.html#arithmetic_side_effects

warning: casting `i32` to `f32` may cause a loss of precision (`i32` is 32 bits wide, but `f32`'s mantissa is only 23 bits wide)
  --> src/ecs/track.rs:94:20
   |
94 |         let span = (self.time_of(section + 1) - self.time_of(section)).max(1) as f32;
   |                    ^^^^^^^^^^^^^^^^^^^^^^^^^^^^^^^^^^^^^^^^^^^^^^^^^^^^^^^^^^^^^^^^^
   |
   = help: for further information visit https://rust-lang.github.io/rust-clippy/rust-1.98.0/index.html#cast_precision_loss

warning: arithmetic operation that can potentially result in unexpected side-effects
  --> src/ecs/track.rs:94:20
   |
94 |         let span = (self.time_of(section + 1) - self.time_of(section)).max(1) as f32;
   |                    ^^^^^^^^^^^^^^^^^^^^^^^^^^^^^^^^^^^^^^^^^^^^^^^^^^^
   |
   = help: for further information visit https://rust-lang.github.io/rust-clippy/rust-1.98.0/index.html#arithmetic_side_effects

warning: casting `i32` to `f32` may cause a loss of precision (`i32` is 32 bits wide, but `f32`'s mantissa is only 23 bits wide)
  --> src/ecs/track.rs:97:16
   |
97 |             u: (frame - self.time_of(section)) as f32 / span,
   |                ^^^^^^^^^^^^^^^^^^^^^^^^^^^^^^^^^^^^^^
   |
   = help: for further information visit https://rust-lang.github.io/rust-clippy/rust-1.98.0/index.html#cast_precision_loss

warning: arithmetic operation that can potentially result in unexpected side-effects
  --> src/ecs/track.rs:97:16
   |
97 |             u: (frame - self.time_of(section)) as f32 / span,
   |                ^^^^^^^^^^^^^^^^^^^^^^^^^^^^^^^
   |
   = help: for further information visit https://rust-lang.github.io/rust-clippy/rust-1.98.0/index.html#arithmetic_side_effects

warning: indexing may panic
   --> src/ecs/track.rs:119:19
    |
119 |         if end <= self[0].frame {
    |                   ^^^^^^^
    |
    = help: consider using `.get(n)` or `.get_mut(n)` instead
    = help: for further information visit https://rust-lang.github.io/rust-clippy/rust-1.98.0/index.html#indexing_slicing

warning: indexing may panic
   --> src/ecs/track.rs:125:29
    |
125 |         key.control_frame = self[0].control_frame.map(|_| end);
    |                             ^^^^^^^
    |
    = help: consider using `.get(n)` or `.get_mut(n)` instead
    = help: for further information visit https://rust-lang.github.io/rust-clippy/rust-1.98.0/index.html#indexing_slicing

warning: indexing may panic
   --> src/ecs/track.rs:135:30
    |
135 |         if n < 2 || frame <= self[0].frame || frame >= self[n - 1].frame {
    |                              ^^^^^^^
    |
    = help: consider using `.get(n)` or `.get_mut(n)` instead
    = help: for further information visit https://rust-lang.github.io/rust-clippy/rust-1.98.0/index.html#indexing_slicing

warning: indexing may panic
   --> src/ecs/track.rs:135:56
    |
135 |         if n < 2 || frame <= self[0].frame || frame >= self[n - 1].frame {
    |                                                        ^^^^^^^^^^^
    |
    = help: consider using `.get(n)` or `.get_mut(n)` instead
    = help: for further information visit https://rust-lang.github.io/rust-clippy/rust-1.98.0/index.html#indexing_slicing

warning: arithmetic operation that can potentially result in unexpected side-effects
   --> src/ecs/track.rs:135:61
    |
135 |         if n < 2 || frame <= self[0].frame || frame >= self[n - 1].frame {
    |                                                             ^^^^^
    |
    = help: for further information visit https://rust-lang.github.io/rust-clippy/rust-1.98.0/index.html#arithmetic_side_effects

warning: indexing may panic
   --> src/ecs/track.rs:142:42
    |
142 |         let value = self.evaluate(frame, self[s].value);
    |                                          ^^^^^^^
    |
    = help: consider using `.get(n)` or `.get_mut(n)` instead
    = help: for further information visit https://rust-lang.github.io/rust-clippy/rust-1.98.0/index.html#indexing_slicing

warning: arithmetic operation that can potentially result in unexpected side-effects
   --> src/ecs/track.rs:144:76
    |
144 |         if controlled && !(self.time_of(s) < frame && frame < self.time_of(s + 1)) {
    |                                                                            ^^^^^
    |
    = help: for further information visit https://rust-lang.github.io/rust-clippy/rust-1.98.0/index.html#arithmetic_side_effects

warning: indexing may panic
   --> src/ecs/track.rs:147:23
    |
147 |         let mut key = self[s].clone();
    |                       ^^^^^^^
    |
    = help: consider using `.get(n)` or `.get_mut(n)` instead
    = help: for further information visit https://rust-lang.github.io/rust-clippy/rust-1.98.0/index.html#indexing_slicing

warning: arithmetic operation that can potentially result in unexpected side-effects
   --> src/ecs/track.rs:152:21
    |
152 |         self.insert(s + 1, key);
    |                     ^^^^^
    |
    = help: for further information visit https://rust-lang.github.io/rust-clippy/rust-1.98.0/index.html#arithmetic_side_effects

warning: arithmetic operation that can potentially result in unexpected side-effects
   --> src/ecs/track.rs:153:12
    |
153 |         Ok(s + 1)
    |            ^^^^^
    |
    = help: for further information visit https://rust-lang.github.io/rust-clippy/rust-1.98.0/index.html#arithmetic_side_effects

warning: arithmetic operation that can potentially result in unexpected side-effects
   --> src/ecs/track.rs:173:13
    |
173 |             self[index - 1].frame + 1
    |             ^^^^^^^^^^^^^^^^^^^^^^^^^
    |
    = help: for further information visit https://rust-lang.github.io/rust-clippy/rust-1.98.0/index.html#arithmetic_side_effects

warning: indexing may panic
   --> src/ecs/track.rs:173:13
    |
173 |             self[index - 1].frame + 1
    |             ^^^^^^^^^^^^^^^
    |
    = help: consider using `.get(n)` or `.get_mut(n)` instead
    = help: for further information visit https://rust-lang.github.io/rust-clippy/rust-1.98.0/index.html#indexing_slicing

warning: arithmetic operation that can potentially result in unexpected side-effects
   --> src/ecs/track.rs:175:21
    |
175 |         let hi = if index + 1 == self.len() {
    |                     ^^^^^^^^^
    |
    = help: for further information visit https://rust-lang.github.io/rust-clippy/rust-1.98.0/index.html#arithmetic_side_effects

warning: arithmetic operation that can potentially result in unexpected side-effects
   --> src/ecs/track.rs:178:13
    |
178 |             self[index + 1].frame - 1
    |             ^^^^^^^^^^^^^^^^^^^^^^^^^
    |
    = help: for further information visit https://rust-lang.github.io/rust-clippy/rust-1.98.0/index.html#arithmetic_side_effects

warning: indexing may panic
   --> src/ecs/track.rs:178:13
    |
178 |             self[index + 1].frame - 1
    |             ^^^^^^^^^^^^^^^
    |
    = help: consider using `.get(n)` or `.get_mut(n)` instead
    = help: for further information visit https://rust-lang.github.io/rust-clippy/rust-1.98.0/index.html#indexing_slicing

warning: indexing may panic
   --> src/ecs/track.rs:184:9
    |
184 |         self[index].frame = moved;
    |         ^^^^^^^^^^^
    |
    = help: consider using `.get(n)` or `.get_mut(n)` instead
    = help: for further information visit https://rust-lang.github.io/rust-clippy/rust-1.98.0/index.html#indexing_slicing

warning: indexing may panic
   --> src/ecs/track.rs:185:9
    |
185 |         self[index].edit_seq = next_edit_seq();
    |         ^^^^^^^^^^^
    |
    = help: consider using `.get(n)` or `.get_mut(n)` instead
    = help: for further information visit https://rust-lang.github.io/rust-clippy/rust-1.98.0/index.html#indexing_slicing

warning: arithmetic operation that can potentially result in unexpected side-effects
   --> src/ecs/track.rs:190:26
    |
190 |         if index == 0 || index + 1 >= self.len() {
    |                          ^^^^^^^^^
    |
    = help: for further information visit https://rust-lang.github.io/rust-clippy/rust-1.98.0/index.html#arithmetic_side_effects

warning: arithmetic operation that can potentially result in unexpected side-effects
   --> src/ecs/track.rs:198:26
    |
198 |         if first == 0 || last + 1 >= n {
    |                          ^^^^^^^^
    |
    = help: for further information visit https://rust-lang.github.io/rust-clippy/rust-1.98.0/index.html#arithmetic_side_effects

warning: arithmetic operation that can potentially result in unexpected side-effects
   --> src/ecs/track.rs:205:22
    |
205 |         let mut lo = self[first - 1].frame + 1 - self[first].frame;
    |                      ^^^^^^^^^^^^^^^^^^^^^^^^^^^^^^^^^^^^^^^^^^^^^
    |
    = help: for further information visit https://rust-lang.github.io/rust-clippy/rust-1.98.0/index.html#arithmetic_side_effects

warning: indexing may panic
   --> src/ecs/track.rs:205:22
    |
205 |         let mut lo = self[first - 1].frame + 1 - self[first].frame;
    |                      ^^^^^^^^^^^^^^^
    |
    = help: consider using `.get(n)` or `.get_mut(n)` instead
    = help: for further information visit https://rust-lang.github.io/rust-clippy/rust-1.98.0/index.html#indexing_slicing

warning: indexing may panic
   --> src/ecs/track.rs:205:50
    |
205 |         let mut lo = self[first - 1].frame + 1 - self[first].frame;
    |                                                  ^^^^^^^^^^^
    |
    = help: consider using `.get(n)` or `.get_mut(n)` instead
    = help: for further information visit https://rust-lang.github.io/rust-clippy/rust-1.98.0/index.html#indexing_slicing

warning: arithmetic operation that can potentially result in unexpected side-effects
   --> src/ecs/track.rs:206:22
    |
206 |         let mut hi = self[last + 1].frame - 1 - self[last].frame;
    |                      ^^^^^^^^^^^^^^^^^^^^^^^^^^^^^^^^^^^^^^^^^^^
    |
    = help: for further information visit https://rust-lang.github.io/rust-clippy/rust-1.98.0/index.html#arithmetic_side_effects

warning: indexing may panic
   --> src/ecs/track.rs:206:22
    |
206 |         let mut hi = self[last + 1].frame - 1 - self[last].frame;
    |                      ^^^^^^^^^^^^^^
    |
    = help: consider using `.get(n)` or `.get_mut(n)` instead
    = help: for further information visit https://rust-lang.github.io/rust-clippy/rust-1.98.0/index.html#indexing_slicing

warning: indexing may panic
   --> src/ecs/track.rs:206:49
    |
206 |         let mut hi = self[last + 1].frame - 1 - self[last].frame;
    |                                                 ^^^^^^^^^^
    |
    = help: consider using `.get(n)` or `.get_mut(n)` instead
    = help: for further information visit https://rust-lang.github.io/rust-clippy/rust-1.98.0/index.html#indexing_slicing

warning: arithmetic operation that can potentially result in unexpected side-effects
   --> src/ecs/track.rs:208:25
    |
208 |             lo = lo.max(self.time_of(first - 1) + 1 - self.time_of(first));
    |                         ^^^^^^^^^^^^^^^^^^^^^^^^^^^^^^^^^^^^^^^^^^^^^^^^^
    |
    = help: for further information visit https://rust-lang.github.io/rust-clippy/rust-1.98.0/index.html#arithmetic_side_effects

warning: arithmetic operation that can potentially result in unexpected side-effects
   --> src/ecs/track.rs:209:25
    |
209 |             hi = hi.min(self.time_of(last + 1) - 1 - self.time_of(last));
    |                         ^^^^^^^^^^^^^^^^^^^^^^^^^^^^^^^^^^^^^^^^^^^^^^^
    |
    = help: for further information visit https://rust-lang.github.io/rust-clippy/rust-1.98.0/index.html#arithmetic_side_effects

warning: slicing may panic
   --> src/ecs/track.rs:215:23
    |
215 |         for k in &mut self[first..=last] {
    |                       ^^^^^^^^^^^^^^^^^^
    |
    = help: consider using `.get(n..m)` or `.get_mut(n..m)` instead
    = help: for further information visit https://rust-lang.github.io/rust-clippy/rust-1.98.0/index.html#indexing_slicing

warning: arithmetic operation that can potentially result in unexpected side-effects
   --> src/ecs/track.rs:216:13
    |
216 |             k.frame += applied;
    |             ^^^^^^^^^^^^^^^^^^
    |
    = help: for further information visit https://rust-lang.github.io/rust-clippy/rust-1.98.0/index.html#arithmetic_side_effects

warning: arithmetic operation that can potentially result in unexpected side-effects
   --> src/ecs/track.rs:217:55
    |
217 |             k.control_frame = k.control_frame.map(|c| c + applied);
    |                                                       ^^^^^^^^^^^
    |
    = help: for further information visit https://rust-lang.github.io/rust-clippy/rust-1.98.0/index.html#arithmetic_side_effects

warning: arithmetic operation that can potentially result in unexpected side-effects
   --> src/ecs/track.rs:224:53
    |
224 |         if !self.time_controlled() || index == 0 || index + 1 >= self.len() {
    |                                                     ^^^^^^^^^
    |
    = help: for further information visit https://rust-lang.github.io/rust-clippy/rust-1.98.0/index.html#arithmetic_side_effects

warning: arithmetic operation that can potentially result in unexpected side-effects
   --> src/ecs/track.rs:227:18
    |
227 |         let lo = self.time_of(index - 1) + 1;
    |                  ^^^^^^^^^^^^^^^^^^^^^^^^^^^
    |
    = help: for further information visit https://rust-lang.github.io/rust-clippy/rust-1.98.0/index.html#arithmetic_side_effects

warning: arithmetic operation that can potentially result in unexpected side-effects
   --> src/ecs/track.rs:228:18
    |
228 |         let hi = self.time_of(index + 1) - 1;
    |                  ^^^^^^^^^^^^^^^^^^^^^^^^^^^
    |
    = help: for further information visit https://rust-lang.github.io/rust-clippy/rust-1.98.0/index.html#arithmetic_side_effects

warning: indexing may panic
   --> src/ecs/track.rs:233:9
    |
233 |         self[index].control_frame = Some(moved);
    |         ^^^^^^^^^^^
    |
    = help: consider using `.get(n)` or `.get_mut(n)` instead
    = help: for further information visit https://rust-lang.github.io/rust-clippy/rust-1.98.0/index.html#indexing_slicing

warning: indexing may panic
   --> src/ecs/track.rs:249:9
    |
249 |         self[0].frame = start;
    |         ^^^^^^^
    |
    = help: consider using `.get(n)` or `.get_mut(n)` instead
    = help: for further information visit https://rust-lang.github.io/rust-clippy/rust-1.98.0/index.html#indexing_slicing

warning: indexing may panic
   --> src/ecs/track.rs:251:13
    |
251 |             self[0].control_frame = None;
    |             ^^^^^^^
    |
    = help: consider using `.get(n)` or `.get_mut(n)` instead
    = help: for further information visit https://rust-lang.github.io/rust-clippy/rust-1.98.0/index.html#indexing_slicing

warning: indexing may panic
   --> src/ecs/track.rs:256:13
    |
256 |             self[0].control_frame = None;
    |             ^^^^^^^
    |
    = help: consider using `.get(n)` or `.get_mut(n)` instead
    = help: for further information visit https://rust-lang.github.io/rust-clippy/rust-1.98.0/index.html#indexing_slicing

warning: indexing may panic
   --> src/ecs/track.rs:259:9
    |
259 |         self[n - 1].frame = end;
    |         ^^^^^^^^^^^
    |
    = help: consider using `.get(n)` or `.get_mut(n)` instead
    = help: for further information visit https://rust-lang.github.io/rust-clippy/rust-1.98.0/index.html#indexing_slicing

warning: arithmetic operation that can potentially result in unexpected side-effects
   --> src/ecs/track.rs:259:14
    |
259 |         self[n - 1].frame = end;
    |              ^^^^^
    |
    = help: for further information visit https://rust-lang.github.io/rust-clippy/rust-1.98.0/index.html#arithmetic_side_effects

warning: arithmetic operation that can potentially result in unexpected side-effects
   --> src/ecs/track.rs:262:13
    |
262 |             index += 1;
    |             ^^^^^^^^^^
    |
    = help: for further information visit https://rust-lang.github.io/rust-clippy/rust-1.98.0/index.html#arithmetic_side_effects

warning: arithmetic operation that can potentially result in unexpected side-effects
   --> src/ecs/track.rs:266:24
    |
266 |             let last = self.len() - 1;
    |                        ^^^^^^^^^^^^^^
    |
    = help: for further information visit https://rust-lang.github.io/rust-clippy/rust-1.98.0/index.html#arithmetic_side_effects

warning: indexing may panic
   --> src/ecs/track.rs:267:13
    |
267 |             self[0].control_frame = Some(start);
    |             ^^^^^^^
    |
    = help: consider using `.get(n)` or `.get_mut(n)` instead
    = help: for further information visit https://rust-lang.github.io/rust-clippy/rust-1.98.0/index.html#indexing_slicing

warning: indexing may panic
   --> src/ecs/track.rs:268:13
    |
268 |             self[last].control_frame = Some(end);
    |             ^^^^^^^^^^
    |
    = help: consider using `.get(n)` or `.get_mut(n)` instead
    = help: for further information visit https://rust-lang.github.io/rust-clippy/rust-1.98.0/index.html#indexing_slicing

warning: arithmetic operation that can potentially result in unexpected side-effects
   --> src/ecs/track.rs:269:31
    |
269 |             let ordered = (0..self.len() - 1).all(|i| self.time_of(i) < self.time_of(i + 1));
    |                               ^^^^^^^^^^^^^^
    |
    = help: for further information visit https://rust-lang.github.io/rust-clippy/rust-1.98.0/index.html#arithmetic_side_effects

warning: arithmetic operation that can potentially result in unexpected side-effects
   --> src/ecs/track.rs:269:86
    |
269 |             let ordered = (0..self.len() - 1).all(|i| self.time_of(i) < self.time_of(i + 1));
    |                                                                                      ^^^^^
    |
    = help: for further information visit https://rust-lang.github.io/rust-clippy/rust-1.98.0/index.html#arithmetic_side_effects

warning: arithmetic operation that can potentially result in unexpected side-effects
   --> src/ecs/track.rs:278:13
    |
278 |             k.frame += delta;
    |             ^^^^^^^^^^^^^^^^
    |
    = help: for further information visit https://rust-lang.github.io/rust-clippy/rust-1.98.0/index.html#arithmetic_side_effects

warning: arithmetic operation that can potentially result in unexpected side-effects
   --> src/ecs/track.rs:279:55
    |
279 |             k.control_frame = k.control_frame.map(|c| c + delta);
    |                                                       ^^^^^^^^^
    |
    = help: for further information visit https://rust-lang.github.io/rust-clippy/rust-1.98.0/index.html#arithmetic_side_effects

warning: indexing may panic
   --> src/ecs/track.rs:292:29
    |
292 |             .map_or_else(|| self[0].clone(), |i| self[i].clone());
    |                             ^^^^^^^
    |
    = help: consider using `.get(n)` or `.get_mut(n)` instead
    = help: for further information visit https://rust-lang.github.io/rust-clippy/rust-1.98.0/index.html#indexing_slicing

warning: indexing may panic
   --> src/ecs/track.rs:292:50
    |
292 |             .map_or_else(|| self[0].clone(), |i| self[i].clone());
    |                                                  ^^^^^^^
    |
    = help: consider using `.get(n)` or `.get_mut(n)` instead
    = help: for further information visit https://rust-lang.github.io/rust-clippy/rust-1.98.0/index.html#indexing_slicing

warning: indexing may panic
   --> src/ecs/track.rs:293:33
    |
293 |         let had_end = n >= 2 && self[n - 1].frame >= frame;
    |                                 ^^^^^^^^^^^
    |
    = help: consider using `.get(n)` or `.get_mut(n)` instead
    = help: for further information visit https://rust-lang.github.io/rust-clippy/rust-1.98.0/index.html#indexing_slicing

warning: arithmetic operation that can potentially result in unexpected side-effects
   --> src/ecs/track.rs:293:38
    |
293 |         let had_end = n >= 2 && self[n - 1].frame >= frame;
    |                                      ^^^^^
    |
    = help: for further information visit https://rust-lang.github.io/rust-clippy/rust-1.98.0/index.html#arithmetic_side_effects

warning: casting `usize` to `i64` may wrap around the value on targets with 64-bit wide pointers
   --> src/ecs/track.rs:326:21
    |
326 |         let steps = (n - 1) as i64;
    |                     ^^^^^^^^^^^^^^
    |
    = help: for further information visit https://rust-lang.github.io/rust-clippy/rust-1.98.0/index.html#cast_possible_wrap

warning: arithmetic operation that can potentially result in unexpected side-effects
   --> src/ecs/track.rs:326:21
    |
326 |         let steps = (n - 1) as i64;
    |                     ^^^^^^^
    |
    = help: for further information visit https://rust-lang.github.io/rust-clippy/rust-1.98.0/index.html#arithmetic_side_effects

warning: arithmetic operation that can potentially result in unexpected side-effects
   --> src/ecs/track.rs:328:60
    |
328 |         let (first, last) = (self.time_of(0), self.time_of(n - 1));
    |                                                            ^^^^^
    |
    = help: for further information visit https://rust-lang.github.io/rust-clippy/rust-1.98.0/index.html#arithmetic_side_effects

warning: casts from `i32` to `i64` can be expressed infallibly using `From`
   --> src/ecs/track.rs:329:19
    |
329 |         let dur = (last - first) as i64;
    |                   ^^^^^^^^^^^^^^^^^^^^^
    |
    = help: an `as` cast can become silently lossy if the types change in the future
    = help: for further information visit https://rust-lang.github.io/rust-clippy/rust-1.98.0/index.html#cast_lossless
help: use `i64::from` instead
    |
329 -         let dur = (last - first) as i64;
329 +         let dur = i64::from(last - first);
    |

warning: arithmetic operation that can potentially result in unexpected side-effects
   --> src/ecs/track.rs:329:19
    |
329 |         let dur = (last - first) as i64;
    |                   ^^^^^^^^^^^^^^
    |
    = help: for further information visit https://rust-lang.github.io/rust-clippy/rust-1.98.0/index.html#arithmetic_side_effects

warning: arithmetic operation that can potentially result in unexpected side-effects
   --> src/ecs/track.rs:334:35
    |
334 |             |i: usize, base: i32| base + ((dur * i as i64 * 2 + steps) / (2 * steps)) as i32;
    |                                   ^^^^^^^^^^^^^^^^^^^^^^^^^^^^^^^^^^^^^^^^^^^^^^^^^^^^^^^^^^
    |
    = help: for further information visit https://rust-lang.github.io/rust-clippy/rust-1.98.0/index.html#arithmetic_side_effects

warning: casting `i64` to `i32` may truncate the value
   --> src/ecs/track.rs:334:42
    |
334 |             |i: usize, base: i32| base + ((dur * i as i64 * 2 + steps) / (2 * steps)) as i32;
    |                                          ^^^^^^^^^^^^^^^^^^^^^^^^^^^^^^^^^^^^^^^^^^^^^^^^^^^
    |
    = help: if this is intentional allow the lint with `#[allow(clippy::cast_possible_truncation)]` ...
    = help: for further information visit https://rust-lang.github.io/rust-clippy/rust-1.98.0/index.html#cast_possible_truncation
help: ... or use `try_from` and handle the error accordingly
    |
334 -             |i: usize, base: i32| base + ((dur * i as i64 * 2 + steps) / (2 * steps)) as i32;
334 +             |i: usize, base: i32| base + i32::try_from((dur * i as i64 * 2 + steps) / (2 * steps));
    |

warning: casting `usize` to `i64` may wrap around the value on targets with 64-bit wide pointers
   --> src/ecs/track.rs:334:50
    |
334 |             |i: usize, base: i32| base + ((dur * i as i64 * 2 + steps) / (2 * steps)) as i32;
    |                                                  ^^^^^^^^
    |
    = help: for further information visit https://rust-lang.github.io/rust-clippy/rust-1.98.0/index.html#cast_possible_wrap

warning: indexing may panic
   --> src/ecs/track.rs:335:42
    |
335 |         let (frame_first, frame_last) = (self[0].frame, self[n - 1].frame);
    |                                          ^^^^^^^
    |
    = help: consider using `.get(n)` or `.get_mut(n)` instead
    = help: for further information visit https://rust-lang.github.io/rust-clippy/rust-1.98.0/index.html#indexing_slicing

warning: indexing may panic
   --> src/ecs/track.rs:335:57
    |
335 |         let (frame_first, frame_last) = (self[0].frame, self[n - 1].frame);
    |                                                         ^^^^^^^^^^^
    |
    = help: consider using `.get(n)` or `.get_mut(n)` instead
    = help: for further information visit https://rust-lang.github.io/rust-clippy/rust-1.98.0/index.html#indexing_slicing

warning: arithmetic operation that can potentially result in unexpected side-effects
   --> src/ecs/track.rs:335:62
    |
335 |         let (frame_first, frame_last) = (self[0].frame, self[n - 1].frame);
    |                                                              ^^^^^
    |
    = help: for further information visit https://rust-lang.github.io/rust-clippy/rust-1.98.0/index.html#arithmetic_side_effects

warning: casts from `i32` to `i64` can be expressed infallibly using `From`
   --> src/ecs/track.rs:336:25
    |
336 |         let frame_dur = (frame_last - frame_first) as i64;
    |                         ^^^^^^^^^^^^^^^^^^^^^^^^^^^^^^^^^
    |
    = help: an `as` cast can become silently lossy if the types change in the future
    = help: for further information visit https://rust-lang.github.io/rust-clippy/rust-1.98.0/index.html#cast_lossless
help: use `i64::from` instead
    |
336 -         let frame_dur = (frame_last - frame_first) as i64;
336 +         let frame_dur = i64::from(frame_last - frame_first);
    |

warning: arithmetic operation that can potentially result in unexpected side-effects
   --> src/ecs/track.rs:336:25
    |
336 |         let frame_dur = (frame_last - frame_first) as i64;
    |                         ^^^^^^^^^^^^^^^^^^^^^^^^^^
    |
    = help: for further information visit https://rust-lang.github.io/rust-clippy/rust-1.98.0/index.html#arithmetic_side_effects

warning: the loop variable `i` is used to index `self`
   --> src/ecs/track.rs:340:18
    |
340 |         for i in 1..n - 1 {
    |                  ^^^^^^^^
    |
    = help: for further information visit https://rust-lang.github.io/rust-clippy/rust-1.98.0/index.html#needless_range_loop
    = note: `#[warn(clippy::needless_range_loop)]` on by default
help: consider using an iterator and enumerate()
    |
340 -         for i in 1..n - 1 {
340 +         for (i, <item>) in self.iter_mut().enumerate().take(n - 1).skip(1) {
    |

warning: arithmetic operation that can potentially result in unexpected side-effects
   --> src/ecs/track.rs:340:21
    |
340 |         for i in 1..n - 1 {
    |                     ^^^^^
    |
    = help: for further information visit https://rust-lang.github.io/rust-clippy/rust-1.98.0/index.html#arithmetic_side_effects

warning: arithmetic operation that can potentially result in unexpected side-effects
   --> src/ecs/track.rs:341:29
    |
341 |             self[i].frame = frame_first + ((frame_dur * i as i64 * 2 + steps) / (2 * steps)) as i32;
    |                             ^^^^^^^^^^^^^^^^^^^^^^^^^^^^^^^^^^^^^^^^^^^^^^^^^^^^^^^^^^^^^^^^^^^^^^^
    |
    = help: for further information visit https://rust-lang.github.io/rust-clippy/rust-1.98.0/index.html#arithmetic_side_effects

warning: casting `i64` to `i32` may truncate the value
   --> src/ecs/track.rs:341:43
    |
341 |             self[i].frame = frame_first + ((frame_dur * i as i64 * 2 + steps) / (2 * steps)) as i32;
    |                                           ^^^^^^^^^^^^^^^^^^^^^^^^^^^^^^^^^^^^^^^^^^^^^^^^^^^^^^^^^
    |
    = help: if this is intentional allow the lint with `#[allow(clippy::cast_possible_truncation)]` ...
    = help: for further information visit https://rust-lang.github.io/rust-clippy/rust-1.98.0/index.html#cast_possible_truncation
help: ... or use `try_from` and handle the error accordingly
    |
341 -             self[i].frame = frame_first + ((frame_dur * i as i64 * 2 + steps) / (2 * steps)) as i32;
341 +             self[i].frame = frame_first + i32::try_from((frame_dur * i as i64 * 2 + steps) / (2 * steps));
    |

warning: casting `usize` to `i64` may wrap around the value on targets with 64-bit wide pointers
   --> src/ecs/track.rs:341:57
    |
341 |             self[i].frame = frame_first + ((frame_dur * i as i64 * 2 + steps) / (2 * steps)) as i32;
    |                                                         ^^^^^^^^
    |
    = help: for further information visit https://rust-lang.github.io/rust-clippy/rust-1.98.0/index.html#cast_possible_wrap

warning: indexing may panic
   --> src/ecs/track.rs:341:13
    |
341 |             self[i].frame = frame_first + ((frame_dur * i as i64 * 2 + steps) / (2 * steps)) as i32;
    |             ^^^^^^^
    |
    = help: consider using `.get(n)` or `.get_mut(n)` instead
    = help: for further information visit https://rust-lang.github.io/rust-clippy/rust-1.98.0/index.html#indexing_slicing

warning: indexing may panic
   --> src/ecs/track.rs:343:17
    |
343 |                 self[i].control_frame = Some(target(i, first));
    |                 ^^^^^^^
    |
    = help: consider using `.get(n)` or `.get_mut(n)` instead
    = help: for further information visit https://rust-lang.github.io/rust-clippy/rust-1.98.0/index.html#indexing_slicing

warning: indexing may panic
   --> src/ecs/track.rs:345:13
    |
345 |             self[i].edit_seq = next_edit_seq();
    |             ^^^^^^^
    |
    = help: consider using `.get(n)` or `.get_mut(n)` instead
    = help: for further information visit https://rust-lang.github.io/rust-clippy/rust-1.98.0/index.html#indexing_slicing

warning: indexing may panic
  --> src/ecs/transform.rs:85:24
   |
85 |                 sum += a[k * 4 + row] * b[col * 4 + k];
   |                        ^^^^^^^^^^^^^^
   |
   = help: consider using `.get(n)` or `.get_mut(n)` instead
   = help: for further information visit https://rust-lang.github.io/rust-clippy/rust-1.98.0/index.html#indexing_slicing

warning: arithmetic operation that can potentially result in unexpected side-effects
  --> src/ecs/transform.rs:85:26
   |
85 |                 sum += a[k * 4 + row] * b[col * 4 + k];
   |                          ^^^^^^^^^^^
   |
   = help: for further information visit https://rust-lang.github.io/rust-clippy/rust-1.98.0/index.html#arithmetic_side_effects

warning: indexing may panic
  --> src/ecs/transform.rs:85:41
   |
85 |                 sum += a[k * 4 + row] * b[col * 4 + k];
   |                                         ^^^^^^^^^^^^^^
   |
   = help: consider using `.get(n)` or `.get_mut(n)` instead
   = help: for further information visit https://rust-lang.github.io/rust-clippy/rust-1.98.0/index.html#indexing_slicing

warning: arithmetic operation that can potentially result in unexpected side-effects
  --> src/ecs/transform.rs:85:43
   |
85 |                 sum += a[k * 4 + row] * b[col * 4 + k];
   |                                           ^^^^^^^^^^^
   |
   = help: for further information visit https://rust-lang.github.io/rust-clippy/rust-1.98.0/index.html#arithmetic_side_effects

warning: indexing may panic
  --> src/ecs/transform.rs:87:13
   |
87 |             r[col * 4 + row] = sum;
   |             ^^^^^^^^^^^^^^^^
   |
   = help: consider using `.get(n)` or `.get_mut(n)` instead
   = help: for further information visit https://rust-lang.github.io/rust-clippy/rust-1.98.0/index.html#indexing_slicing

warning: arithmetic operation that can potentially result in unexpected side-effects
  --> src/ecs/transform.rs:87:15
   |
87 |             r[col * 4 + row] = sum;
   |               ^^^^^^^^^^^^^
   |
   = help: for further information visit https://rust-lang.github.io/rust-clippy/rust-1.98.0/index.html#arithmetic_side_effects

warning: indexing may panic
   --> src/ecs/transform.rs:199:9
    |
199 |         m[i] *= ratio_w;
    |         ^^^^
    |
    = help: consider using `.get(n)` or `.get_mut(n)` instead
    = help: for further information visit https://rust-lang.github.io/rust-clippy/rust-1.98.0/index.html#indexing_slicing

warning: indexing may panic
   --> src/ecs/transform.rs:200:9
    |
200 |         m[4 + i] *= ratio_h;
    |         ^^^^^^^^
    |
    = help: consider using `.get(n)` or `.get_mut(n)` instead
    = help: for further information visit https://rust-lang.github.io/rust-clippy/rust-1.98.0/index.html#indexing_slicing

warning: arithmetic operation that can potentially result in unexpected side-effects
   --> src/ecs/transform.rs:200:11
    |
200 |         m[4 + i] *= ratio_h;
    |           ^^^^^
    |
    = help: for further information visit https://rust-lang.github.io/rust-clippy/rust-1.98.0/index.html#arithmetic_side_effects

warning: indexing may panic
   --> src/ecs/transform.rs:208:9
    |
208 |         m[i] *= width_px;
    |         ^^^^
    |
    = help: consider using `.get(n)` or `.get_mut(n)` instead
    = help: for further information visit https://rust-lang.github.io/rust-clippy/rust-1.98.0/index.html#indexing_slicing

warning: indexing may panic
   --> src/ecs/transform.rs:209:9
    |
209 |         m[4 + i] *= height_px;
    |         ^^^^^^^^
    |
    = help: consider using `.get(n)` or `.get_mut(n)` instead
    = help: for further information visit https://rust-lang.github.io/rust-clippy/rust-1.98.0/index.html#indexing_slicing

warning: arithmetic operation that can potentially result in unexpected side-effects
   --> src/ecs/transform.rs:209:11
    |
209 |         m[4 + i] *= height_px;
    |           ^^^^^
    |
    = help: for further information visit https://rust-lang.github.io/rust-clippy/rust-1.98.0/index.html#arithmetic_side_effects

warning: casting `u32` to `f32` may cause a loss of precision (`u32` is 32 bits wide, but `f32`'s mantissa is only 23 bits wide)
   --> src/ecs/transform.rs:272:13
    |
272 |             crate::ecs::resources::ProjectResource::DEFAULT_WIDTH as f32,
    |             ^^^^^^^^^^^^^^^^^^^^^^^^^^^^^^^^^^^^^^^^^^^^^^^^^^^^^^^^^^^^
    |
    = help: for further information visit https://rust-lang.github.io/rust-clippy/rust-1.98.0/index.html#cast_precision_loss

warning: casting `u32` to `f32` may cause a loss of precision (`u32` is 32 bits wide, but `f32`'s mantissa is only 23 bits wide)
   --> src/ecs/transform.rs:273:13
    |
273 |             crate::ecs::resources::ProjectResource::DEFAULT_HEIGHT as f32,
    |             ^^^^^^^^^^^^^^^^^^^^^^^^^^^^^^^^^^^^^^^^^^^^^^^^^^^^^^^^^^^^^
    |
    = help: for further information visit https://rust-lang.github.io/rust-clippy/rust-1.98.0/index.html#cast_precision_loss

warning: you seem to be trying to use `match` for destructuring a single pattern. Consider using `if let`
   --> src/ecs/types.rs:182:9
    |
182 | /         match self.keyframes.iter_mut().find(|k| k.frame == frame) {
183 | |             Some(existing) => {
184 | |                 existing.value = value;
185 | |                 existing.engine_id = engine_id;
...   |
194 | |         }
    | |_________^
    |
    = help: for further information visit https://rust-lang.github.io/rust-clippy/rust-1.98.0/index.html#single_match_else
help: try
    |
182 ~         if let Some(existing) = self.keyframes.iter_mut().find(|k| k.frame == frame) {
183 +             existing.value = value;
184 +             existing.engine_id = engine_id;
185 +             existing.engine_payload = engine_payload;
186 +             existing.edit_seq = edit_seq;
187 +         } else {
188 +             self.keyframes
189 +                 .push(Keyframe::new(frame, value, engine_id, engine_payload));
190 +             self.keyframes.sort_by_key(|k| k.frame);
191 +         }
    |

warning: this `if` statement can be collapsed
  --> src/ecs/world/audio_plugins.rs:52:13
   |
52 | /             if let Ok(mut chain) = (&mut chains).get(entity) {
53 | |                 if index < chain.0.len() {
54 | |                     chain.0.remove(index);
55 | |                 }
56 | |             }
   | |_____________^
   |
   = help: for further information visit https://rust-lang.github.io/rust-clippy/rust-1.98.0/index.html#collapsible_if
help: collapse nested if block
   |
52 ~             if let Ok(mut chain) = (&mut chains).get(entity)
53 ~                 && index < chain.0.len() {
54 |                     chain.0.remove(index);
55 ~                 }
   |

warning: this `if` statement can be collapsed
  --> src/ecs/world/audio_plugins.rs:65:13
   |
65 | /             if let Ok(mut chain) = (&mut chains).get(entity) {
66 | |                 if let Some(inst) = chain.0.get_mut(index) {
67 | |                     inst.bypass = bypass;
68 | |                 }
69 | |             }
   | |_____________^
   |
   = help: for further information visit https://rust-lang.github.io/rust-clippy/rust-1.98.0/index.html#collapsible_if
help: collapse nested if block
   |
65 ~             if let Ok(mut chain) = (&mut chains).get(entity)
66 ~                 && let Some(inst) = chain.0.get_mut(index) {
67 |                     inst.bypass = bypass;
68 ~                 }
   |

warning: this `if` statement can be collapsed
  --> src/ecs/world/audio_plugins.rs:78:13
   |
78 | /             if let Ok(mut chain) = (&mut chains).get(entity) {
79 | |                 if from < chain.0.len() && to < chain.0.len() {
80 | |                     let item = chain.0.remove(from);
81 | |                     chain.0.insert(to, item);
82 | |                 }
83 | |             }
   | |_____________^
   |
   = help: for further information visit https://rust-lang.github.io/rust-clippy/rust-1.98.0/index.html#collapsible_if
help: collapse nested if block
   |
78 ~             if let Ok(mut chain) = (&mut chains).get(entity)
79 ~                 && from < chain.0.len() && to < chain.0.len() {
80 |                     let item = chain.0.remove(from);
81 |                     chain.0.insert(to, item);
82 ~                 }
   |

warning: this `if` statement can be collapsed
   --> src/ecs/world/audio_plugins.rs:98:13
    |
 98 | /             if let Ok(mut chain) = (&mut chains).get(entity) {
 99 | |                 if let Some(inst) = chain.0.get_mut(index) {
100 | |                     inst.params.insert(param_id, value);
101 | |                 }
102 | |             }
    | |_____________^
    |
    = help: for further information visit https://rust-lang.github.io/rust-clippy/rust-1.98.0/index.html#collapsible_if
help: collapse nested if block
    |
 98 ~             if let Ok(mut chain) = (&mut chains).get(entity)
 99 ~                 && let Some(inst) = chain.0.get_mut(index) {
100 |                     inst.params.insert(param_id, value);
101 ~                 }
    |

warning: arithmetic operation that can potentially result in unexpected side-effects
  --> src/ecs/world/core.rs:30:9
   |
30 |         self.revision += 1;
   |         ^^^^^^^^^^^^^^^^^^
   |
   = help: for further information visit https://rust-lang.github.io/rust-clippy/rust-1.98.0/index.html#arithmetic_side_effects

warning: called `map(<f>).unwrap_or(false)` on a `Result` value
  --> src/ecs/world/core.rs:72:9
   |
72 | /         self.world
73 | |             .borrow::<UniqueView<HistoryStack>>()
74 | |             .map(|s| s.can_undo())
75 | |             .unwrap_or(false)
   | |_____________________________^
   |
   = help: for further information visit https://rust-lang.github.io/rust-clippy/rust-1.98.0/index.html#map_unwrap_or
help: use `is_ok_and(<f>)` instead
   |
74 -             .map(|s| s.can_undo())
75 -             .unwrap_or(false)
74 +             .is_ok_and(|s| s.can_undo())
   |

warning: called `map(<f>).unwrap_or(false)` on a `Result` value
  --> src/ecs/world/core.rs:80:9
   |
80 | /         self.world
81 | |             .borrow::<UniqueView<HistoryStack>>()
82 | |             .map(|s| s.can_redo())
83 | |             .unwrap_or(false)
   | |_____________________________^
   |
   = help: for further information visit https://rust-lang.github.io/rust-clippy/rust-1.98.0/index.html#map_unwrap_or
help: use `is_ok_and(<f>)` instead
   |
82 -             .map(|s| s.can_redo())
83 -             .unwrap_or(false)
82 +             .is_ok_and(|s| s.can_redo())
   |

warning: called `map(<f>).unwrap_or(<a>)` on a `Result` value
  --> src/ecs/world/core.rs:96:9
   |
96 | /         self.world
97 | |             .borrow::<UniqueView<HistoryStack>>()
98 | |             .map(|s| s.done_len())
99 | |             .unwrap_or(0)
   | |_________________________^
   |
   = help: for further information visit https://rust-lang.github.io/rust-clippy/rust-1.98.0/index.html#map_unwrap_or
help: use `map_or(<a>, <f>)` instead
   |
98 -             .map(|s| s.done_len())
99 -             .unwrap_or(0)
98 +             .map_or(0, |s| s.done_len())
   |

warning: called `map(<f>).unwrap_or(<a>)` on a `Result` value
   --> src/ecs/world/core.rs:104:9
    |
104 | /         self.world
105 | |             .borrow::<UniqueView<HistoryStack>>()
106 | |             .map(|s| s.undone_len())
107 | |             .unwrap_or(0)
    | |_________________________^
    |
    = help: for further information visit https://rust-lang.github.io/rust-clippy/rust-1.98.0/index.html#map_unwrap_or
help: use `map_or(<a>, <f>)` instead
    |
106 -             .map(|s| s.undone_len())
107 -             .unwrap_or(0)
106 +             .map_or(0, |s| s.undone_len())
    |

warning: this let-binding has unit value
   --> src/ecs/world/core.rs:175:25
    |
175 |                         let _ = exprs.add_component_unchecked(entity, comp);
    |                         ^^^^^^^^^^^^^^^^^^^^^^^^^^^^^^^^^^^^^^^^^^^^^^^^^^^^
    |
    = help: for further information visit https://rust-lang.github.io/rust-clippy/rust-1.98.0/index.html#let_unit_value
    = note: `#[warn(clippy::let_unit_value)]` on by default
help: omit the `let` binding
    |
175 -                         let _ = exprs.add_component_unchecked(entity, comp);
175 +                         exprs.add_component_unchecked(entity, comp);
    |

warning: matching over `()` is more explicit
   --> src/ecs/world/core.rs:175:29
    |
175 |                         let _ = exprs.add_component_unchecked(entity, comp);
    |                             ^ help: use `()` instead of `_`: `()`
    |
    = help: for further information visit https://rust-lang.github.io/rust-clippy/rust-1.98.0/index.html#ignored_unit_patterns
    = note: `#[warn(clippy::ignored_unit_patterns)]` implied by `#[warn(clippy::pedantic)]`

warning: this function has too many arguments (8/7)
   --> src/ecs/world/effects.rs:161:5
    |
161 | /     pub fn set_effect_keyframe(
162 | |         &mut self,
163 | |         object_id: usize,
164 | |         index: usize,
...   |
169 | |         engine_payload: Vec<u8>,
170 | |     ) {
    | |_____^
    |
    = help: for further information visit https://rust-lang.github.io/rust-clippy/rust-1.98.0/index.html#too_many_arguments
    = note: `#[warn(clippy::too_many_arguments)]` on by default

warning: this `if` statement can be collapsed
   --> src/ecs/world/effects.rs:345:13
    |
345 | /             if let Ok(mut stack) = (&mut stacks).get(entity) {
346 | |                 if let Some(instance) = stack.0.get_mut(effect_index) {
347 | |                     for (key, val) in preset.params {
348 | |                         if let Some(param) = instance.params.get_mut(&key) {
...   |
353 | |             }
    | |_____________^
    |
    = help: for further information visit https://rust-lang.github.io/rust-clippy/rust-1.98.0/index.html#collapsible_if
help: collapse nested if block
    |
345 ~             if let Ok(mut stack) = (&mut stacks).get(entity)
346 ~                 && let Some(instance) = stack.0.get_mut(effect_index) {
347 |                     for (key, val) in preset.params {
...
351 |                     }
352 ~                 }
    |

warning: called `map(<f>).unwrap_or_else(<g>)` on an `Option` value
   --> src/ecs/world/effects.rs:365:27
    |
365 |           let effect_uuid = crate::effects::loader::by_id(effect_id_or_uuid)
    |  ___________________________^
366 | |             .map(|s| s.uuid().to_string())
367 | |             .unwrap_or_else(|| effect_id_or_uuid.to_string());
    | |_____________________________________________________________^ help: try: `crate::effects::loader::by_id(effect_id_or_uuid).map_or_else(|| effect_id_or_uuid.to_string(), |s| s.uuid().to_string())`
    |
    = help: for further information visit https://rust-lang.github.io/rust-clippy/rust-1.98.0/index.html#map_unwrap_or

warning: called `map(<f>).unwrap_or_else(<g>)` on an `Option` value
   --> src/ecs/world/effects.rs:381:27
    |
381 |           let effect_uuid = crate::effects::loader::by_id(effect_id_or_uuid)
    |  ___________________________^
382 | |             .map(|s| s.uuid().to_string())
383 | |             .unwrap_or_else(|| effect_id_or_uuid.to_string());
    | |_____________________________________________________________^ help: try: `crate::effects::loader::by_id(effect_id_or_uuid).map_or_else(|| effect_id_or_uuid.to_string(), |s| s.uuid().to_string())`
    |
    = help: for further information visit https://rust-lang.github.io/rust-clippy/rust-1.98.0/index.html#map_unwrap_or

warning: arithmetic operation that can potentially result in unexpected side-effects
  --> src/ecs/world/hierarchy_ops.rs:39:13
   |
39 |             depth += 1;
   |             ^^^^^^^^^^
   |
   = help: for further information visit https://rust-lang.github.io/rust-clippy/rust-1.98.0/index.html#arithmetic_side_effects

warning: casting `i32` to `u32` may lose the sign of the value
  --> src/ecs/world/hierarchy_ops.rs:84:35
   |
84 |             ct.layer_count_down = (source_layer - target_layer) as u32;
   |                                   ^^^^^^^^^^^^^^^^^^^^^^^^^^^^^^^^^^^^ help: if this is intentional, use `cast_unsigned()` instead: `(source_layer - target_layer).cast_unsigned()`
   |
   = help: for further information visit https://rust-lang.github.io/rust-clippy/rust-1.98.0/index.html#cast_sign_loss

warning: arithmetic operation that can potentially result in unexpected side-effects
  --> src/ecs/world/hierarchy_ops.rs:84:35
   |
84 |             ct.layer_count_down = (source_layer - target_layer) as u32;
   |                                   ^^^^^^^^^^^^^^^^^^^^^^^^^^^^^
   |
   = help: for further information visit https://rust-lang.github.io/rust-clippy/rust-1.98.0/index.html#arithmetic_side_effects

warning: casting `i32` to `u32` may lose the sign of the value
  --> src/ecs/world/hierarchy_ops.rs:87:33
   |
87 |             ct.layer_count_up = (target_layer - source_layer) as u32;
   |                                 ^^^^^^^^^^^^^^^^^^^^^^^^^^^^^^^^^^^^ help: if this is intentional, use `cast_unsigned()` instead: `(target_layer - source_layer).cast_unsigned()`
   |
   = help: for further information visit https://rust-lang.github.io/rust-clippy/rust-1.98.0/index.html#cast_sign_loss

warning: arithmetic operation that can potentially result in unexpected side-effects
  --> src/ecs/world/hierarchy_ops.rs:87:33
   |
87 |             ct.layer_count_up = (target_layer - source_layer) as u32;
   |                                 ^^^^^^^^^^^^^^^^^^^^^^^^^^^^^
   |
   = help: for further information visit https://rust-lang.github.io/rust-clippy/rust-1.98.0/index.html#arithmetic_side_effects

warning: called `.ok().is_some_and(..)` on a `Result` value
  --> src/ecs/world/keyframes.rs:56:13
   |
56 | /             (&mut tracks)
57 | |                 .get(entity)
58 | |                 .ok()
59 | |                 .is_some_and(|mut t| t.move_keyframe(key, old_frame, new_frame))
   | |________________________________________________________________________________^
   |
   = help: for further information visit https://rust-lang.github.io/rust-clippy/rust-1.98.0/index.html#manual_is_variant_and
   = note: `#[warn(clippy::manual_is_variant_and)]` implied by `#[warn(clippy::pedantic)]`
help: use `is_ok_and` instead
   |
56 ~             (&mut tracks)
57 +                 .get(entity).is_ok_and(|mut t| t.move_keyframe(key, old_frame, new_frame))
   |

warning: arithmetic operation that can potentially result in unexpected side-effects
  --> src/ecs/world/object_crud.rs:34:17
   |
34 |                 timeline.next_id += 1;
   |                 ^^^^^^^^^^^^^^^^^^^^^
   |
   = help: for further information visit https://rust-lang.github.io/rust-clippy/rust-1.98.0/index.html#arithmetic_side_effects

warning: arithmetic operation that can potentially result in unexpected side-effects
  --> src/ecs/world/object_crud.rs:43:28
   |
43 |                 end_frame: start + duration,
   |                            ^^^^^^^^^^^^^^^^
   |
   = help: for further information visit https://rust-lang.github.io/rust-clippy/rust-1.98.0/index.html#arithmetic_side_effects

warning: you seem to be trying to use `match` for destructuring a single pattern. Consider using `if let`
   --> src/ecs/world/object_crud.rs:296:23
    |
296 |           let kind_id = match crate::objects::loader::by_stable_id(&o.kind_stable_id) {
    |  _______________________^
297 | |             Some(plugin) => plugin.kind_id,
298 | |             None => {
299 | |                 eprintln!(
...   |
309 | |         };
    | |_________^
    |
    = help: for further information visit https://rust-lang.github.io/rust-clippy/rust-1.98.0/index.html#single_match_else
help: try
    |
296 ~         let kind_id = if let Some(plugin) = crate::objects::loader::by_stable_id(&o.kind_stable_id) { plugin.kind_id } else {
297 +             eprintln!(
298 +                 "{}",
299 +                 t!(
300 ~                     "[NeoUtl] オブジェクト %{arg0} のプラグイン未検出、無描画で保持: stable_id=%{arg1}",
301 +                     arg0 = format!("{}", o.id),
302 +                     arg1 = format!("{}", o.kind_stable_id)
303 +                 )
304 +             );
305 +             crate::objects::loader::UNRESOLVED_KIND_ID
306 ~         };
    |

warning: useless use of `format!`
   --> src/ecs/world/object_crud.rs:304:32
    |
304 |                         arg1 = format!("{}", o.kind_stable_id)
    |                                ^^^^^^^^^^^^^^^^^^^^^^^^^^^^^^^ help: consider using `.to_string()`: `o.kind_stable_id.to_string()`
    |
    = help: for further information visit https://rust-lang.github.io/rust-clippy/rust-1.98.0/index.html#useless_format

warning: arithmetic operation that can potentially result in unexpected side-effects
   --> src/ecs/world/object_crud.rs:378:17
    |
378 |                 timeline.next_id += 1;
    |                 ^^^^^^^^^^^^^^^^^^^^^
    |
    = help: for further information visit https://rust-lang.github.io/rust-clippy/rust-1.98.0/index.html#arithmetic_side_effects

warning: arithmetic operation that can potentially result in unexpected side-effects
   --> src/ecs/world/object_crud.rs:452:23
    |
452 |             let dur = d.end_frame - d.start_frame;
    |                       ^^^^^^^^^^^^^^^^^^^^^^^^^^^
    |
    = help: for further information visit https://rust-lang.github.io/rust-clippy/rust-1.98.0/index.html#arithmetic_side_effects

warning: arithmetic operation that can potentially result in unexpected side-effects
   --> src/ecs/world/object_crud.rs:453:29
    |
453 |             let new_start = (target_frame + (d.start_frame - anchor_start)).max(0);
    |                             ^^^^^^^^^^^^^^^^^^^^^^^^^^^^^^^^^^^^^^^^^^^^^^^
    |
    = help: for further information visit https://rust-lang.github.io/rust-clippy/rust-1.98.0/index.html#arithmetic_side_effects

warning: arithmetic operation that can potentially result in unexpected side-effects
   --> src/ecs/world/object_crud.rs:454:29
    |
454 |             let new_layer = (target_layer + (d.layer - anchor_layer)).max(0);
    |                             ^^^^^^^^^^^^^^^^^^^^^^^^^^^^^^^^^^^^^^^^^
    |
    = help: for further information visit https://rust-lang.github.io/rust-clippy/rust-1.98.0/index.html#arithmetic_side_effects

warning: arithmetic operation that can potentially result in unexpected side-effects
   --> src/ecs/world/object_crud.rs:460:29
    |
460 |             doc.end_frame = new_start + dur;
    |                             ^^^^^^^^^^^^^^^
    |
    = help: for further information visit https://rust-lang.github.io/rust-clippy/rust-1.98.0/index.html#arithmetic_side_effects

warning: this function has too many lines (126/100)
   --> src/ecs/world/object_crud.rs:486:5
    |
486 |     pub fn split_object(&mut self, object_id: usize, split_frame: i32) -> Option<usize> {
    |     ^^^^^^^^^^^^^^^^^^^^^^^^^^^^^^^^^^^^^^^^^^^^^^^^^^^^^^^^^^^^^^^^^^^^^^^^^^^^^^^^^^^
    |
    = help: for further information visit https://rust-lang.github.io/rust-clippy/rust-1.98.0/index.html#too_many_lines

warning: this `if` statement can be collapsed
   --> src/ecs/world/object_crud.rs:555:13
    |
555 | /             if let Some(t) = text2.as_mut() {
556 | |                 if t.set_param(key, *value) {
557 | |                     continue;
558 | |                 }
559 | |             }
    | |_____________^
    |
    = help: for further information visit https://rust-lang.github.io/rust-clippy/rust-1.98.0/index.html#collapsible_if
help: collapse nested if block
    |
555 ~             if let Some(t) = text2.as_mut()
556 ~                 && t.set_param(key, *value) {
557 |                     continue;
558 ~                 }
    |

warning: arithmetic operation that can potentially result in unexpected side-effects
   --> src/ecs/world/object_crud.rs:583:17
    |
583 |                 timeline.next_id += 1;
    |                 ^^^^^^^^^^^^^^^^^^^^^
    |
    = help: for further information visit https://rust-lang.github.io/rust-clippy/rust-1.98.0/index.html#arithmetic_side_effects

warning: arithmetic operation that can potentially result in unexpected side-effects
   --> src/ecs/world/object_crud.rs:614:13
    |
614 |             m.trim_in_frame += (split_frame - range.start_frame) as i64;
    |             ^^^^^^^^^^^^^^^^^^^^^^^^^^^^^^^^^^^^^^^^^^^^^^^^^^^^^^^^^^^
    |
    = help: for further information visit https://rust-lang.github.io/rust-clippy/rust-1.98.0/index.html#arithmetic_side_effects

warning: casts from `i32` to `i64` can be expressed infallibly using `From`
   --> src/ecs/world/object_crud.rs:614:32
    |
614 |             m.trim_in_frame += (split_frame - range.start_frame) as i64;
    |                                ^^^^^^^^^^^^^^^^^^^^^^^^^^^^^^^^^^^^^^^^
    |
    = help: an `as` cast can become silently lossy if the types change in the future
    = help: for further information visit https://rust-lang.github.io/rust-clippy/rust-1.98.0/index.html#cast_lossless
help: use `i64::from` instead
    |
614 -             m.trim_in_frame += (split_frame - range.start_frame) as i64;
614 +             m.trim_in_frame += i64::from(split_frame - range.start_frame);
    |

warning: arithmetic operation that can potentially result in unexpected side-effects
  --> src/ecs/world/scene.rs:13:13
   |
13 |             scenes.next_scene_id += 1;
   |             ^^^^^^^^^^^^^^^^^^^^^^^^^
   |
   = help: for further information visit https://rust-lang.github.io/rust-clippy/rust-1.98.0/index.html#arithmetic_side_effects

warning: this `if` statement can be collapsed
  --> src/ecs/world/scene.rs:63:21
   |
63 | /                     if obj.target_scene == scene_id {
64 | |                         if let Ok(scene) = scene_ids.get(entity) {
65 | |                             referrers.push(scene.0);
66 | |                         }
67 | |                     }
   | |_____________________^
   |
   = help: for further information visit https://rust-lang.github.io/rust-clippy/rust-1.98.0/index.html#collapsible_if
help: collapse nested if block
   |
63 ~                     if obj.target_scene == scene_id
64 ~                         && let Ok(scene) = scene_ids.get(entity) {
65 |                             referrers.push(scene.0);
66 ~                         }
   |

warning: this argument is passed by value, but not consumed in the function body
   --> src/ecs/world/scene.rs:154:63
    |
154 |     pub fn update_scene_settings(&mut self, scene_id: i32, s: SceneSettings) -> bool {
    |                                                               ^^^^^^^^^^^^^
    |
    = help: for further information visit https://rust-lang.github.io/rust-clippy/rust-1.98.0/index.html#needless_pass_by_value
help: consider taking a reference instead
    |
154 |     pub fn update_scene_settings(&mut self, scene_id: i32, s: &SceneSettings) -> bool {
    |                                                               +

warning: arithmetic operation that can potentially result in unexpected side-effects
  --> src/ecs/world/serialize.rs:96:33
   |
96 |             let next_scene_id = doc.scenes.iter().map(|s| s.id).max().unwrap_or(0) + 1;
   |                                 ^^^^^^^^^^^^^^^^^^^^^^^^^^^^^^^^^^^^^^^^^^^^^^^^^^^^^^
   |
   = help: for further information visit https://rust-lang.github.io/rust-clippy/rust-1.98.0/index.html#arithmetic_side_effects

warning: casting `u32` to `f32` may cause a loss of precision (`u32` is 32 bits wide, but `f32`'s mantissa is only 23 bits wide)
  --> src/ecs/world/settings.rs:50:48
   |
50 |         self.set_camera(Camera::for_resolution(width as f32, height as f32));
   |                                                ^^^^^^^^^^^^
   |
   = help: for further information visit https://rust-lang.github.io/rust-clippy/rust-1.98.0/index.html#cast_precision_loss

warning: casting `u32` to `f32` may cause a loss of precision (`u32` is 32 bits wide, but `f32`'s mantissa is only 23 bits wide)
  --> src/ecs/world/settings.rs:50:62
   |
50 |         self.set_camera(Camera::for_resolution(width as f32, height as f32));
   |                                                              ^^^^^^^^^^^^^
   |
   = help: for further information visit https://rust-lang.github.io/rust-clippy/rust-1.98.0/index.html#cast_precision_loss

warning: called `map(<f>).unwrap_or(<a>)` on an `Option` value
  --> src/ecs/world/timeline.rs:95:54
   |
95 |                       let (curtain_down, curtain_up) = group_controls
   |  ______________________________________________________^
96 | |                         .get(_entity)
97 | |                         .ok()
98 | |                         .map(|gc| (gc.layer_count_down as i32, gc.layer_count_up as i32))
99 | |                         .unwrap_or((0, 0));
   | |__________________________________________^
   |
   = help: for further information visit https://rust-lang.github.io/rust-clippy/rust-1.98.0/index.html#map_unwrap_or
help: use `map_or(<a>, <f>)` instead
   |
98 -                         .map(|gc| (gc.layer_count_down as i32, gc.layer_count_up as i32))
99 -                         .unwrap_or((0, 0));
98 +                         .map_or((0, 0), |gc| (gc.layer_count_down as i32, gc.layer_count_up as i32));
   |

warning: used underscore-prefixed binding
  --> src/ecs/world/timeline.rs:96:30
   |
96 |                         .get(_entity)
   |                              ^^^^^^^
   |
note: binding is defined here
  --> src/ecs/world/timeline.rs:87:22
   |
87 |                 for (_entity, (id, range, kind, layer, scene)) in
   |                      ^^^^^^^
   = help: for further information visit https://rust-lang.github.io/rust-clippy/rust-1.98.0/index.html#used_underscore_binding
   = note: `#[warn(clippy::used_underscore_binding)]` implied by `#[warn(clippy::pedantic)]`

warning: casting `u32` to `i32` may wrap around the value
  --> src/ecs/world/timeline.rs:98:36
   |
98 |                         .map(|gc| (gc.layer_count_down as i32, gc.layer_count_up as i32))
   |                                    ^^^^^^^^^^^^^^^^^^^^^^^^^^ help: if this is intentional, use `cast_signed()` instead: `gc.layer_count_down.cast_signed()`
   |
   = help: for further information visit https://rust-lang.github.io/rust-clippy/rust-1.98.0/index.html#cast_possible_wrap

warning: casting `u32` to `i32` may wrap around the value
  --> src/ecs/world/timeline.rs:98:64
   |
98 |                         .map(|gc| (gc.layer_count_down as i32, gc.layer_count_up as i32))
   |                                                                ^^^^^^^^^^^^^^^^^^^^^^^^ help: if this is intentional, use `cast_signed()` instead: `gc.layer_count_up.cast_signed()`
   |
   = help: for further information visit https://rust-lang.github.io/rust-clippy/rust-1.98.0/index.html#cast_possible_wrap

warning: called `map(<f>).unwrap_or(<a>)` on an `Option` value
   --> src/ecs/world/timeline.rs:100:48
    |
100 |                       let (clip_down, clip_up) = clip_targets
    |  ________________________________________________^
101 | |                         .get(_entity)
102 | |                         .ok()
103 | |                         .filter(|ct| ct.enabled)
104 | |                         .map(|ct| (ct.layer_count_down as i32, ct.layer_count_up as i32))
105 | |                         .unwrap_or((0, 0));
    | |__________________________________________^
    |
    = help: for further information visit https://rust-lang.github.io/rust-clippy/rust-1.98.0/index.html#map_unwrap_or
help: use `map_or(<a>, <f>)` instead
    |
104 -                         .map(|ct| (ct.layer_count_down as i32, ct.layer_count_up as i32))
105 -                         .unwrap_or((0, 0));
104 +                         .map_or((0, 0), |ct| (ct.layer_count_down as i32, ct.layer_count_up as i32));
    |

warning: used underscore-prefixed binding
   --> src/ecs/world/timeline.rs:101:30
    |
101 |                         .get(_entity)
    |                              ^^^^^^^
    |
note: binding is defined here
   --> src/ecs/world/timeline.rs:87:22
    |
 87 |                 for (_entity, (id, range, kind, layer, scene)) in
    |                      ^^^^^^^
    = help: for further information visit https://rust-lang.github.io/rust-clippy/rust-1.98.0/index.html#used_underscore_binding

warning: casting `u32` to `i32` may wrap around the value
   --> src/ecs/world/timeline.rs:104:36
    |
104 |                         .map(|ct| (ct.layer_count_down as i32, ct.layer_count_up as i32))
    |                                    ^^^^^^^^^^^^^^^^^^^^^^^^^^ help: if this is intentional, use `cast_signed()` instead: `ct.layer_count_down.cast_signed()`
    |
    = help: for further information visit https://rust-lang.github.io/rust-clippy/rust-1.98.0/index.html#cast_possible_wrap

warning: casting `u32` to `i32` may wrap around the value
   --> src/ecs/world/timeline.rs:104:64
    |
104 |                         .map(|ct| (ct.layer_count_down as i32, ct.layer_count_up as i32))
    |                                                                ^^^^^^^^^^^^^^^^^^^^^^^^ help: if this is intentional, use `cast_signed()` instead: `ct.layer_count_up.cast_signed()`
    |
    = help: for further information visit https://rust-lang.github.io/rust-clippy/rust-1.98.0/index.html#cast_possible_wrap

warning: casting `usize` to `i32` may truncate the value on targets with 64-bit wide pointers
   --> src/ecs/world/timeline.rs:107:29
    |
107 |                         id: id.0 as i32,
    |                             ^^^^^^^^^^^
    |
    = help: if this is intentional allow the lint with `#[allow(clippy::cast_possible_truncation)]` ...
    = help: for further information visit https://rust-lang.github.io/rust-clippy/rust-1.98.0/index.html#cast_possible_truncation
help: ... or use `try_from` and handle the error accordingly
    |
107 -                         id: id.0 as i32,
107 +                         id: i32::try_from(id.0),
    |

warning: casting `usize` to `i32` may wrap around the value on targets with 32-bit wide pointers
   --> src/ecs/world/timeline.rs:107:29
    |
107 |                         id: id.0 as i32,
    |                             ^^^^^^^^^^^
    |
    = help: for further information visit https://rust-lang.github.io/rust-clippy/rust-1.98.0/index.html#cast_possible_wrap

warning: casting `u32` to `i32` may wrap around the value
   --> src/ecs/world/timeline.rs:110:31
    |
110 |                         kind: kind.0 as i32,
    |                               ^^^^^^^^^^^^^ help: if this is intentional, use `cast_signed()` instead: `kind.0.cast_signed()`
    |
    = help: for further information visit https://rust-lang.github.io/rust-clippy/rust-1.98.0/index.html#cast_possible_wrap

warning: used underscore-prefixed binding
   --> src/ecs/world/timeline.rs:112:47
    |
112 |                         media_path: media.get(_entity).ok().map(|m| m.path.clone()),
    |                                               ^^^^^^^
    |
note: binding is defined here
   --> src/ecs/world/timeline.rs:87:22
    |
 87 |                 for (_entity, (id, range, kind, layer, scene)) in
    |                      ^^^^^^^
    = help: for further information visit https://rust-lang.github.io/rust-clippy/rust-1.98.0/index.html#used_underscore_binding

warning: used underscore-prefixed binding
   --> src/ecs/world/timeline.rs:113:56
    |
113 |                         media_trim_in_frame: media.get(_entity).ok().map_or(0, |m| m.trim_in_frame),
    |                                                        ^^^^^^^
    |
note: binding is defined here
   --> src/ecs/world/timeline.rs:87:22
    |
 87 |                 for (_entity, (id, range, kind, layer, scene)) in
    |                      ^^^^^^^
    = help: for further information visit https://rust-lang.github.io/rust-clippy/rust-1.98.0/index.html#used_underscore_binding

warning: arithmetic operation that can potentially result in unexpected side-effects
   --> src/ecs/world/timeline.rs:164:26
    |
164 |             .map(|c| (c, (c - frame).abs()))
    |                          ^^^^^^^^^^^
    |
    = help: for further information visit https://rust-lang.github.io/rust-clippy/rust-1.98.0/index.html#arithmetic_side_effects

warning: arithmetic operation that can potentially result in unexpected side-effects
   --> src/ecs/world/timeline.rs:191:39
    |
191 | ...                   let dur = range.end_frame - range.start_frame;
    |                                 ^^^^^^^^^^^^^^^^^^^^^^^^^^^^^^^^^^^
    |
    = help: for further information visit https://rust-lang.github.io/rust-clippy/rust-1.98.0/index.html#arithmetic_side_effects

warning: arithmetic operation that can potentially result in unexpected side-effects
   --> src/ecs/world/timeline.rs:192:41
    |
192 | ...                   let delta = new_start - range.start_frame;
    |                                   ^^^^^^^^^^^^^^^^^^^^^^^^^^^^^
    |
    = help: for further information visit https://rust-lang.github.io/rust-clippy/rust-1.98.0/index.html#arithmetic_side_effects

warning: arithmetic operation that can potentially result in unexpected side-effects
   --> src/ecs/world/timeline.rs:194:47
    |
194 | ...                   range.end_frame = new_start + dur;
    |                                         ^^^^^^^^^^^^^^^
    |
    = help: for further information visit https://rust-lang.github.io/rust-clippy/rust-1.98.0/index.html#arithmetic_side_effects

warning: it is more concise to loop over references to containers instead of using explicit iteration methods
   --> src/ecs/world/timeline.rs:204:49
    |
204 | ...                   for instance in stack.0.iter_mut() {
    |                                       ^^^^^^^^^^^^^^^^^^ help: to write this more concisely, try: `&mut stack.0`
    |
    = help: for further information visit https://rust-lang.github.io/rust-clippy/rust-1.98.0/index.html#explicit_iter_loop

warning: arithmetic operation that can potentially result in unexpected side-effects
   --> src/ecs/world/timeline.rs:236:59
    |
236 | ...                   range.end_frame = new_end.max(range.start_frame + 1);
    |                                                     ^^^^^^^^^^^^^^^^^^^^^
    |
    = help: for further information visit https://rust-lang.github.io/rust-clippy/rust-1.98.0/index.html#arithmetic_side_effects

warning: it is more concise to loop over references to containers instead of using explicit iteration methods
   --> src/ecs/world/timeline.rs:245:45
    |
245 | ...                   for instance in stack.0.iter_mut() {
    |                                       ^^^^^^^^^^^^^^^^^^ help: to write this more concisely, try: `&mut stack.0`
    |
    = help: for further information visit https://rust-lang.github.io/rust-clippy/rust-1.98.0/index.html#explicit_iter_loop

warning: arithmetic operation that can potentially result in unexpected side-effects
   --> src/ecs/world/timeline.rs:280:21
    |
280 |         let delta = snapped_start - old_start;
    |                     ^^^^^^^^^^^^^^^^^^^^^^^^^
    |
    = help: for further information visit https://rust-lang.github.io/rust-clippy/rust-1.98.0/index.html#arithmetic_side_effects

warning: arithmetic operation that can potentially result in unexpected side-effects
   --> src/ecs/world/timeline.rs:297:34
    |
297 |             self.move_object(id, start + delta, layer);
    |                                  ^^^^^^^^^^^^^
    |
    = help: for further information visit https://rust-lang.github.io/rust-clippy/rust-1.98.0/index.html#arithmetic_side_effects

warning: arithmetic operation that can potentially result in unexpected side-effects
   --> src/ecs/world/timeline.rs:317:18
    |
317 |             .max(old_start + 1);
    |                  ^^^^^^^^^^^^^
    |
    = help: for further information visit https://rust-lang.github.io/rust-clippy/rust-1.98.0/index.html#arithmetic_side_effects

warning: arithmetic operation that can potentially result in unexpected side-effects
   --> src/ecs/world/timeline.rs:318:21
    |
318 |         let delta = snapped_end - old_end;
    |                     ^^^^^^^^^^^^^^^^^^^^^
    |
    = help: for further information visit https://rust-lang.github.io/rust-clippy/rust-1.98.0/index.html#arithmetic_side_effects

warning: arithmetic operation that can potentially result in unexpected side-effects
   --> src/ecs/world/timeline.rs:335:34
    |
335 |             self.move_object(id, start + delta, layer);
    |                                  ^^^^^^^^^^^^^
    |
    = help: for further information visit https://rust-lang.github.io/rust-clippy/rust-1.98.0/index.html#arithmetic_side_effects

warning: adding items after statements is confusing, since items exist from the start of the scope
   --> src/ecs/world/transform.rs:81:9
    |
 81 | /         fn resolve(
 82 | |             entity: EntityId,
 83 | |             local: &HashMap<EntityId, [f32; 16]>,
 84 | |             parents: &HashMap<EntityId, EntityId>,
...   |
102 | |             world_matrix
103 | |         }
    | |_________^
    |
    = help: for further information visit https://rust-lang.github.io/rust-clippy/rust-1.98.0/index.html#items_after_statements

warning: arithmetic operation that can potentially result in unexpected side-effects
  --> src/ecs/world/transform.rs:96:82
   |
96 |                     let parent_world = resolve(parent, local, parents, resolved, depth + 1);
   |                                                                                  ^^^^^^^^^
   |
   = help: for further information visit https://rust-lang.github.io/rust-clippy/rust-1.98.0/index.html#arithmetic_side_effects

warning: you seem to be trying to use `match` for destructuring a single pattern. Consider using `if let`
  --> src/ecs/mod.rs:17:5
   |
17 | /     match crate::objects::loader::by_kind_id(kind_id) {
18 | |         Some(plugin) => plugin.stable_id.clone(),
19 | |         None => {
20 | |             eprintln!(
...  |
30 | |     }
   | |_____^
   |
   = help: for further information visit https://rust-lang.github.io/rust-clippy/rust-1.98.0/index.html#single_match_else
help: try
   |
17 ~     if let Some(plugin) = crate::objects::loader::by_kind_id(kind_id) { plugin.stable_id.clone() } else {
18 +         eprintln!(
19 +             "{}",
20 +             t!(
21 ~                 "[NeoUtl] オブジェクト %{arg0} の kind_id=%{arg1} を stable_id へ解決不能、空値で保存",
22 +                 arg0 = format!("{}", object_id),
23 +                 arg1 = format!("{}", kind_id)
24 +             )
25 +         );
26 +         String::new()
27 +     }
   |

warning: casting `usize` to `u32` may truncate the value on targets with 64-bit wide pointers
  --> src/effects/loader.rs:89:65
   |
89 |             Self::Lua(s) => neoutl_effect_api::uniform_size_std(s.param_schema.len() as u32),
   |                                                                 ^^^^^^^^^^^^^^^^^^^^^^^^^^^
   |
   = help: if this is intentional allow the lint with `#[allow(clippy::cast_possible_truncation)]` ...
   = help: for further information visit https://rust-lang.github.io/rust-clippy/rust-1.98.0/index.html#cast_possible_truncation
help: ... or use `try_from` and handle the error accordingly
   |
89 -             Self::Lua(s) => neoutl_effect_api::uniform_size_std(s.param_schema.len() as u32),
89 +             Self::Lua(s) => neoutl_effect_api::uniform_size_std(u32::try_from(s.param_schema.len())),
   |

warning: casting `usize` to `u32` may truncate the value on targets with 64-bit wide pointers
  --> src/effects/loader.rs:96:58
   |
96 |                 (p.vtable.pack_uniform)(params.as_ptr(), params.len() as u32, out.as_mut_ptr());
   |                                                          ^^^^^^^^^^^^^^^^^^^
   |
   = help: if this is intentional allow the lint with `#[allow(clippy::cast_possible_truncation)]` ...
   = help: for further information visit https://rust-lang.github.io/rust-clippy/rust-1.98.0/index.html#cast_possible_truncation
help: ... or use `try_from` and handle the error accordingly
   |
96 -                 (p.vtable.pack_uniform)(params.as_ptr(), params.len() as u32, out.as_mut_ptr());
96 +                 (p.vtable.pack_uniform)(params.as_ptr(), u32::try_from(params.len()), out.as_mut_ptr());
   |

warning: casting `usize` to `u32` may truncate the value on targets with 64-bit wide pointers
   --> src/effects/loader.rs:101:21
    |
101 |                     params.len() as u32,
    |                     ^^^^^^^^^^^^^^^^^^^
    |
    = help: if this is intentional allow the lint with `#[allow(clippy::cast_possible_truncation)]` ...
    = help: for further information visit https://rust-lang.github.io/rust-clippy/rust-1.98.0/index.html#cast_possible_truncation
help: ... or use `try_from` and handle the error accordingly
    |
101 -                     params.len() as u32,
101 +                     u32::try_from(params.len()),
    |

warning: reference as raw pointer
   --> src/effects/loader.rs:115:42
    |
115 |                     let res = unsafe { f(handle as *const _) };
    |                                          ^^^^^^^^^^^^^^^^^^ help: try: `std::ptr::from_ref(handle)`
    |
    = help: for further information visit https://rust-lang.github.io/rust-clippy/rust-1.98.0/index.html#ref_as_ptr
    = note: `#[warn(clippy::ref_as_ptr)]` implied by `#[warn(clippy::pedantic)]`

warning: useless use of `format!`
   --> src/effects/loader.rs:177:24
    |
177 |                 arg0 = format!("{}", s.id()),
    |                        ^^^^^^^^^^^^^^^^^^^^^ help: consider using `.to_string()`: `s.id().to_string()`
    |
    = help: for further information visit https://rust-lang.github.io/rust-clippy/rust-1.98.0/index.html#useless_format

warning: useless use of `format!`
   --> src/effects/loader.rs:178:24
    |
178 |                 arg1 = format!("{}", s.name()),
    |                        ^^^^^^^^^^^^^^^^^^^^^^^ help: consider using `.to_string()`: `s.name().to_string()`
    |
    = help: for further information visit https://rust-lang.github.io/rust-clippy/rust-1.98.0/index.html#useless_format

warning: useless use of `format!`
   --> src/effects/loader.rs:179:24
    |
179 |                 arg2 = format!("{}", kind)
    |                        ^^^^^^^^^^^^^^^^^^^ help: consider using `.to_string()`: `kind.to_string()`
    |
    = help: for further information visit https://rust-lang.github.io/rust-clippy/rust-1.98.0/index.html#useless_format

warning: useless use of `format!`
   --> src/effects/loader.rs:224:20
    |
224 |             arg0 = format!("{}", id)
    |                    ^^^^^^^^^^^^^^^^^ help: consider using `.to_string()`: `id.to_string()`
    |
    = help: for further information visit https://rust-lang.github.io/rust-clippy/rust-1.98.0/index.html#useless_format

warning: called `map(<f>).unwrap_or_else(<g>)` on an `Option` value
   --> src/effects/loader.rs:314:5
    |
314 | /     default_effects_dir()
315 | |         .parent()
316 | |         .map(|p| p.join("scripts"))
317 | |         .unwrap_or_else(|| PathBuf::from("scripts"))
    | |____________________________________________________^
    |
    = help: for further information visit https://rust-lang.github.io/rust-clippy/rust-1.98.0/index.html#map_unwrap_or
help: try
    |
314 ~     default_effects_dir()
315 +         .parent().map_or_else(|| PathBuf::from("scripts"), |p| p.join("scripts"))
    |

warning: usage of wildcard import
 --> src/extensions/builtin.rs:1:5
  |
1 | use neoutl_sdk::extension::*;
  |     ^^^^^^^^^^^^^^^^^^^^^^^^ help: try: `neoutl_sdk::extension::{ExtensionMetadata, ExtensionPlugin, ExtensionContext, PanelDescriptor, PanelPlacement, MenuItemDescriptor, MenuLocation, MenuBarSection, CommandDescriptor, EditSession, FileDropDescriptor}`
  |
  = help: for further information visit https://rust-lang.github.io/rust-clippy/rust-1.98.0/index.html#wildcard_imports
  = note: `#[warn(clippy::wildcard_imports)]` implied by `#[warn(clippy::pedantic)]`

warning: assigning the result of `ToOwned::to_owned()` may be inefficient
  --> src/extensions/builtin.rs:15:9
   |
15 |         meta.author = "NeoUtl Core Team".to_owned();
   |         ^^^^^^^^^^^^^^^^^^^^^^^^^^^^^^^^^^^^^^^^^^^ help: use `clone_into()`: `"NeoUtl Core Team".clone_into(&mut meta.author)`
   |
   = help: for further information visit https://rust-lang.github.io/rust-clippy/rust-1.98.0/index.html#assigning_clones

warning: assigning the result of `ToOwned::to_owned()` may be inefficient
  --> src/extensions/builtin.rs:16:9
   |
16 | /         meta.description =
17 | |             "タイムラインのバッチ処理やマクロ自動化、HUD表示を提供する標準拡張プラグイン"
18 | |                 .to_owned();
   | |___________________________^ help: use `clone_into()`: `"タイムラインのバッチ処理やマクロ自動化、HUD表示を提供する標準拡張プラグイン".clone_into(&mut meta.description)`
   |
   = help: for further information visit https://rust-lang.github.io/rust-clippy/rust-1.98.0/index.html#assigning_clones

warning: assigning the result of `ToOwned::to_owned()` may be inefficient
  --> src/extensions/builtin.rs:19:9
   |
19 |         meta.version = "1.0.0".to_owned();
   |         ^^^^^^^^^^^^^^^^^^^^^^^^^^^^^^^^^ help: use `clone_into()`: `"1.0.0".clone_into(&mut meta.version)`
   |
   = help: for further information visit https://rust-lang.github.io/rust-clippy/rust-1.98.0/index.html#assigning_clones

warning: this `if` statement can be collapsed
   --> src/extensions/builtin.rs:93:17
    |
 93 | /                 if ui.button("➕ カーソル位置に字幕テキスト追加").clicked() {
 94 | |                     if let Some(session) = &mut ctx.edit_session {
 95 | |                         let cur = session.cursor_frame();
 96 | |                         match session.create_text_object("新規テキスト", 1, cur, 90) {
...   |
105 | |                 }
    | |_________________^
    |
    = help: for further information visit https://rust-lang.github.io/rust-clippy/rust-1.98.0/index.html#collapsible_if
help: collapse nested if block
    |
 93 ~                 if ui.button("➕ カーソル位置に字幕テキスト追加").clicked()
 94 ~                     && let Some(session) = &mut ctx.edit_session {
 95 |                         let cur = session.cursor_frame();
...
103 |                         }
104 ~                     }
    |

warning: this `if` statement can be collapsed
   --> src/extensions/builtin.rs:107:17
    |
107 | /                 if ui
108 | |                     .button("⏹️ 選択クリップの不透明度を100%にリセット")
109 | |                     .clicked()
...   |
118 | |                 }
    | |_________________^
    |
    = help: for further information visit https://rust-lang.github.io/rust-clippy/rust-1.98.0/index.html#collapsible_if
help: collapse nested if block
    |
109 ~                     .clicked()
110 ~                     && let Some(session) = &mut ctx.edit_session {
111 |                         let selected = session.selected_object_ids();
...
115 |                         ctx.show_toast("不透明度をリセットしました");
116 ~                     }
    |

warning: this `if` statement can be collapsed
   --> src/extensions/builtin.rs:145:13
    |
145 | /             if ui.button("挿入").clicked() {
146 | |                 if let Some(session) = &mut ctx.edit_session {
147 | |                     let cur = session.cursor_frame();
148 | |                     match session.create_text_object(&self.custom_script_input, 1, cur, 90) {
...   |
159 | |             }
    | |_____________^
    |
    = help: for further information visit https://rust-lang.github.io/rust-clippy/rust-1.98.0/index.html#collapsible_if
help: collapse nested if block
    |
145 ~             if ui.button("挿入").clicked()
146 ~                 && let Some(session) = &mut ctx.edit_session {
147 |                     let cur = session.cursor_frame();
...
157 |                     }
158 ~                 }
    |

warning: indexing may panic
   --> src/extensions/builtin.rs:185:40
    |
185 |                         let prev_end = objects[i - 1].end_frame;
    |                                        ^^^^^^^^^^^^^^
    |
    = help: consider using `.get(n)` or `.get_mut(n)` instead
    = help: for further information visit https://rust-lang.github.io/rust-clippy/rust-1.98.0/index.html#indexing_slicing

warning: arithmetic operation that can potentially result in unexpected side-effects
   --> src/extensions/builtin.rs:185:48
    |
185 |                         let prev_end = objects[i - 1].end_frame;
    |                                                ^^^^^
    |
    = help: for further information visit https://rust-lang.github.io/rust-clippy/rust-1.98.0/index.html#arithmetic_side_effects

warning: indexing may panic
   --> src/extensions/builtin.rs:186:38
    |
186 |                         let cur_id = objects[i].id;
    |                                      ^^^^^^^^^^
    |
    = help: consider using `.get(n)` or `.get_mut(n)` instead
    = help: for further information visit https://rust-lang.github.io/rust-clippy/rust-1.98.0/index.html#indexing_slicing

warning: indexing may panic
   --> src/extensions/builtin.rs:187:41
    |
187 |                         let cur_layer = objects[i].layer;
    |                                         ^^^^^^^^^^
    |
    = help: consider using `.get(n)` or `.get_mut(n)` instead
    = help: for further information visit https://rust-lang.github.io/rust-clippy/rust-1.98.0/index.html#indexing_slicing

warning: indexing may panic
   --> src/extensions/builtin.rs:188:39
    |
188 |                         let cur_dur = objects[i].duration;
    |                                       ^^^^^^^^^^
    |
    = help: consider using `.get(n)` or `.get_mut(n)` instead
    = help: for further information visit https://rust-lang.github.io/rust-clippy/rust-1.98.0/index.html#indexing_slicing

warning: indexing may panic
   --> src/extensions/builtin.rs:190:25
    |
190 |                         objects[i].start_frame = prev_end;
    |                         ^^^^^^^^^^
    |
    = help: consider using `.get(n)` or `.get_mut(n)` instead
    = help: for further information visit https://rust-lang.github.io/rust-clippy/rust-1.98.0/index.html#indexing_slicing

warning: arithmetic operation that can potentially result in unexpected side-effects
   --> src/extensions/builtin.rs:191:48
    |
191 |                         objects[i].end_frame = prev_end + cur_dur;
    |                                                ^^^^^^^^^^^^^^^^^^
    |
    = help: for further information visit https://rust-lang.github.io/rust-clippy/rust-1.98.0/index.html#arithmetic_side_effects

warning: indexing may panic
   --> src/extensions/builtin.rs:191:25
    |
191 |                         objects[i].end_frame = prev_end + cur_dur;
    |                         ^^^^^^^^^^
    |
    = help: consider using `.get(n)` or `.get_mut(n)` instead
    = help: for further information visit https://rust-lang.github.io/rust-clippy/rust-1.98.0/index.html#indexing_slicing

warning: assigning the result of `ToOwned::to_owned()` may be inefficient
   --> src/extensions/builtin.rs:214:9
    |
214 |         meta.author = "NeoUtl Core Team".to_owned();
    |         ^^^^^^^^^^^^^^^^^^^^^^^^^^^^^^^^^^^^^^^^^^^ help: use `clone_into()`: `"NeoUtl Core Team".clone_into(&mut meta.author)`
    |
    = help: for further information visit https://rust-lang.github.io/rust-clippy/rust-1.98.0/index.html#assigning_clones

warning: assigning the result of `ToOwned::to_owned()` may be inefficient
   --> src/extensions/builtin.rs:215:9
    |
215 |         meta.description = "SRT/VTT字幕ファイルをドラッグ＆ドロップで自動配置する拡張".to_owned();
    |         ^^^^^^^^^^^^^^^^^^^^^^^^^^^^^^^^^^^^^^^^^^^^^^^^^^^^^^^^^^^^^^^^^^^^^^^^^^^^^^^^^^^^^^^^^ help: use `clone_into()`: `"SRT/VTT字幕ファイルをドラッグ＆ドロップで自動配置する拡張".clone_into(&mut meta.description)`
    |
    = help: for further information visit https://rust-lang.github.io/rust-clippy/rust-1.98.0/index.html#assigning_clones

warning: indexing may panic
   --> src/extensions/builtin.rs:283:52
    |
283 |                         start_sec = parse_srt_time(parts[0].trim());
    |                                                    ^^^^^^^^
    |
    = help: consider using `.get(n)` or `.get_mut(n)` instead
    = help: for further information visit https://rust-lang.github.io/rust-clippy/rust-1.98.0/index.html#indexing_slicing

warning: indexing may panic
   --> src/extensions/builtin.rs:284:50
    |
284 |                         end_sec = parse_srt_time(parts[1].trim());
    |                                                  ^^^^^^^^
    |
    = help: consider using `.get(n)` or `.get_mut(n)` instead
    = help: for further information visit https://rust-lang.github.io/rust-clippy/rust-1.98.0/index.html#indexing_slicing

warning: arithmetic operation that can potentially result in unexpected side-effects
   --> src/extensions/builtin.rs:292:39
    |
292 |                     let start_frame = drop_frame + (start_sec * fps as f64).round() as i32;
    |                                       ^^^^^^^^^^^^^^^^^^^^^^^^^^^^^^^^^^^^^^^^^^^^^^^^^^^^
    |
    = help: for further information visit https://rust-lang.github.io/rust-clippy/rust-1.98.0/index.html#arithmetic_side_effects

warning: casting `f64` to `i32` may truncate the value
   --> src/extensions/builtin.rs:292:52
    |
292 |                     let start_frame = drop_frame + (start_sec * fps as f64).round() as i32;
    |                                                    ^^^^^^^^^^^^^^^^^^^^^^^^^^^^^^^^^^^^^^^
    |
    = help: if this is intentional allow the lint with `#[allow(clippy::cast_possible_truncation)]` ...
    = help: for further information visit https://rust-lang.github.io/rust-clippy/rust-1.98.0/index.html#cast_possible_truncation

warning: casts from `u32` to `f64` can be expressed infallibly using `From`
   --> src/extensions/builtin.rs:292:65
    |
292 |                     let start_frame = drop_frame + (start_sec * fps as f64).round() as i32;
    |                                                                 ^^^^^^^^^^
    |
    = help: an `as` cast can become silently lossy if the types change in the future
    = help: for further information visit https://rust-lang.github.io/rust-clippy/rust-1.98.0/index.html#cast_lossless
help: use `f64::from` instead
    |
292 -                     let start_frame = drop_frame + (start_sec * fps as f64).round() as i32;
292 +                     let start_frame = drop_frame + (start_sec * f64::from(fps)).round() as i32;
    |

warning: casting `f64` to `i32` may truncate the value
   --> src/extensions/builtin.rs:293:36
    |
293 |                     let duration = ((end_sec - start_sec) * fps as f64).round().max(1.0) as i32;
    |                                    ^^^^^^^^^^^^^^^^^^^^^^^^^^^^^^^^^^^^^^^^^^^^^^^^^^^^^^^^^^^^
    |
    = help: if this is intentional allow the lint with `#[allow(clippy::cast_possible_truncation)]` ...
    = help: for further information visit https://rust-lang.github.io/rust-clippy/rust-1.98.0/index.html#cast_possible_truncation

warning: casts from `u32` to `f64` can be expressed infallibly using `From`
   --> src/extensions/builtin.rs:293:61
    |
293 |                     let duration = ((end_sec - start_sec) * fps as f64).round().max(1.0) as i32;
    |                                                             ^^^^^^^^^^
    |
    = help: an `as` cast can become silently lossy if the types change in the future
    = help: for further information visit https://rust-lang.github.io/rust-clippy/rust-1.98.0/index.html#cast_lossless
help: use `f64::from` instead
    |
293 -                     let duration = ((end_sec - start_sec) * fps as f64).round().max(1.0) as i32;
293 +                     let duration = ((end_sec - start_sec) * f64::from(fps)).round().max(1.0) as i32;
    |

warning: arithmetic operation that can potentially result in unexpected side-effects
   --> src/extensions/builtin.rs:298:25
    |
298 |                         added_count += 1;
    |                         ^^^^^^^^^^^^^^^^
    |
    = help: for further information visit https://rust-lang.github.io/rust-clippy/rust-1.98.0/index.html#arithmetic_side_effects

warning: arithmetic operation that can potentially result in unexpected side-effects
   --> src/extensions/builtin.rs:305:35
    |
305 |                 let start_frame = drop_frame + (start_sec * fps as f64).round() as i32;
    |                                   ^^^^^^^^^^^^^^^^^^^^^^^^^^^^^^^^^^^^^^^^^^^^^^^^^^^^
    |
    = help: for further information visit https://rust-lang.github.io/rust-clippy/rust-1.98.0/index.html#arithmetic_side_effects

warning: casting `f64` to `i32` may truncate the value
   --> src/extensions/builtin.rs:305:48
    |
305 |                 let start_frame = drop_frame + (start_sec * fps as f64).round() as i32;
    |                                                ^^^^^^^^^^^^^^^^^^^^^^^^^^^^^^^^^^^^^^^
    |
    = help: if this is intentional allow the lint with `#[allow(clippy::cast_possible_truncation)]` ...
    = help: for further information visit https://rust-lang.github.io/rust-clippy/rust-1.98.0/index.html#cast_possible_truncation

warning: casts from `u32` to `f64` can be expressed infallibly using `From`
   --> src/extensions/builtin.rs:305:61
    |
305 |                 let start_frame = drop_frame + (start_sec * fps as f64).round() as i32;
    |                                                             ^^^^^^^^^^
    |
    = help: an `as` cast can become silently lossy if the types change in the future
    = help: for further information visit https://rust-lang.github.io/rust-clippy/rust-1.98.0/index.html#cast_lossless
help: use `f64::from` instead
    |
305 -                 let start_frame = drop_frame + (start_sec * fps as f64).round() as i32;
305 +                 let start_frame = drop_frame + (start_sec * f64::from(fps)).round() as i32;
    |

warning: casting `f64` to `i32` may truncate the value
   --> src/extensions/builtin.rs:306:32
    |
306 |                 let duration = ((end_sec - start_sec) * fps as f64).round().max(1.0) as i32;
    |                                ^^^^^^^^^^^^^^^^^^^^^^^^^^^^^^^^^^^^^^^^^^^^^^^^^^^^^^^^^^^^
    |
    = help: if this is intentional allow the lint with `#[allow(clippy::cast_possible_truncation)]` ...
    = help: for further information visit https://rust-lang.github.io/rust-clippy/rust-1.98.0/index.html#cast_possible_truncation

warning: casts from `u32` to `f64` can be expressed infallibly using `From`
   --> src/extensions/builtin.rs:306:57
    |
306 |                 let duration = ((end_sec - start_sec) * fps as f64).round().max(1.0) as i32;
    |                                                         ^^^^^^^^^^
    |
    = help: an `as` cast can become silently lossy if the types change in the future
    = help: for further information visit https://rust-lang.github.io/rust-clippy/rust-1.98.0/index.html#cast_lossless
help: use `f64::from` instead
    |
306 -                 let duration = ((end_sec - start_sec) * fps as f64).round().max(1.0) as i32;
306 +                 let duration = ((end_sec - start_sec) * f64::from(fps)).round().max(1.0) as i32;
    |

warning: arithmetic operation that can potentially result in unexpected side-effects
   --> src/extensions/builtin.rs:311:21
    |
311 |                     added_count += 1;
    |                     ^^^^^^^^^^^^^^^^
    |
    = help: for further information visit https://rust-lang.github.io/rust-clippy/rust-1.98.0/index.html#arithmetic_side_effects

warning: variables can be used directly in the `format!` string
   --> src/extensions/builtin.rs:315:28
    |
315 |               ctx.show_toast(format!(
    |  ____________________________^
316 | |                 "字幕ファイルから {} 件のテキストを追加しました",
317 | |                 added_count
318 | |             ));
    | |_____________^
    |
    = help: for further information visit https://rust-lang.github.io/rust-clippy/rust-1.98.0/index.html#uninlined_format_args

warning: indexing may panic
   --> src/extensions/builtin.rs:330:22
    |
330 |         let h: f64 = parts[0].parse().unwrap_or(0.0);
    |                      ^^^^^^^^
    |
    = help: consider using `.get(n)` or `.get_mut(n)` instead
    = help: for further information visit https://rust-lang.github.io/rust-clippy/rust-1.98.0/index.html#indexing_slicing

warning: indexing may panic
   --> src/extensions/builtin.rs:331:22
    |
331 |         let m: f64 = parts[1].parse().unwrap_or(0.0);
    |                      ^^^^^^^^
    |
    = help: consider using `.get(n)` or `.get_mut(n)` instead
    = help: for further information visit https://rust-lang.github.io/rust-clippy/rust-1.98.0/index.html#indexing_slicing

warning: indexing may panic
   --> src/extensions/builtin.rs:332:22
    |
332 |         let s: f64 = parts[2].parse().unwrap_or(0.0);
    |                      ^^^^^^^^
    |
    = help: consider using `.get(n)` or `.get_mut(n)` instead
    = help: for further information visit https://rust-lang.github.io/rust-clippy/rust-1.98.0/index.html#indexing_slicing

warning: usage of wildcard import
 --> src/extensions/manager.rs:5:5
  |
5 | use neoutl_sdk::extension::*;
  |     ^^^^^^^^^^^^^^^^^^^^^^^^ help: try: `neoutl_sdk::extension::{ExtensionPlugin, ExtensionMetadata, PanelDescriptor, MenuItemDescriptor, CommandDescriptor, FileDropDescriptor, ProjectStorage, ExtensionContext, ExtensionCreateFn, EXTENSION_ENTRY_SYMBOL, MenuLocation, EditSession, ExtensionEvent, PreviewOverlayContext, TimelineOverlayContext}`
  |
  = help: for further information visit https://rust-lang.github.io/rust-clippy/rust-1.98.0/index.html#wildcard_imports

warning: variables can be used directly in the `format!` string
  --> src/extensions/manager.rs:71:13
   |
71 |             eprintln!("[NeoUtl] プラグイン '{}' の初期化失敗: {err}", plugin_id);
   |             ^^^^^^^^^^^^^^^^^^^^^^^^^^^^^^^^^^^^^^^^^^^^^^^^^^^^^^^^^^^^^^^^^^^^
   |
   = help: for further information visit https://rust-lang.github.io/rust-clippy/rust-1.98.0/index.html#uninlined_format_args
help: change this to
   |
71 -             eprintln!("[NeoUtl] プラグイン '{}' の初期化失敗: {err}", plugin_id);
71 +             eprintln!("[NeoUtl] プラグイン '{plugin_id}' の初期化失敗: {err}");
   |

warning: this could be rewritten as `let...else`
   --> src/extensions/manager.rs:113:9
    |
113 | /         let entries = match std::fs::read_dir(dir) {
114 | |             Ok(e) => e,
115 | |             Err(_) => return,
116 | |         };
    | |__________^ help: consider writing: `let Ok(entries) = std::fs::read_dir(dir) else { return };`
    |
    = help: for further information visit https://rust-lang.github.io/rust-clippy/rust-1.98.0/index.html#manual_let_else

warning: this `if` statement can be collapsed
   --> src/extensions/manager.rs:394:13
    |
394 | /             if drop_desc
395 | |                 .file_extensions
396 | |                 .iter()
397 | |                 .any(|e| e.eq_ignore_ascii_case(&ext))
...   |
432 | |             }
    | |_____________^
    |
    = help: for further information visit https://rust-lang.github.io/rust-clippy/rust-1.98.0/index.html#collapsible_if
help: collapse nested if block
    |
397 ~                 .any(|e| e.eq_ignore_ascii_case(&ext))
398 ~                 && let Some(plugin) = self
399 |                     .plugins
...
429 |                     }
430 ~                 }
    |

warning: this `if` statement can be collapsed
   --> src/extensions/manager.rs:446:9
    |
446 | /         if path.exists() {
447 | |             if let Ok(content) = std::fs::read_to_string(path) {
448 | |                 if let Ok(storages) = serde_json::from_str(&content) {
449 | |                     self.plugin_storages = storages;
...   |
452 | |         }
    | |_________^
    |
    = help: for further information visit https://rust-lang.github.io/rust-clippy/rust-1.98.0/index.html#collapsible_if
help: collapse nested if block
    |
446 ~         if path.exists()
447 ~             && let Ok(content) = std::fs::read_to_string(path) {
448 |                 if let Ok(storages) = serde_json::from_str(&content) {
449 |                     self.plugin_storages = storages;
450 |                 }
451 ~             }
    |

warning: this `if` statement can be collapsed
   --> src/extensions/manager.rs:447:13
    |
447 | /             if let Ok(content) = std::fs::read_to_string(path) {
448 | |                 if let Ok(storages) = serde_json::from_str(&content) {
449 | |                     self.plugin_storages = storages;
450 | |                 }
451 | |             }
    | |_____________^
    |
    = help: for further information visit https://rust-lang.github.io/rust-clippy/rust-1.98.0/index.html#collapsible_if
help: collapse nested if block
    |
447 ~             if let Ok(content) = std::fs::read_to_string(path)
448 ~                 && let Ok(storages) = serde_json::from_str(&content) {
449 |                     self.plugin_storages = storages;
450 ~                 }
    |

warning: the following explicit lifetimes could be elided: 'a
  --> src/extensions/session.rs:19:6
   |
19 | impl<'a> EditSession for AppEditSession<'a> {
   |      ^^                                 ^^
   |
   = help: for further information visit https://rust-lang.github.io/rust-clippy/rust-1.98.0/index.html#elidable_lifetime_names
   = note: `#[warn(clippy::elidable_lifetime_names)]` implied by `#[warn(clippy::pedantic)]`
help: elide the lifetimes
   |
19 - impl<'a> EditSession for AppEditSession<'a> {
19 + impl EditSession for AppEditSession<'_> {
   |

warning: indexing may panic
  --> src/extensions/session.rs:24:32
   |
24 |             let world_holder = s.sessions[active].world.clone();
   |                                ^^^^^^^^^^^^^^^^^^
   |
   = help: consider using `.get(n)` or `.get_mut(n)` instead
   = help: for further information visit https://rust-lang.github.io/rust-clippy/rust-1.98.0/index.html#indexing_slicing

warning: indexing may panic
  --> src/extensions/session.rs:29:18
   |
29 |         let m = &s.sessions[active].meta;
   |                  ^^^^^^^^^^^^^^^^^^
   |
   = help: consider using `.get(n)` or `.get_mut(n)` instead
   = help: for further information visit https://rust-lang.github.io/rust-clippy/rust-1.98.0/index.html#indexing_slicing

warning: arithmetic operation that can potentially result in unexpected side-effects
  --> src/extensions/session.rs:82:35
   |
82 |                         duration: range.end_frame - range.start_frame,
   |                                   ^^^^^^^^^^^^^^^^^^^^^^^^^^^^^^^^^^^
   |
   = help: for further information visit https://rust-lang.github.io/rust-clippy/rust-1.98.0/index.html#arithmetic_side_effects

warning: arithmetic operation that can potentially result in unexpected side-effects
   --> src/extensions/session.rs:110:27
    |
110 |                 duration: range.end_frame - range.start_frame,
    |                           ^^^^^^^^^^^^^^^^^^^^^^^^^^^^^^^^^^^
    |
    = help: for further information visit https://rust-lang.github.io/rust-clippy/rust-1.98.0/index.html#arithmetic_side_effects

warning: called `map(<f>).unwrap_or_else(<g>)` on an `Option` value
   --> src/extensions/session.rs:130:32
    |
130 |                       let name = crate::effects::loader::by_id(&effect_id)
    |  ________________________________^
131 | |                         .map(|s| s.name().to_owned())
132 | |                         .unwrap_or_else(|| effect_id.clone());
    | |_____________________________________________________________^ help: try: `crate::effects::loader::by_id(&effect_id).map_or_else(|| effect_id.clone(), |s| s.name().to_owned())`
    |
    = help: for further information visit https://rust-lang.github.io/rust-clippy/rust-1.98.0/index.html#map_unwrap_or

warning: you seem to be trying to use `match` for destructuring a single pattern. Consider using `if let`
   --> src/extensions/session.rs:153:9
    |
153 | /         match effect_idx {
154 | |             Some(idx) => {
155 | |                 let entity = world.find_entity(object_id)?;
156 | |                 world.world.run(|v: ObjectQueryViews| {
...   |
189 | |         }
    | |_________^
    |
    = help: for further information visit https://rust-lang.github.io/rust-clippy/rust-1.98.0/index.html#single_match_else
help: try
    |
153 ~         if let Some(idx) = effect_idx {
154 +             let entity = world.find_entity(object_id)?;
155 +             world.world.run(|v: ObjectQueryViews| {
156 +                 let stack = (&v.stacks).get(entity).ok()?;
157 +                 let eff = stack.0.get(idx)?;
158 +                 let param = eff.params.get(key)?;
159 +                 match param.evaluate(0) {
160 +                     crate::ecs::types::Value::Number(n) => Some(n),
161 +                     _ => None,
162 +                 }
163 +             })
164 +         } else {
165 +             let entity = world.find_entity(object_id)?;
166 +             world.world.run(|v: ObjectQueryViews| {
167 +                 if let Ok(transform) = (&v.transforms).get(entity) {
168 +                     match key {
169 +                         "x" => return Some(transform.x),
170 +                         "y" => return Some(transform.y),
171 +                         "z" => return Some(transform.z),
172 +                         "scale" | "scale_x" => return Some(transform.scale_x),
173 +                         "scale_y" => return Some(transform.scale_y),
174 +                         "opacity" => return Some(transform.opacity),
175 +                         "rotation" | "rot_z" => return Some(transform.rot_z),
176 +                         "rot_x" => return Some(transform.rot_x),
177 +                         "rot_y" => return Some(transform.rot_y),
178 +                         _ => {}
179 +                     }
180 +                 }
181 +                 if let Ok(plugins) = (&v.plugins).get(entity) {
182 +                     return plugins.0.get(key).copied();
183 +                 }
184 +                 None
185 +             })
186 +         }
    |

warning: this `if` statement can be collapsed
   --> src/extensions/session.rs:202:13
    |
202 | /             if key == "text" {
203 | |                 if let Ok(text) = (&v.texts).get(entity) {
204 | |                     return Some(text.text.clone());
205 | |                 }
206 | |             }
    | |_____________^
    |
    = help: for further information visit https://rust-lang.github.io/rust-clippy/rust-1.98.0/index.html#collapsible_if
help: collapse nested if block
    |
202 ~             if key == "text"
203 ~                 && let Ok(text) = (&v.texts).get(entity) {
204 |                     return Some(text.text.clone());
205 ~                 }
    |

warning: this `if` statement can be collapsed
   --> src/extensions/session.rs:207:13
    |
207 | /             if key == "path" {
208 | |                 if let Ok(media) = (&v.media).get(entity) {
209 | |                     return Some(media.path.to_string_lossy().to_string());
210 | |                 }
211 | |             }
    | |_____________^
    |
    = help: for further information visit https://rust-lang.github.io/rust-clippy/rust-1.98.0/index.html#collapsible_if
help: collapse nested if block
    |
207 ~             if key == "path"
208 ~                 && let Ok(media) = (&v.media).get(entity) {
209 |                     return Some(media.path.to_string_lossy().to_string());
210 ~                 }
    |

warning: arithmetic operation that can potentially result in unexpected side-effects
   --> src/extensions/session.rs:338:40
    |
338 |         world.resize_object(id, start, start + new_duration);
    |                                        ^^^^^^^^^^^^^^^^^^^^
    |
    = help: for further information visit https://rust-lang.github.io/rust-clippy/rust-1.98.0/index.html#arithmetic_side_effects

warning: you seem to be trying to use `match` for destructuring a single pattern. Consider using `if let`
   --> src/extensions/session.rs:418:9
    |
418 | /         match effect_idx {
419 | |             Some(idx) => {
420 | |                 world.set_effect_param(object_id, idx, key, value);
...   |
450 | |         }
    | |_________^
    |
    = help: for further information visit https://rust-lang.github.io/rust-clippy/rust-1.98.0/index.html#single_match_else
help: try
    |
418 ~         if let Some(idx) = effect_idx {
419 +             world.set_effect_param(object_id, idx, key, value);
420 +         } else {
421 +             let Some(entity) = world.find_entity(object_id) else {
422 ~                 return Err(format!("オブジェクト {object_id} が見つかりません"));
423 +             };
424 +             world.world.run(
425 +                 |mut transforms: shipyard::ViewMut<crate::ecs::transform::Transform>| {
426 +                     if let Ok(mut t) = (&mut transforms).get(entity) {
427 +                         match key {
428 +                             "x" => t.x = value,
429 +                             "y" => t.y = value,
430 +                             "z" => t.z = value,
431 +                             "scale" => {
432 +                                 t.scale_x = value;
433 +                                 t.scale_y = value;
434 +                             }
435 +                             "scale_x" => t.scale_x = value,
436 +                             "scale_y" => t.scale_y = value,
437 +                             "opacity" => t.opacity = value,
438 +                             "rotation" | "rot_z" => t.rot_z = value,
439 +                             "rot_x" => t.rot_x = value,
440 +                             "rot_y" => t.rot_y = value,
441 +                             _ => {}
442 +                         }
443 +                     }
444 +                 },
445 +             );
446 +             world.touch();
447 +         }
    |

warning: assigning the result of `ToOwned::to_owned()` may be inefficient
   --> src/extensions/session.rs:472:25
    |
472 |                         t.text = value.to_owned();
    |                         ^^^^^^^^^^^^^^^^^^^^^^^^^ help: use `clone_into()`: `value.clone_into(&mut t.text)`
    |
    = help: for further information visit https://rust-lang.github.io/rust-clippy/rust-1.98.0/index.html#assigning_clones

warning: `as` casting between raw pointers without changing their constness
  --> src/infra/gpu_shared.rs:26:13
   |
26 |             Arc::as_ptr(&self.device) as *const (),
   |             ^^^^^^^^^^^^^^^^^^^^^^^^^^^^^^^^^^^^^^ help: try `pointer::cast`, a safer alternative: `Arc::as_ptr(&self.device).cast::<()>()`
   |
   = help: for further information visit https://rust-lang.github.io/rust-clippy/rust-1.98.0/index.html#ptr_as_ptr
   = note: `#[warn(clippy::ptr_as_ptr)]` implied by `#[warn(clippy::pedantic)]`

warning: `as` casting between raw pointers without changing their constness
  --> src/infra/gpu_shared.rs:27:13
   |
27 |             Arc::as_ptr(&self.queue) as *const (),
   |             ^^^^^^^^^^^^^^^^^^^^^^^^^^^^^^^^^^^^^ help: try `pointer::cast`, a safer alternative: `Arc::as_ptr(&self.queue).cast::<()>()`
   |
   = help: for further information visit https://rust-lang.github.io/rust-clippy/rust-1.98.0/index.html#ptr_as_ptr

warning: redundant closure
  --> src/infra/gpu_shared.rs:44:45
   |
44 |     let _guard = lock.lock().unwrap_or_else(|poisoned| poisoned.into_inner());
   |                                             ^^^^^^^^^^^^^^^^^^^^^^^^^^^^^^^^ help: replace the closure with the method itself: `std::sync::PoisonError::into_inner`
   |
   = help: for further information visit https://rust-lang.github.io/rust-clippy/rust-1.98.0/index.html#redundant_closure_for_method_calls

warning: casting `usize` to `u32` may truncate the value on targets with 64-bit wide pointers
  --> src/infra/gpu_shared.rs:70:23
   |
70 |         .map(|(i, _)| i as u32)
   |                       ^^^^^^^^
   |
   = help: if this is intentional allow the lint with `#[allow(clippy::cast_possible_truncation)]` ...
   = help: for further information visit https://rust-lang.github.io/rust-clippy/rust-1.98.0/index.html#cast_possible_truncation
help: ... or use `try_from` and handle the error accordingly
   |
70 -         .map(|(i, _)| i as u32)
70 +         .map(|(i, _)| u32::try_from(i))
   |

warning: using `contains()` instead of `iter().any()` is more efficient
  --> src/infra/gpu_shared.rs:90:21
   |
90 |         let found = supported_names.iter().any(|s| *s == *ext);
   |                     ^^^^^^^^^^^^^^^^^^^^^^^^^^^^^^^^^^^^^^^^^^ help: try: `supported_names.contains(ext)`
   |
   = help: for further information visit https://rust-lang.github.io/rust-clippy/rust-1.98.0/index.html#manual_contains
   = note: `#[warn(clippy::manual_contains)]` on by default

warning: this function has too many lines (144/100)
  --> src/infra/gpu_shared.rs:99:1
   |
99 | pub fn init_shared_gpu() -> Result<SharedGpu, Box<dyn std::error::Error>> {
   | ^^^^^^^^^^^^^^^^^^^^^^^^^^^^^^^^^^^^^^^^^^^^^^^^^^^^^^^^^^^^^^^^^^^^^^^^^
   |
   = help: for further information visit https://rust-lang.github.io/rust-clippy/rust-1.98.0/index.html#too_many_lines

warning: unneeded `return` statement
   --> src/infra/gpu_shared.rs:215:9
    |
215 |         return Ok(gpu);
    |         ^^^^^^^^^^^^^^
    |
    = help: for further information visit https://rust-lang.github.io/rust-clippy/rust-1.98.0/index.html#needless_return
    = note: `#[warn(clippy::needless_return)]` on by default
help: remove `return`
    |
215 -         return Ok(gpu);
215 +         Ok(gpu)
    |

warning: called `map(<f>).unwrap_or_else(<g>)` on a `Result` value
  --> src/infra/localization.rs:17:18
   |
17 |       let locale = std::env::var("NEOUTL_LOCALE")
   |  __________________^
18 | |         .or_else(|_| std::env::var("LC_ALL"))
19 | |         .or_else(|_| std::env::var("LANG"))
20 | |         .map(|value| {
...  |
26 | |         })
27 | |         .unwrap_or_else(|_| "ja".to_owned());
   | |____________________________________________^
   |
   = help: for further information visit https://rust-lang.github.io/rust-clippy/rust-1.98.0/index.html#map_unwrap_or
help: try
   |
17 ~     let locale = std::env::var("NEOUTL_LOCALE")
18 +         .or_else(|_| std::env::var("LC_ALL"))
19 +         .or_else(|_| std::env::var("LANG")).map_or_else(|_| "ja".to_owned(), |value| {
20 +             if value.to_ascii_lowercase().starts_with("en") {
21 +                 "en".to_owned()
22 +             } else {
23 +                 "ja".to_owned()
24 +             }
25 ~         });
   |

warning: reference as raw pointer
  --> src/objects/loader.rs:26:34
   |
26 |             let res = unsafe { f(handle as *const _) };
   |                                  ^^^^^^^^^^^^^^^^^^ help: try: `std::ptr::from_ref(handle)`
   |
   = help: for further information visit https://rust-lang.github.io/rust-clippy/rust-1.98.0/index.html#ref_as_ptr

warning: indexing may panic
  --> src/objects/loader.rs:85:9
   |
85 |         next[pos] = plugin;
   |         ^^^^^^^^^
   |
   = help: consider using `.get(n)` or `.get_mut(n)` instead
   = help: for further information visit https://rust-lang.github.io/rust-clippy/rust-1.98.0/index.html#indexing_slicing

warning: useless use of `format!`
   --> src/objects/loader.rs:141:24
    |
141 |                 arg0 = format!("{}", plugin.stable_id),
    |                        ^^^^^^^^^^^^^^^^^^^^^^^^^^^^^^^ help: consider using `.to_string()`: `plugin.stable_id.to_string()`
    |
    = help: for further information visit https://rust-lang.github.io/rust-clippy/rust-1.98.0/index.html#useless_format

warning: useless use of `format!`
   --> src/objects/loader.rs:142:24
    |
142 |                 arg1 = format!("{}", plugin.name),
    |                        ^^^^^^^^^^^^^^^^^^^^^^^^^^ help: consider using `.to_string()`: `plugin.name.to_string()`
    |
    = help: for further information visit https://rust-lang.github.io/rust-clippy/rust-1.98.0/index.html#useless_format

warning: called `map(<f>).unwrap_or_else(<g>)` on an `Option` value
   --> src/objects/loader.rs:180:19
    |
180 |       let kind_id = current
    |  ___________________^
181 | |         .get(pos)
182 | |         .map(|p| p.kind_id)
183 | |         .unwrap_or_else(|| assign_kind_id(&new_plugin.stable_id));
    | |_________________________________________________________________^
    |
    = help: for further information visit https://rust-lang.github.io/rust-clippy/rust-1.98.0/index.html#map_unwrap_or
help: try
    |
180 ~     let kind_id = current
181 ~         .get(pos).map_or_else(|| assign_kind_id(&new_plugin.stable_id), |p| p.kind_id);
    |

warning: useless use of `format!`
   --> src/objects/loader.rs:205:20
    |
205 |             arg0 = format!("{}", stable_id),
    |                    ^^^^^^^^^^^^^^^^^^^^^^^^ help: consider using `.to_string()`: `stable_id.to_string()`
    |
    = help: for further information visit https://rust-lang.github.io/rust-clippy/rust-1.98.0/index.html#useless_format

warning: casting `usize` to `i64` may wrap around the value on targets with 64-bit wide pointers
  --> src/project/config.rs:45:23
   |
45 | const _: () = assert!(DECODE_RING_CAPACITY as i64 > DECODE_PREFETCH_RADIUS * 2);
   |                       ^^^^^^^^^^^^^^^^^^^^^^^^^^^
   |
   = help: for further information visit https://rust-lang.github.io/rust-clippy/rust-1.98.0/index.html#cast_possible_wrap

warning: these match arms have identical bodies
  --> src/project/document.rs:61:17
   |
61 |                 neoutl_schema::MediaKind::Video => MediaKind::Video,
   |                 ^^^^^^^^^^^^^^^^^^^^^^^^^^^^^^^^^^^^^^^^^^^^^^^^^^^
...
64 |                 _ => MediaKind::Video,
   |                 ^^^^^^^^^^^^^^^^^^^^^ the wildcard arm
   |
   = help: if this is unintentional make the arms return different values
   = help: for further information visit https://rust-lang.github.io/rust-clippy/rust-1.98.0/index.html#match_same_arms
help: otherwise remove the non-wildcard arm
   |
61 -                 neoutl_schema::MediaKind::Video => MediaKind::Video,
   |

warning: wildcard matches only a single variant and will also match any future added variants
  --> src/project/document.rs:64:17
   |
64 |                 _ => MediaKind::Video,
   |                 ^ help: try: `neoutl_schema::MediaKind::Unspecified`
   |
   = help: for further information visit https://rust-lang.github.io/rust-clippy/rust-1.98.0/index.html#match_wildcard_for_single_variants
   = note: `#[warn(clippy::match_wildcard_for_single_variants)]` implied by `#[warn(clippy::pedantic)]`

warning: casting `u32` to `i32` may wrap around the value
   --> src/project/document.rs:124:5
    |
124 |     mode.pipeline_index() as i32
    |     ^^^^^^^^^^^^^^^^^^^^^^^^^^^^ help: if this is intentional, use `cast_signed()` instead: `mode.pipeline_index().cast_signed()`
    |
    = help: for further information visit https://rust-lang.github.io/rust-clippy/rust-1.98.0/index.html#cast_possible_wrap

warning: casting `i32` to `u32` may lose the sign of the value
   --> src/project/document.rs:128:36
    |
128 |     BlendMode::from_pipeline_index(value.max(0) as u32)
    |                                    ^^^^^^^^^^^^^^^^^^^ help: if this is intentional, use `cast_unsigned()` instead: `value.max(0).cast_unsigned()`
    |
    = help: for further information visit https://rust-lang.github.io/rust-clippy/rust-1.98.0/index.html#cast_sign_loss

warning: redundant closure
   --> src/project/document.rs:150:39
    |
150 |             text: p.text.as_ref().map(|v| neoutl_schema::TextContent::from(v)),
    |                                       ^^^^^^^^^^^^^^^^^^^^^^^^^^^^^^^^^^^^^^^ help: replace the closure with the associated function itself: `neoutl_schema::TextContent::from`
    |
    = help: for further information visit https://rust-lang.github.io/rust-clippy/rust-1.98.0/index.html#redundant_closure
    = note: `#[warn(clippy::redundant_closure)]` on by default

warning: redundant closure
   --> src/project/document.rs:154:22
    |
154 |                 .map(|v| neoutl_schema::ShapeParams::from(v)),
    |                      ^^^^^^^^^^^^^^^^^^^^^^^^^^^^^^^^^^^^^^^ help: replace the closure with the associated function itself: `neoutl_schema::ShapeParams::from`
    |
    = help: for further information visit https://rust-lang.github.io/rust-clippy/rust-1.98.0/index.html#redundant_closure

warning: redundant closure
   --> src/project/document.rs:159:22
    |
159 |                 .map(|v| neoutl_schema::MediaSourceDoc::from(v)),
    |                      ^^^^^^^^^^^^^^^^^^^^^^^^^^^^^^^^^^^^^^^^^^ help: replace the closure with the associated function itself: `neoutl_schema::MediaSourceDoc::from`
    |
    = help: for further information visit https://rust-lang.github.io/rust-clippy/rust-1.98.0/index.html#redundant_closure

warning: casting `u64` to `usize` may truncate the value on targets with 32-bit wide pointers
   --> src/project/document.rs:212:44
    |
212 |             parent_id: p.parent_id.map(|v| v as usize),
    |                                            ^^^^^^^^^^
    |
    = help: if this is intentional allow the lint with `#[allow(clippy::cast_possible_truncation)]` ...
    = help: for further information visit https://rust-lang.github.io/rust-clippy/rust-1.98.0/index.html#cast_possible_truncation
help: ... or use `try_from` and handle the error accordingly
    |
212 -             parent_id: p.parent_id.map(|v| v as usize),
212 +             parent_id: p.parent_id.map(|v| usize::try_from(v)),
    |

warning: casting `u64` to `usize` may truncate the value on targets with 32-bit wide pointers
   --> src/project/document.rs:275:17
    |
275 |             id: value.id as usize,
    |                 ^^^^^^^^^^^^^^^^^
    |
    = help: if this is intentional allow the lint with `#[allow(clippy::cast_possible_truncation)]` ...
    = help: for further information visit https://rust-lang.github.io/rust-clippy/rust-1.98.0/index.html#cast_possible_truncation
help: ... or use `try_from` and handle the error accordingly
    |
275 -             id: value.id as usize,
275 +             id: usize::try_from(value.id),
    |

warning: casting `u64` to `usize` may truncate the value on targets with 32-bit wide pointers
   --> src/project/document.rs:364:29
    |
364 |             next_object_id: value.next_object_id as usize,
    |                             ^^^^^^^^^^^^^^^^^^^^^^^^^^^^^
    |
    = help: if this is intentional allow the lint with `#[allow(clippy::cast_possible_truncation)]` ...
    = help: for further information visit https://rust-lang.github.io/rust-clippy/rust-1.98.0/index.html#cast_possible_truncation
help: ... or use `try_from` and handle the error accordingly
    |
364 -             next_object_id: value.next_object_id as usize,
364 +             next_object_id: usize::try_from(value.next_object_id),
    |

warning: redundant closure
   --> src/project/export.rs:125:14
    |
125 |         .map(|p| crate::project::schema::SchemaContract::from_schema(p))
    |              ^^^^^^^^^^^^^^^^^^^^^^^^^^^^^^^^^^^^^^^^^^^^^^^^^^^^^^^^^^ help: replace the closure with the associated function itself: `crate::project::schema::SchemaContract::from_schema`
    |
    = help: for further information visit https://rust-lang.github.io/rust-clippy/rust-1.98.0/index.html#redundant_closure

warning: arithmetic operation that can potentially result in unexpected side-effects
   --> src/project/export.rs:189:9
    |
189 |         q.next_id += 1;
    |         ^^^^^^^^^^^^^^
    |
    = help: for further information visit https://rust-lang.github.io/rust-clippy/rust-1.98.0/index.html#arithmetic_side_effects

warning: casting `u64` to `i64` may wrap around the value
  --> src/project/mod.rs:28:37
   |
28 |     let (y, m, d) = civil_from_days(days as i64);
   |                                     ^^^^^^^^^^^ help: if this is intentional, use `cast_signed()` instead: `days.cast_signed()`
   |
   = help: for further information visit https://rust-lang.github.io/rust-clippy/rust-1.98.0/index.html#cast_possible_wrap

warning: arithmetic operation that can potentially result in unexpected side-effects
  --> src/project/mod.rs:33:13
   |
33 |     let z = z + 719_468;
   |             ^^^^^^^^^^^
   |
   = help: for further information visit https://rust-lang.github.io/rust-clippy/rust-1.98.0/index.html#arithmetic_side_effects

warning: arithmetic operation that can potentially result in unexpected side-effects
  --> src/project/mod.rs:34:38
   |
34 |     let era = if z >= 0 { z } else { z - 146_096 } / 146_097;
   |                                      ^^^^^^^^^^^
   |
   = help: for further information visit https://rust-lang.github.io/rust-clippy/rust-1.98.0/index.html#arithmetic_side_effects

warning: casting `i64` to `u64` may lose the sign of the value
  --> src/project/mod.rs:35:15
   |
35 |     let doe = (z - era * 146_097) as u64;
   |               ^^^^^^^^^^^^^^^^^^^^^^^^^^ help: if this is intentional, use `cast_unsigned()` instead: `(z - era * 146_097).cast_unsigned()`
   |
   = help: for further information visit https://rust-lang.github.io/rust-clippy/rust-1.98.0/index.html#cast_sign_loss

warning: arithmetic operation that can potentially result in unexpected side-effects
  --> src/project/mod.rs:35:15
   |
35 |     let doe = (z - era * 146_097) as u64;
   |               ^^^^^^^^^^^^^^^^^^^
   |
   = help: for further information visit https://rust-lang.github.io/rust-clippy/rust-1.98.0/index.html#arithmetic_side_effects

warning: arithmetic operation that can potentially result in unexpected side-effects
  --> src/project/mod.rs:36:15
   |
36 |     let yoe = (doe - doe / 1_460 + doe / 36_524 - doe / 146_096) / 365;
   |               ^^^^^^^^^^^^^^^^^^^^^^^^^^^^^^^^^^^^^^^^^^^^^^^^^^
   |
   = help: for further information visit https://rust-lang.github.io/rust-clippy/rust-1.98.0/index.html#arithmetic_side_effects

warning: arithmetic operation that can potentially result in unexpected side-effects
  --> src/project/mod.rs:37:13
   |
37 |     let y = yoe as i64 + era * 400;
   |             ^^^^^^^^^^^^^^^^^^^^^^
   |
   = help: for further information visit https://rust-lang.github.io/rust-clippy/rust-1.98.0/index.html#arithmetic_side_effects

warning: casting `u64` to `i64` may wrap around the value
  --> src/project/mod.rs:37:13
   |
37 |     let y = yoe as i64 + era * 400;
   |             ^^^^^^^^^^ help: if this is intentional, use `cast_signed()` instead: `yoe.cast_signed()`
   |
   = help: for further information visit https://rust-lang.github.io/rust-clippy/rust-1.98.0/index.html#cast_possible_wrap

warning: arithmetic operation that can potentially result in unexpected side-effects
  --> src/project/mod.rs:38:15
   |
38 |     let doy = doe - (365 * yoe + yoe / 4 - yoe / 100);
   |               ^^^^^^^^^^^^^^^^^^^^^^^^^^^^^^^^^^^^^^^
   |
   = help: for further information visit https://rust-lang.github.io/rust-clippy/rust-1.98.0/index.html#arithmetic_side_effects

warning: arithmetic operation that can potentially result in unexpected side-effects
  --> src/project/mod.rs:39:14
   |
39 |     let mp = (5 * doy + 2) / 153;
   |              ^^^^^^^^^^^^^
   |
   = help: for further information visit https://rust-lang.github.io/rust-clippy/rust-1.98.0/index.html#arithmetic_side_effects

warning: casting `u64` to `u32` may truncate the value
  --> src/project/mod.rs:40:13
   |
40 |     let d = (doy - (153 * mp + 2) / 5 + 1) as u32;
   |             ^^^^^^^^^^^^^^^^^^^^^^^^^^^^^^^^^^^^^
   |
   = help: if this is intentional allow the lint with `#[allow(clippy::cast_possible_truncation)]` ...
   = help: for further information visit https://rust-lang.github.io/rust-clippy/rust-1.98.0/index.html#cast_possible_truncation
help: ... or use `try_from` and handle the error accordingly
   |
40 -     let d = (doy - (153 * mp + 2) / 5 + 1) as u32;
40 +     let d = u32::try_from(doy - (153 * mp + 2) / 5 + 1);
   |

warning: arithmetic operation that can potentially result in unexpected side-effects
  --> src/project/mod.rs:40:13
   |
40 |     let d = (doy - (153 * mp + 2) / 5 + 1) as u32;
   |             ^^^^^^^^^^^^^^^^^^^^^^^^^^^^^^
   |
   = help: for further information visit https://rust-lang.github.io/rust-clippy/rust-1.98.0/index.html#arithmetic_side_effects

warning: casting `u64` to `u32` may truncate the value
  --> src/project/mod.rs:41:13
   |
41 |     let m = if mp < 10 { mp + 3 } else { mp - 9 } as u32;
   |             ^^^^^^^^^^^^^^^^^^^^^^^^^^^^^^^^^^^^^^^^^^^^
   |
   = help: if this is intentional allow the lint with `#[allow(clippy::cast_possible_truncation)]` ...
   = help: for further information visit https://rust-lang.github.io/rust-clippy/rust-1.98.0/index.html#cast_possible_truncation
help: ... or use `try_from` and handle the error accordingly
   |
41 -     let m = if mp < 10 { mp + 3 } else { mp - 9 } as u32;
41 +     let m = u32::try_from(if mp < 10 { mp + 3 } else { mp - 9 });
   |

warning: arithmetic operation that can potentially result in unexpected side-effects
  --> src/project/mod.rs:41:26
   |
41 |     let m = if mp < 10 { mp + 3 } else { mp - 9 } as u32;
   |                          ^^^^^^
   |
   = help: for further information visit https://rust-lang.github.io/rust-clippy/rust-1.98.0/index.html#arithmetic_side_effects

warning: arithmetic operation that can potentially result in unexpected side-effects
  --> src/project/mod.rs:41:42
   |
41 |     let m = if mp < 10 { mp + 3 } else { mp - 9 } as u32;
   |                                          ^^^^^^
   |
   = help: for further information visit https://rust-lang.github.io/rust-clippy/rust-1.98.0/index.html#arithmetic_side_effects

warning: arithmetic operation that can potentially result in unexpected side-effects
  --> src/project/mod.rs:42:18
   |
42 |     (if m <= 2 { y + 1 } else { y }, m, d)
   |                  ^^^^^
   |
   = help: for further information visit https://rust-lang.github.io/rust-clippy/rust-1.98.0/index.html#arithmetic_side_effects

warning: arithmetic operation that can potentially result in unexpected side-effects
  --> src/project/mod.rs:72:9
   |
72 |         suffix += 1;
   |         ^^^^^^^^^^^
   |
   = help: for further information visit https://rust-lang.github.io/rust-clippy/rust-1.98.0/index.html#arithmetic_side_effects

warning: casting `u64` to `u32` may truncate the value
   --> src/project/mod.rs:142:29
    |
142 |       let audio_sample_rate = val
    |  _____________________________^
143 | |         .get("audio_sample_rate")
144 | |         .and_then(|v| v.as_u64())
145 | |         .unwrap_or(48000) as u32;
    | |________________________________^
    |
    = help: if this is intentional allow the lint with `#[allow(clippy::cast_possible_truncation)]` ...
    = help: for further information visit https://rust-lang.github.io/rust-clippy/rust-1.98.0/index.html#cast_possible_truncation
help: ... or use `try_from` and handle the error accordingly
    |
142 ~     let audio_sample_rate = u32::try_from(val
143 +         .get("audio_sample_rate")
144 +         .and_then(|v| v.as_u64())
145 ~         .unwrap_or(48000));
    |

warning: redundant closure
   --> src/project/mod.rs:144:19
    |
144 |         .and_then(|v| v.as_u64())
    |                   ^^^^^^^^^^^^^^ help: replace the closure with the method itself: `serde_yaml::Value::as_u64`
    |
    = help: for further information visit https://rust-lang.github.io/rust-clippy/rust-1.98.0/index.html#redundant_closure_for_method_calls

warning: casting `u64` to `u32` may truncate the value
   --> src/project/mod.rs:146:26
    |
146 |       let audio_channels = val
    |  __________________________^
147 | |         .get("audio_channels")
148 | |         .and_then(|v| v.as_u64())
149 | |         .unwrap_or(2) as u32;
    | |____________________________^
    |
    = help: if this is intentional allow the lint with `#[allow(clippy::cast_possible_truncation)]` ...
    = help: for further information visit https://rust-lang.github.io/rust-clippy/rust-1.98.0/index.html#cast_possible_truncation
help: ... or use `try_from` and handle the error accordingly
    |
146 ~     let audio_channels = u32::try_from(val
147 +         .get("audio_channels")
148 +         .and_then(|v| v.as_u64())
149 ~         .unwrap_or(2));
    |

warning: redundant closure
   --> src/project/mod.rs:148:19
    |
148 |         .and_then(|v| v.as_u64())
    |                   ^^^^^^^^^^^^^^ help: replace the closure with the method itself: `serde_yaml::Value::as_u64`
    |
    = help: for further information visit https://rust-lang.github.io/rust-clippy/rust-1.98.0/index.html#redundant_closure_for_method_calls

warning: casting `i64` to `i32` may truncate the value
   --> src/project/mod.rs:150:24
    |
150 |       let active_scene = val
    |  ________________________^
151 | |         .get("active_scene")
152 | |         .and_then(|v| v.as_i64())
153 | |         .unwrap_or(0) as i32;
    | |____________________________^
    |
    = help: if this is intentional allow the lint with `#[allow(clippy::cast_possible_truncation)]` ...
    = help: for further information visit https://rust-lang.github.io/rust-clippy/rust-1.98.0/index.html#cast_possible_truncation
help: ... or use `try_from` and handle the error accordingly
    |
150 ~     let active_scene = i32::try_from(val
151 +         .get("active_scene")
152 +         .and_then(|v| v.as_i64())
153 ~         .unwrap_or(0));
    |

warning: redundant closure
   --> src/project/mod.rs:152:19
    |
152 |         .and_then(|v| v.as_i64())
    |                   ^^^^^^^^^^^^^^ help: replace the closure with the method itself: `serde_yaml::Value::as_i64`
    |
    = help: for further information visit https://rust-lang.github.io/rust-clippy/rust-1.98.0/index.html#redundant_closure_for_method_calls

warning: redundant closure
   --> src/project/mod.rs:156:19
    |
156 |         .and_then(|v| v.as_u64())
    |                   ^^^^^^^^^^^^^^ help: replace the closure with the method itself: `serde_yaml::Value::as_u64`
    |
    = help: for further information visit https://rust-lang.github.io/rust-clippy/rust-1.98.0/index.html#redundant_closure_for_method_calls

warning: casting `i64` to `i32` may truncate the value
   --> src/project/mod.rs:162:21
    |
162 |                 id: s.get("id").and_then(|v| v.as_i64()).unwrap_or(0) as i32,
    |                     ^^^^^^^^^^^^^^^^^^^^^^^^^^^^^^^^^^^^^^^^^^^^^^^^^^^^^^^^
    |
    = help: if this is intentional allow the lint with `#[allow(clippy::cast_possible_truncation)]` ...
    = help: for further information visit https://rust-lang.github.io/rust-clippy/rust-1.98.0/index.html#cast_possible_truncation
help: ... or use `try_from` and handle the error accordingly
    |
162 -                 id: s.get("id").and_then(|v| v.as_i64()).unwrap_or(0) as i32,
162 +                 id: i32::try_from(s.get("id").and_then(|v| v.as_i64()).unwrap_or(0)),
    |

warning: redundant closure
   --> src/project/mod.rs:162:42
    |
162 |                 id: s.get("id").and_then(|v| v.as_i64()).unwrap_or(0) as i32,
    |                                          ^^^^^^^^^^^^^^ help: replace the closure with the method itself: `serde_yaml::Value::as_i64`
    |
    = help: for further information visit https://rust-lang.github.io/rust-clippy/rust-1.98.0/index.html#redundant_closure_for_method_calls

warning: casting `u64` to `u32` may truncate the value
   --> src/project/mod.rs:168:24
    |
168 |                 width: s.get("width").and_then(|v| v.as_u64()).unwrap_or(1920) as u32,
    |                        ^^^^^^^^^^^^^^^^^^^^^^^^^^^^^^^^^^^^^^^^^^^^^^^^^^^^^^^^^^^^^^
    |
    = help: if this is intentional allow the lint with `#[allow(clippy::cast_possible_truncation)]` ...
    = help: for further information visit https://rust-lang.github.io/rust-clippy/rust-1.98.0/index.html#cast_possible_truncation
help: ... or use `try_from` and handle the error accordingly
    |
168 -                 width: s.get("width").and_then(|v| v.as_u64()).unwrap_or(1920) as u32,
168 +                 width: u32::try_from(s.get("width").and_then(|v| v.as_u64()).unwrap_or(1920)),
    |

warning: redundant closure
   --> src/project/mod.rs:168:48
    |
168 |                 width: s.get("width").and_then(|v| v.as_u64()).unwrap_or(1920) as u32,
    |                                                ^^^^^^^^^^^^^^ help: replace the closure with the method itself: `serde_yaml::Value::as_u64`
    |
    = help: for further information visit https://rust-lang.github.io/rust-clippy/rust-1.98.0/index.html#redundant_closure_for_method_calls

warning: casting `u64` to `u32` may truncate the value
   --> src/project/mod.rs:169:25
    |
169 |                 height: s.get("height").and_then(|v| v.as_u64()).unwrap_or(1080) as u32,
    |                         ^^^^^^^^^^^^^^^^^^^^^^^^^^^^^^^^^^^^^^^^^^^^^^^^^^^^^^^^^^^^^^^
    |
    = help: if this is intentional allow the lint with `#[allow(clippy::cast_possible_truncation)]` ...
    = help: for further information visit https://rust-lang.github.io/rust-clippy/rust-1.98.0/index.html#cast_possible_truncation
help: ... or use `try_from` and handle the error accordingly
    |
169 -                 height: s.get("height").and_then(|v| v.as_u64()).unwrap_or(1080) as u32,
169 +                 height: u32::try_from(s.get("height").and_then(|v| v.as_u64()).unwrap_or(1080)),
    |

warning: redundant closure
   --> src/project/mod.rs:169:50
    |
169 |                 height: s.get("height").and_then(|v| v.as_u64()).unwrap_or(1080) as u32,
    |                                                  ^^^^^^^^^^^^^^ help: replace the closure with the method itself: `serde_yaml::Value::as_u64`
    |
    = help: for further information visit https://rust-lang.github.io/rust-clippy/rust-1.98.0/index.html#redundant_closure_for_method_calls

warning: casting `u64` to `u32` may truncate the value
   --> src/project/mod.rs:170:22
    |
170 |                 fps: s.get("fps").and_then(|v| v.as_u64()).unwrap_or(30) as u32,
    |                      ^^^^^^^^^^^^^^^^^^^^^^^^^^^^^^^^^^^^^^^^^^^^^^^^^^^^^^^^^^
    |
    = help: if this is intentional allow the lint with `#[allow(clippy::cast_possible_truncation)]` ...
    = help: for further information visit https://rust-lang.github.io/rust-clippy/rust-1.98.0/index.html#cast_possible_truncation
help: ... or use `try_from` and handle the error accordingly
    |
170 -                 fps: s.get("fps").and_then(|v| v.as_u64()).unwrap_or(30) as u32,
170 +                 fps: u32::try_from(s.get("fps").and_then(|v| v.as_u64()).unwrap_or(30)),
    |

warning: redundant closure
   --> src/project/mod.rs:170:44
    |
170 |                 fps: s.get("fps").and_then(|v| v.as_u64()).unwrap_or(30) as u32,
    |                                            ^^^^^^^^^^^^^^ help: replace the closure with the method itself: `serde_yaml::Value::as_u64`
    |
    = help: for further information visit https://rust-lang.github.io/rust-clippy/rust-1.98.0/index.html#redundant_closure_for_method_calls

warning: casting `i64` to `i32` may truncate the value
   --> src/project/mod.rs:171:28
    |
171 |                 grid_mode: s.get("grid_mode").and_then(|v| v.as_i64()).unwrap_or(0) as i32,
    |                            ^^^^^^^^^^^^^^^^^^^^^^^^^^^^^^^^^^^^^^^^^^^^^^^^^^^^^^^^^^^^^^^
    |
    = help: if this is intentional allow the lint with `#[allow(clippy::cast_possible_truncation)]` ...
    = help: for further information visit https://rust-lang.github.io/rust-clippy/rust-1.98.0/index.html#cast_possible_truncation
help: ... or use `try_from` and handle the error accordingly
    |
171 -                 grid_mode: s.get("grid_mode").and_then(|v| v.as_i64()).unwrap_or(0) as i32,
171 +                 grid_mode: i32::try_from(s.get("grid_mode").and_then(|v| v.as_i64()).unwrap_or(0)),
    |

warning: redundant closure
   --> src/project/mod.rs:171:56
    |
171 |                 grid_mode: s.get("grid_mode").and_then(|v| v.as_i64()).unwrap_or(0) as i32,
    |                                                        ^^^^^^^^^^^^^^ help: replace the closure with the method itself: `serde_yaml::Value::as_i64`
    |
    = help: for further information visit https://rust-lang.github.io/rust-clippy/rust-1.98.0/index.html#redundant_closure_for_method_calls

warning: casting `f64` to `f32` may truncate the value
   --> src/project/mod.rs:172:27
    |
172 |                 grid_bpm: s.get("grid_bpm").and_then(|v| v.as_f64()).unwrap_or(120.0) as f32,
    |                           ^^^^^^^^^^^^^^^^^^^^^^^^^^^^^^^^^^^^^^^^^^^^^^^^^^^^^^^^^^^^^^^^^^
    |
    = help: if this is intentional allow the lint with `#[allow(clippy::cast_possible_truncation)]` ...
    = help: for further information visit https://rust-lang.github.io/rust-clippy/rust-1.98.0/index.html#cast_possible_truncation

warning: redundant closure
   --> src/project/mod.rs:172:54
    |
172 |                 grid_bpm: s.get("grid_bpm").and_then(|v| v.as_f64()).unwrap_or(120.0) as f32,
    |                                                      ^^^^^^^^^^^^^^ help: replace the closure with the method itself: `serde_yaml::Value::as_f64`
    |
    = help: for further information visit https://rust-lang.github.io/rust-clippy/rust-1.98.0/index.html#redundant_closure_for_method_calls

warning: casting `f64` to `f32` may truncate the value
   --> src/project/mod.rs:173:30
    |
173 |                 grid_offset: s.get("grid_offset").and_then(|v| v.as_f64()).unwrap_or(0.0) as f32,
    |                              ^^^^^^^^^^^^^^^^^^^^^^^^^^^^^^^^^^^^^^^^^^^^^^^^^^^^^^^^^^^^^^^^^^^
    |
    = help: if this is intentional allow the lint with `#[allow(clippy::cast_possible_truncation)]` ...
    = help: for further information visit https://rust-lang.github.io/rust-clippy/rust-1.98.0/index.html#cast_possible_truncation

warning: redundant closure
   --> src/project/mod.rs:173:60
    |
173 |                 grid_offset: s.get("grid_offset").and_then(|v| v.as_f64()).unwrap_or(0.0) as f32,
    |                                                            ^^^^^^^^^^^^^^ help: replace the closure with the method itself: `serde_yaml::Value::as_f64`
    |
    = help: for further information visit https://rust-lang.github.io/rust-clippy/rust-1.98.0/index.html#redundant_closure_for_method_calls

warning: casting `i64` to `i32` may truncate the value
   --> src/project/mod.rs:174:32
    |
174 |                   grid_interval: s
    |  ________________________________^
175 | |                     .get("grid_interval")
176 | |                     .and_then(|v| v.as_i64())
177 | |                     .unwrap_or(30) as i32,
    | |_________________________________________^
    |
    = help: if this is intentional allow the lint with `#[allow(clippy::cast_possible_truncation)]` ...
    = help: for further information visit https://rust-lang.github.io/rust-clippy/rust-1.98.0/index.html#cast_possible_truncation
help: ... or use `try_from` and handle the error accordingly
    |
174 ~                 grid_interval: i32::try_from(s
175 +                     .get("grid_interval")
176 +                     .and_then(|v| v.as_i64())
177 ~                     .unwrap_or(30)),
    |

warning: redundant closure
   --> src/project/mod.rs:176:31
    |
176 |                     .and_then(|v| v.as_i64())
    |                               ^^^^^^^^^^^^^^ help: replace the closure with the method itself: `serde_yaml::Value::as_i64`
    |
    = help: for further information visit https://rust-lang.github.io/rust-clippy/rust-1.98.0/index.html#redundant_closure_for_method_calls

warning: casting `i64` to `i32` may truncate the value
   --> src/project/mod.rs:178:35
    |
178 |                   grid_subdivision: s
    |  ___________________________________^
179 | |                     .get("grid_subdivision")
180 | |                     .and_then(|v| v.as_i64())
181 | |                     .unwrap_or(1) as i32,
    | |________________________________________^
    |
    = help: if this is intentional allow the lint with `#[allow(clippy::cast_possible_truncation)]` ...
    = help: for further information visit https://rust-lang.github.io/rust-clippy/rust-1.98.0/index.html#cast_possible_truncation
help: ... or use `try_from` and handle the error accordingly
    |
178 ~                 grid_subdivision: i32::try_from(s
179 +                     .get("grid_subdivision")
180 +                     .and_then(|v| v.as_i64())
181 ~                     .unwrap_or(1)),
    |

warning: redundant closure
   --> src/project/mod.rs:180:31
    |
180 |                     .and_then(|v| v.as_i64())
    |                               ^^^^^^^^^^^^^^ help: replace the closure with the method itself: `serde_yaml::Value::as_i64`
    |
    = help: for further information visit https://rust-lang.github.io/rust-clippy/rust-1.98.0/index.html#redundant_closure_for_method_calls

warning: redundant closure
   --> src/project/mod.rs:184:31
    |
184 |                     .and_then(|v| v.as_bool())
    |                               ^^^^^^^^^^^^^^^ help: replace the closure with the method itself: `serde_yaml::Value::as_bool`
    |
    = help: for further information visit https://rust-lang.github.io/rust-clippy/rust-1.98.0/index.html#redundant_closure_for_method_calls

warning: casting `i64` to `i32` may truncate the value
   --> src/project/mod.rs:186:38
    |
186 |                   magnetic_snap_range: s
    |  ______________________________________^
187 | |                     .get("magnetic_snap_range")
188 | |                     .and_then(|v| v.as_i64())
189 | |                     .unwrap_or(5) as i32,
    | |________________________________________^
    |
    = help: if this is intentional allow the lint with `#[allow(clippy::cast_possible_truncation)]` ...
    = help: for further information visit https://rust-lang.github.io/rust-clippy/rust-1.98.0/index.html#cast_possible_truncation
help: ... or use `try_from` and handle the error accordingly
    |
186 ~                 magnetic_snap_range: i32::try_from(s
187 +                     .get("magnetic_snap_range")
188 +                     .and_then(|v| v.as_i64())
189 ~                     .unwrap_or(5)),
    |

warning: redundant closure
   --> src/project/mod.rs:188:31
    |
188 |                     .and_then(|v| v.as_i64())
    |                               ^^^^^^^^^^^^^^ help: replace the closure with the method itself: `serde_yaml::Value::as_i64`
    |
    = help: for further information visit https://rust-lang.github.io/rust-clippy/rust-1.98.0/index.html#redundant_closure_for_method_calls

warning: arithmetic operation that can potentially result in unexpected side-effects
   --> src/project/mod.rs:261:9
    |
261 |         suffix += 1;
    |         ^^^^^^^^^^^
    |
    = help: for further information visit https://rust-lang.github.io/rust-clippy/rust-1.98.0/index.html#arithmetic_side_effects

warning: usage of wildcard import
 --> src/renderer/pipeline/bind_layouts.rs:1:5
  |
1 | use super::*;
  |     ^^^^^^^^ help: try: `super::{wgpu, MEDIA_UNIFORM_SIZE}`
  |
  = help: for further information visit https://rust-lang.github.io/rust-clippy/rust-1.98.0/index.html#wildcard_imports

warning: usage of wildcard import
 --> src/renderer/pipeline/device.rs:1:5
  |
1 | use super::*;
  |     ^^^^^^^^ help: try: `super::{AtomicBool, Ordering, wgpu}`
  |
  = help: for further information visit https://rust-lang.github.io/rust-clippy/rust-1.98.0/index.html#wildcard_imports

warning: useless use of `format!`
  --> src/renderer/pipeline/device.rs:14:20
   |
14 |             arg0 = format!("{reason}")
   |                    ^^^^^^^^^^^^^^^^^^^ help: consider using `.to_string()`: `reason.to_string()`
   |
   = help: for further information visit https://rust-lang.github.io/rust-clippy/rust-1.98.0/index.html#useless_format

warning: usage of wildcard import
 --> src/renderer/pipeline/draw.rs:2:5
  |
2 | use super::*;
  |     ^^^^^^^^ help: try: `super::{RenderEngine, ActiveObject, CapturedObjects, wgpu, HashMap, Value, effects, ComposeCacheKey, MEDIA_UNIFORM_SIZE}`
  |
  = help: for further information visit https://rust-lang.github.io/rust-clippy/rust-1.98.0/index.html#wildcard_imports

warning: this function has too many arguments (8/7)
  --> src/renderer/pipeline/draw.rs:6:5
   |
 6 | /     pub(super) fn apply_effect_chain(
 7 | |         &mut self,
 8 | |         world: &crate::ecs::EcsWorld,
 9 | |         objects: &[ActiveObject],
...  |
14 | |         chain: &[(String, HashMap<String, Value>)],
15 | |     ) {
   | |_____^
   |
   = help: for further information visit https://rust-lang.github.io/rust-clippy/rust-1.98.0/index.html#too_many_arguments

warning: this function has too many lines (180/100)
  --> src/renderer/pipeline/draw.rs:6:5
   |
 6 | /     pub(super) fn apply_effect_chain(
 7 | |         &mut self,
 8 | |         world: &crate::ecs::EcsWorld,
 9 | |         objects: &[ActiveObject],
...  |
14 | |         chain: &[(String, HashMap<String, Value>)],
15 | |     ) {
   | |_____^
   |
   = help: for further information visit https://rust-lang.github.io/rust-clippy/rust-1.98.0/index.html#too_many_lines

warning: casting `u32` to `f32` may cause a loss of precision (`u32` is 32 bits wide, but `f32`'s mantissa is only 23 bits wide)
  --> src/renderer/pipeline/draw.rs:68:49
   |
68 | ...                   Value::Enum(idx) => *idx as f32,
   |                                           ^^^^^^^^^^^
   |
   = help: for further information visit https://rust-lang.github.io/rust-clippy/rust-1.98.0/index.html#cast_precision_loss

warning: arithmetic operation that can potentially result in unexpected side-effects
   --> src/renderer/pipeline/draw.rs:106:25
    |
106 |                         depth + 1,
    |                         ^^^^^^^^^
    |
    = help: for further information visit https://rust-lang.github.io/rust-clippy/rust-1.98.0/index.html#arithmetic_side_effects

warning: indexing may panic
   --> src/renderer/pipeline/draw.rs:214:33
    |
214 |             rpass.set_pipeline(&pipelines[obj.blend_mode.pipeline_index() as usize]);
    |                                 ^^^^^^^^^^^^^^^^^^^^^^^^^^^^^^^^^^^^^^^^^^^^^^^^^^^
    |
    = help: consider using `.get(n)` or `.get_mut(n)` instead
    = help: for further information visit https://rust-lang.github.io/rust-clippy/rust-1.98.0/index.html#indexing_slicing

warning: indexing may panic
   --> src/renderer/pipeline/draw.rs:264:33
    |
264 |             rpass.set_pipeline(&self.video_pipeline[variant]);
    |                                 ^^^^^^^^^^^^^^^^^^^^^^^^^^^^
    |
    = help: consider using `.get(n)` or `.get_mut(n)` instead
    = help: for further information visit https://rust-lang.github.io/rust-clippy/rust-1.98.0/index.html#indexing_slicing

warning: indexing may panic
   --> src/renderer/pipeline/draw.rs:291:33
    |
291 |             rpass.set_pipeline(&self.media_pipeline[variant]);
    |                                 ^^^^^^^^^^^^^^^^^^^^^^^^^^^^
    |
    = help: consider using `.get(n)` or `.get_mut(n)` instead
    = help: for further information visit https://rust-lang.github.io/rust-clippy/rust-1.98.0/index.html#indexing_slicing

warning: indexing may panic
   --> src/renderer/pipeline/draw.rs:332:29
    |
332 |         rpass.set_pipeline(&self.media_pipeline[blend_mode.pipeline_index() as usize]);
    |                             ^^^^^^^^^^^^^^^^^^^^^^^^^^^^^^^^^^^^^^^^^^^^^^^^^^^^^^^^^
    |
    = help: consider using `.get(n)` or `.get_mut(n)` instead
    = help: for further information visit https://rust-lang.github.io/rust-clippy/rust-1.98.0/index.html#indexing_slicing

warning: this argument is passed by value, but not consumed in the function body
   --> src/renderer/pipeline/draw.rs:340:20
    |
340 |         draw_kind: EffectObjectDrawKind,
    |                    ^^^^^^^^^^^^^^^^^^^^
    |
help: or consider marking this type as `Copy`
   --> src/renderer/pipeline/shaders.rs:381:1
    |
381 | pub(super) enum EffectObjectDrawKind<'a> {
    | ^^^^^^^^^^^^^^^^^^^^^^^^^^^^^^^^^^^^^^^^
    = help: for further information visit https://rust-lang.github.io/rust-clippy/rust-1.98.0/index.html#needless_pass_by_value
help: consider taking a reference instead
    |
340 |         draw_kind: &EffectObjectDrawKind,
    |                    +

warning: indexing may panic
   --> src/renderer/pipeline/draw.rs:467:33
    |
467 |             rpass.set_pipeline(&self.composite_pipeline[blend_mode.pipeline_index() as usize]);
    |                                 ^^^^^^^^^^^^^^^^^^^^^^^^^^^^^^^^^^^^^^^^^^^^^^^^^^^^^^^^^^^^^
    |
    = help: consider using `.get(n)` or `.get_mut(n)` instead
    = help: for further information visit https://rust-lang.github.io/rust-clippy/rust-1.98.0/index.html#indexing_slicing

warning: this function has too many arguments (8/7)
   --> src/renderer/pipeline/draw.rs:474:5
    |
474 | /     pub(super) fn composite_clipped_object(
475 | |         &self,
476 | |         content_pool_tex: &wgpu::Texture,
477 | |         mold_pool_tex: &wgpu::Texture,
...   |
482 | |         clear_color: Option<wgpu::Color>,
483 | |     ) {
    | |_____^
    |
    = help: for further information visit https://rust-lang.github.io/rust-clippy/rust-1.98.0/index.html#too_many_arguments

warning: casts from `u8` to `u32` can be expressed infallibly using `From`
   --> src/renderer/pipeline/draw.rs:497:13
    |
497 |             mode as u8 as u32,
    |             ^^^^^^^^^^^^^^^^^
    |
    = help: an `as` cast can become silently lossy if the types change in the future
    = help: for further information visit https://rust-lang.github.io/rust-clippy/rust-1.98.0/index.html#cast_lossless
help: use `u32::from` instead
    |
497 -             mode as u8 as u32,
497 +             u32::from(mode as u8),
    |

warning: usage of wildcard import
 --> src/renderer/pipeline/frame.rs:2:5
  |
2 | use super::*;
  |     ^^^^^^^^ help: try: `super::{RenderEngine, ActiveObject, CapturedObjects, ProjectResource, wgpu, is_device_lost, stable_id_of, VIDEO_STABLE_ID, IMAGE_STABLE_ID, ComposeCacheKey, MAX_OBJECTS, config, HashSet, by_kind_id, build_text_target, UNIT_SIZE_PX, HashMap}`
  |
  = help: for further information visit https://rust-lang.github.io/rust-clippy/rust-1.98.0/index.html#wildcard_imports

warning: arithmetic operation that can potentially result in unexpected side-effects
  --> src/renderer/pipeline/frame.rs:32:38
   |
32 |         let unpadded_bytes_per_row = width * 8;
   |                                      ^^^^^^^^^
   |
   = help: for further information visit https://rust-lang.github.io/rust-clippy/rust-1.98.0/index.html#arithmetic_side_effects

warning: arithmetic operation that can potentially result in unexpected side-effects
  --> src/renderer/pipeline/frame.rs:34:36
   |
34 |         let padded_bytes_per_row = unpadded_bytes_per_row.div_ceil(align) * align;
   |                                    ^^^^^^^^^^^^^^^^^^^^^^^^^^^^^^^^^^^^^^^^^^^^^^
   |
   = help: for further information visit https://rust-lang.github.io/rust-clippy/rust-1.98.0/index.html#arithmetic_side_effects

warning: casts from `u32` to `u64` can be expressed infallibly using `From`
  --> src/renderer/pipeline/frame.rs:35:27
   |
35 |         let buffer_size = (padded_bytes_per_row * height) as wgpu::BufferAddress;
   |                           ^^^^^^^^^^^^^^^^^^^^^^^^^^^^^^^^^^^^^^^^^^^^^^^^^^^^^^
   |
   = help: an `as` cast can become silently lossy if the types change in the future
   = help: for further information visit https://rust-lang.github.io/rust-clippy/rust-1.98.0/index.html#cast_lossless
help: use `wgpu::BufferAddress::from` instead
   |
35 -         let buffer_size = (padded_bytes_per_row * height) as wgpu::BufferAddress;
35 +         let buffer_size = wgpu::BufferAddress::from(padded_bytes_per_row * height);
   |

warning: arithmetic operation that can potentially result in unexpected side-effects
  --> src/renderer/pipeline/frame.rs:35:27
   |
35 |         let buffer_size = (padded_bytes_per_row * height) as wgpu::BufferAddress;
   |                           ^^^^^^^^^^^^^^^^^^^^^^^^^^^^^^^
   |
   = help: for further information visit https://rust-lang.github.io/rust-clippy/rust-1.98.0/index.html#arithmetic_side_effects

warning: arithmetic operation that can potentially result in unexpected side-effects
  --> src/renderer/pipeline/frame.rs:83:44
   |
83 |         let mut rgba8 = Vec::with_capacity((width * height * 4) as usize);
   |                                            ^^^^^^^^^^^^^^^^^^^^
   |
   = help: for further information visit https://rust-lang.github.io/rust-clippy/rust-1.98.0/index.html#arithmetic_side_effects

warning: arithmetic operation that can potentially result in unexpected side-effects
  --> src/renderer/pipeline/frame.rs:85:25
   |
85 |             let start = row * padded_bytes_per_row as usize;
   |                         ^^^^^^^^^^^^^^^^^^^^^^^^^^^^^^^^^^^
   |
   = help: for further information visit https://rust-lang.github.io/rust-clippy/rust-1.98.0/index.html#arithmetic_side_effects

warning: using `chunks_exact` with a constant chunk size
  --> src/renderer/pipeline/frame.rs:86:81
   |
86 |             for pixel in padded[start..start + unpadded_bytes_per_row as usize].chunks_exact(8) {
   |                                                                                 ^^^^^^^^^^^^^^^ help: consider using `as_chunks` instead: `as_chunks::<8>().0`
   |
   = help: for further information visit https://rust-lang.github.io/rust-clippy/rust-1.98.0/index.html#chunks_exact_to_as_chunks
   = note: `#[warn(clippy::chunks_exact_to_as_chunks)]` on by default

warning: slicing may panic
  --> src/renderer/pipeline/frame.rs:86:26
   |
86 |             for pixel in padded[start..start + unpadded_bytes_per_row as usize].chunks_exact(8) {
   |                          ^^^^^^^^^^^^^^^^^^^^^^^^^^^^^^^^^^^^^^^^^^^^^^^^^^^^^^
   |
   = help: consider using `.get(n..m)` or `.get_mut(n..m)` instead
   = help: for further information visit https://rust-lang.github.io/rust-clippy/rust-1.98.0/index.html#indexing_slicing

warning: arithmetic operation that can potentially result in unexpected side-effects
  --> src/renderer/pipeline/frame.rs:86:40
   |
86 |             for pixel in padded[start..start + unpadded_bytes_per_row as usize].chunks_exact(8) {
   |                                        ^^^^^^^^^^^^^^^^^^^^^^^^^^^^^^^^^^^^^^^
   |
   = help: for further information visit https://rust-lang.github.io/rust-clippy/rust-1.98.0/index.html#arithmetic_side_effects

warning: using `chunks_exact` with a constant chunk size
  --> src/renderer/pipeline/frame.rs:87:38
   |
87 |                 for channel in pixel.chunks_exact(2) {
   |                                      ^^^^^^^^^^^^^^^ help: consider using `as_chunks` instead: `as_chunks::<2>().0`
   |
   = help: for further information visit https://rust-lang.github.io/rust-clippy/rust-1.98.0/index.html#chunks_exact_to_as_chunks

warning: indexing may panic
  --> src/renderer/pipeline/frame.rs:88:55
   |
88 |                     let v = half::f16::from_le_bytes([channel[0], channel[1]]).to_f32();
   |                                                       ^^^^^^^^^^
   |
   = help: consider using `.get(n)` or `.get_mut(n)` instead
   = help: for further information visit https://rust-lang.github.io/rust-clippy/rust-1.98.0/index.html#indexing_slicing

warning: indexing may panic
  --> src/renderer/pipeline/frame.rs:88:67
   |
88 |                     let v = half::f16::from_le_bytes([channel[0], channel[1]]).to_f32();
   |                                                                   ^^^^^^^^^^
   |
   = help: consider using `.get(n)` or `.get_mut(n)` instead
   = help: for further information visit https://rust-lang.github.io/rust-clippy/rust-1.98.0/index.html#indexing_slicing

warning: casting `f32` to `u8` may truncate the value
  --> src/renderer/pipeline/frame.rs:89:32
   |
89 |                     rgba8.push((v.clamp(0.0, 1.0) * 255.0).round() as u8);
   |                                ^^^^^^^^^^^^^^^^^^^^^^^^^^^^^^^^^^^^^^^^^
   |
   = help: if this is intentional allow the lint with `#[allow(clippy::cast_possible_truncation)]` ...
   = help: for further information visit https://rust-lang.github.io/rust-clippy/rust-1.98.0/index.html#cast_possible_truncation

warning: casting `f32` to `u8` may lose the sign of the value
  --> src/renderer/pipeline/frame.rs:89:32
   |
89 |                     rgba8.push((v.clamp(0.0, 1.0) * 255.0).round() as u8);
   |                                ^^^^^^^^^^^^^^^^^^^^^^^^^^^^^^^^^^^^^^^^^
   |
   = help: for further information visit https://rust-lang.github.io/rust-clippy/rust-1.98.0/index.html#cast_sign_loss

warning: this function has too many lines (459/100)
   --> src/renderer/pipeline/frame.rs:98:5
    |
 98 | /     pub(super) fn render_at(
 99 | |         &mut self,
100 | |         world: &crate::ecs::EcsWorld,
101 | |         active_objects: &[ActiveObject],
...   |
105 | |         clear_override: Option<wgpu::Color>,
106 | |     ) {
    | |_____^
    |
    = help: for further information visit https://rust-lang.github.io/rust-clippy/rust-1.98.0/index.html#too_many_lines

warning: useless use of `format!`
   --> src/renderer/pipeline/frame.rs:139:48
    |
139 | ...                   arg3 = format!("{err}"),
    |                              ^^^^^^^^^^^^^^^^ help: consider using `.to_string()`: `err.to_string()`
    |
    = help: for further information visit https://rust-lang.github.io/rust-clippy/rust-1.98.0/index.html#useless_format

warning: arithmetic operation that can potentially result in unexpected side-effects
   --> src/renderer/pipeline/frame.rs:170:33
    |
170 | ...                   depth + 1,
    |                       ^^^^^^^^^
    |
    = help: for further information visit https://rust-lang.github.io/rust-clippy/rust-1.98.0/index.html#arithmetic_side_effects

warning: arithmetic operation that can potentially result in unexpected side-effects
   --> src/renderer/pipeline/frame.rs:187:33
    |
187 | ...                   depth + 1,
    |                       ^^^^^^^^^
    |
    = help: for further information visit https://rust-lang.github.io/rust-clippy/rust-1.98.0/index.html#arithmetic_side_effects

warning: arithmetic operation that can potentially result in unexpected side-effects
   --> src/renderer/pipeline/frame.rs:210:25
    |
210 |                         depth + 1,
    |                         ^^^^^^^^^
    |
    = help: for further information visit https://rust-lang.github.io/rust-clippy/rust-1.98.0/index.html#arithmetic_side_effects

warning: arithmetic operation that can potentially result in unexpected side-effects
   --> src/renderer/pipeline/frame.rs:228:17
    |
228 |                 media_next_index += 1;
    |                 ^^^^^^^^^^^^^^^^^^^^^
    |
    = help: for further information visit https://rust-lang.github.io/rust-clippy/rust-1.98.0/index.html#arithmetic_side_effects

warning: arithmetic operation that can potentially result in unexpected side-effects
   --> src/renderer/pipeline/frame.rs:240:17
    |
240 |                 next_index += 1;
    |                 ^^^^^^^^^^^^^^^
    |
    = help: for further information visit https://rust-lang.github.io/rust-clippy/rust-1.98.0/index.html#arithmetic_side_effects

warning: arithmetic operation that can potentially result in unexpected side-effects
   --> src/renderer/pipeline/frame.rs:254:21
    |
254 |                     next_pool += 1;
    |                     ^^^^^^^^^^^^^^
    |
    = help: for further information visit https://rust-lang.github.io/rust-clippy/rust-1.98.0/index.html#arithmetic_side_effects

warning: this `if` statement can be collapsed
   --> src/renderer/pipeline/frame.rs:364:17
    |
364 | /                 if tc.outline_width > 0.0 {
365 | |                     if let Some(t) = self.text_targets.get(&obj.clip_instance) {
366 | |                         self.apply_text_outline(t, tc);
367 | |                     }
368 | |                 }
    | |_________________^
    |
    = help: for further information visit https://rust-lang.github.io/rust-clippy/rust-1.98.0/index.html#collapsible_if
help: collapse nested if block
    |
364 ~                 if tc.outline_width > 0.0
365 ~                     && let Some(t) = self.text_targets.get(&obj.clip_instance) {
366 |                         self.apply_text_outline(t, tc);
367 ~                     }
    |

warning: casting `u32` to `f32` may cause a loss of precision (`u32` is 32 bits wide, but `f32`'s mantissa is only 23 bits wide)
   --> src/renderer/pipeline/frame.rs:370:31
    |
370 |                 let ratio_w = tex_w as f32 / UNIT_SIZE_PX;
    |                               ^^^^^^^^^^^^
    |
    = help: for further information visit https://rust-lang.github.io/rust-clippy/rust-1.98.0/index.html#cast_precision_loss

warning: casting `u32` to `f32` may cause a loss of precision (`u32` is 32 bits wide, but `f32`'s mantissa is only 23 bits wide)
   --> src/renderer/pipeline/frame.rs:371:31
    |
371 |                 let ratio_h = tex_h as f32 / UNIT_SIZE_PX;
    |                               ^^^^^^^^^^^^
    |
    = help: for further information visit https://rust-lang.github.io/rust-clippy/rust-1.98.0/index.html#cast_precision_loss

warning: indexing may panic
   --> src/renderer/pipeline/frame.rs:374:21
    |
374 |                     mvp[i] *= ratio_w;
    |                     ^^^^^^
    |
    = help: consider using `.get(n)` or `.get_mut(n)` instead
    = help: for further information visit https://rust-lang.github.io/rust-clippy/rust-1.98.0/index.html#indexing_slicing

warning: indexing may panic
   --> src/renderer/pipeline/frame.rs:375:21
    |
375 |                     mvp[4 + i] *= ratio_h;
    |                     ^^^^^^^^^^
    |
    = help: consider using `.get(n)` or `.get_mut(n)` instead
    = help: for further information visit https://rust-lang.github.io/rust-clippy/rust-1.98.0/index.html#indexing_slicing

warning: arithmetic operation that can potentially result in unexpected side-effects
   --> src/renderer/pipeline/frame.rs:375:25
    |
375 |                     mvp[4 + i] *= ratio_h;
    |                         ^^^^^
    |
    = help: for further information visit https://rust-lang.github.io/rust-clippy/rust-1.98.0/index.html#arithmetic_side_effects

warning: arithmetic operation that can potentially result in unexpected side-effects
   --> src/renderer/pipeline/frame.rs:379:17
    |
379 |                 media_next_index += 1;
    |                 ^^^^^^^^^^^^^^^^^^^^^
    |
    = help: for further information visit https://rust-lang.github.io/rust-clippy/rust-1.98.0/index.html#arithmetic_side_effects

warning: indexing may panic
   --> src/renderer/pipeline/frame.rs:405:37
    |
405 |             if let Some(pool_idx) = effect_pool_index[idx] {
    |                                     ^^^^^^^^^^^^^^^^^^^^^^
    |
    = help: consider using `.get(n)` or `.get_mut(n)` instead
    = help: for further information visit https://rust-lang.github.io/rust-clippy/rust-1.98.0/index.html#indexing_slicing

warning: indexing may panic
   --> src/renderer/pipeline/frame.rs:406:28
    |
406 |                 let obj = &active_objects[idx];
    |                            ^^^^^^^^^^^^^^^^^^^
    |
    = help: consider using `.get(n)` or `.get_mut(n)` instead
    = help: for further information visit https://rust-lang.github.io/rust-clippy/rust-1.98.0/index.html#indexing_slicing

warning: indexing may panic
   --> src/renderer/pipeline/frame.rs:407:55
    |
407 |                 let draw_kind = if let Some(offset) = offsets[idx] {
    |                                                       ^^^^^^^^^^^^
    |
    = help: consider using `.get(n)` or `.get_mut(n)` instead
    = help: for further information visit https://rust-lang.github.io/rust-clippy/rust-1.98.0/index.html#indexing_slicing

warning: indexing may panic
   --> src/renderer/pipeline/frame.rs:410:23
    |
410 |                     (&media_frames[idx], media_offsets[idx])
    |                       ^^^^^^^^^^^^^^^^^
    |
    = help: consider using `.get(n)` or `.get_mut(n)` instead
    = help: for further information visit https://rust-lang.github.io/rust-clippy/rust-1.98.0/index.html#indexing_slicing

warning: indexing may panic
   --> src/renderer/pipeline/frame.rs:410:42
    |
410 |                     (&media_frames[idx], media_offsets[idx])
    |                                          ^^^^^^^^^^^^^^^^^^
    |
    = help: consider using `.get(n)` or `.get_mut(n)` instead
    = help: for further information visit https://rust-lang.github.io/rust-clippy/rust-1.98.0/index.html#indexing_slicing

warning: arithmetic operation that can potentially result in unexpected side-effects
   --> src/renderer/pipeline/frame.rs:424:21
    |
424 |                     idx += 1;
    |                     ^^^^^^^^
    |
    = help: for further information visit https://rust-lang.github.io/rust-clippy/rust-1.98.0/index.html#arithmetic_side_effects

warning: indexing may panic
   --> src/renderer/pipeline/frame.rs:443:40
    |
443 |                         let mold_tex = mold_frames[idx].as_ref().unwrap_or(&pool_tex);
    |                                        ^^^^^^^^^^^^^^^^
    |
    = help: consider using `.get(n)` or `.get_mut(n)` instead
    = help: for further information visit https://rust-lang.github.io/rust-clippy/rust-1.98.0/index.html#indexing_slicing

warning: arithmetic operation that can potentially result in unexpected side-effects
   --> src/renderer/pipeline/frame.rs:463:17
    |
463 |                 idx += 1;
    |                 ^^^^^^^^
    |
    = help: for further information visit https://rust-lang.github.io/rust-clippy/rust-1.98.0/index.html#arithmetic_side_effects

warning: indexing may panic
   --> src/renderer/pipeline/frame.rs:468:41
    |
468 |             while idx < object_count && effect_pool_index[idx].is_none() {
    |                                         ^^^^^^^^^^^^^^^^^^^^^^
    |
    = help: consider using `.get(n)` or `.get_mut(n)` instead
    = help: for further information visit https://rust-lang.github.io/rust-clippy/rust-1.98.0/index.html#indexing_slicing

warning: arithmetic operation that can potentially result in unexpected side-effects
   --> src/renderer/pipeline/frame.rs:469:17
    |
469 |                 idx += 1;
    |                 ^^^^^^^^
    |
    = help: for further information visit https://rust-lang.github.io/rust-clippy/rust-1.98.0/index.html#arithmetic_side_effects

warning: indexing may panic
   --> src/renderer/pipeline/frame.rs:520:43
    |
520 |                     if let Some(offset) = offsets[i] {
    |                                           ^^^^^^^^^^
    |
    = help: consider using `.get(n)` or `.get_mut(n)` instead
    = help: for further information visit https://rust-lang.github.io/rust-clippy/rust-1.98.0/index.html#indexing_slicing

warning: indexing may panic
   --> src/renderer/pipeline/frame.rs:521:62
    |
521 |                         self.draw_standard_pass(&mut rpass, &active_objects[i], offset);
    |                                                              ^^^^^^^^^^^^^^^^^
    |
    = help: consider using `.get(n)` or `.get_mut(n)` instead
    = help: for further information visit https://rust-lang.github.io/rust-clippy/rust-1.98.0/index.html#indexing_slicing

warning: indexing may panic
   --> src/renderer/pipeline/frame.rs:523:62
    |
523 |                     if let (Some(texture), Some(offset)) = (&media_frames[i], media_offsets[i]) {
    |                                                              ^^^^^^^^^^^^^^^
    |
    = help: consider using `.get(n)` or `.get_mut(n)` instead
    = help: for further information visit https://rust-lang.github.io/rust-clippy/rust-1.98.0/index.html#indexing_slicing

warning: indexing may panic
   --> src/renderer/pipeline/frame.rs:523:79
    |
523 |                     if let (Some(texture), Some(offset)) = (&media_frames[i], media_offsets[i]) {
    |                                                                               ^^^^^^^^^^^^^^^^
    |
    = help: consider using `.get(n)` or `.get_mut(n)` instead
    = help: for further information visit https://rust-lang.github.io/rust-clippy/rust-1.98.0/index.html#indexing_slicing

warning: indexing may panic
   --> src/renderer/pipeline/frame.rs:528:29
    |
528 | ...                   active_objects[i].blend_mode,
    |                       ^^^^^^^^^^^^^^^^^
    |
    = help: consider using `.get(n)` or `.get_mut(n)` instead
    = help: for further information visit https://rust-lang.github.io/rust-clippy/rust-1.98.0/index.html#indexing_slicing

warning: indexing may panic
   --> src/renderer/pipeline/frame.rs:536:29
    |
536 | ...                   active_objects[i].blend_mode,
    |                       ^^^^^^^^^^^^^^^^^
    |
    = help: consider using `.get(n)` or `.get_mut(n)` instead
    = help: for further information visit https://rust-lang.github.io/rust-clippy/rust-1.98.0/index.html#indexing_slicing

warning: usage of wildcard import
 --> src/renderer/pipeline/hot_reload.rs:1:5
  |
1 | use super::*;
  |     ^^^^^^^^ help: try: `super::{RenderEngine, ReloadEvent, build_lua_compute_pipelines, build_pipelines_from_registry, build_effect_pipelines_from_registry}`
  |
  = help: for further information visit https://rust-lang.github.io/rust-clippy/rust-1.98.0/index.html#wildcard_imports

warning: usage of wildcard import
 --> src/renderer/pipeline/shaders.rs:1:5
  |
1 | use super::*;
  |     ^^^^^^^^ help: try: `super::{wgpu, Cow, DEPTH_FORMAT, HashMap, registry, effects, ActiveObject}`
  |
  = help: for further information visit https://rust-lang.github.io/rust-clippy/rust-1.98.0/index.html#wildcard_imports

warning: these match arms have identical bodies
  --> src/renderer/pipeline/shaders.rs:13:9
   |
13 | /         BlendMode::Normal => wgpu::BlendComponent {
14 | |             src_factor: wgpu::BlendFactor::SrcAlpha,
15 | |             dst_factor: wgpu::BlendFactor::OneMinusSrcAlpha,
16 | |             operation: wgpu::BlendOperation::Add,
17 | |         },
   | |_________^
...
33 | /         BlendMode::Overlay => wgpu::BlendComponent {
34 | |             src_factor: wgpu::BlendFactor::SrcAlpha,
35 | |             dst_factor: wgpu::BlendFactor::OneMinusSrcAlpha,
36 | |             operation: wgpu::BlendOperation::Add,
37 | |         },
   | |_________^
   |
   = help: if this is unintentional make the arms return different values
   = help: for further information visit https://rust-lang.github.io/rust-clippy/rust-1.98.0/index.html#match_same_arms
help: otherwise merge the patterns into a single arm
   |
13 ~         BlendMode::Add => wgpu::BlendComponent {
14 |             src_factor: wgpu::BlendFactor::SrcAlpha,
...
27 |         },
28 ~         BlendMode::Normal | BlendMode::Overlay => wgpu::BlendComponent {
   |

warning: useless use of `format!`
   --> src/renderer/pipeline/shaders.rs:174:169
    |
174 | ..."{}", plugin.kind_id), arg1 = format!("{}", plugin.name), arg2 = format!("{err}")));
    |                                  ^^^^^^^^^^^^^^^^^^^^^^^^^^ help: consider using `.to_string()`: `plugin.name.to_string()`
    |
    = help: for further information visit https://rust-lang.github.io/rust-clippy/rust-1.98.0/index.html#useless_format

warning: useless use of `format!`
   --> src/renderer/pipeline/shaders.rs:174:204
    |
174 | ...1 = format!("{}", plugin.name), arg2 = format!("{err}")));
    |                                           ^^^^^^^^^^^^^^^^ help: consider using `.to_string()`: `err.to_string()`
    |
    = help: for further information visit https://rust-lang.github.io/rust-clippy/rust-1.98.0/index.html#useless_format

warning: useless use of `format!`
   --> src/renderer/pipeline/shaders.rs:236:120
    |
236 | ...%{arg1} 理由=%{arg2}", arg0 = format!("{}", source.id()), arg1 = format!("{}", source.name()), arg2 = format!("{err}")));
    |                                  ^^^^^^^^^^^^^^^^^^^^^^^^^^ help: consider using `.to_string()`: `source.id().to_string()`
    |
    = help: for further information visit https://rust-lang.github.io/rust-clippy/rust-1.98.0/index.html#useless_format

warning: useless use of `format!`
   --> src/renderer/pipeline/shaders.rs:236:155
    |
236 | ...("{}", source.id()), arg1 = format!("{}", source.name()), arg2 = format!("{err}")));
    |                                ^^^^^^^^^^^^^^^^^^^^^^^^^^^^ help: consider using `.to_string()`: `source.name().to_string()`
    |
    = help: for further information visit https://rust-lang.github.io/rust-clippy/rust-1.98.0/index.html#useless_format

warning: useless use of `format!`
   --> src/renderer/pipeline/shaders.rs:236:192
    |
236 | ...= format!("{}", source.name()), arg2 = format!("{err}")));
    |                                           ^^^^^^^^^^^^^^^^ help: consider using `.to_string()`: `err.to_string()`
    |
    = help: for further information visit https://rust-lang.github.io/rust-clippy/rust-1.98.0/index.html#useless_format

warning: calling `PipelineCompilationOptions::default()` is more clear than this expression
   --> src/renderer/pipeline/shaders.rs:287:30
    |
287 |         compilation_options: Default::default(),
    |                              ^^^^^^^^^^^^^^^^^^ help: try: `PipelineCompilationOptions::default()`
    |
    = help: for further information visit https://rust-lang.github.io/rust-clippy/rust-1.98.0/index.html#default_trait_access
    = note: `#[warn(clippy::default_trait_access)]` implied by `#[warn(clippy::pedantic)]`

warning: useless use of `format!`
   --> src/renderer/pipeline/shaders.rs:305:117
    |
305 | ... id=%{arg0} 理由=%{arg1}", arg0 = format!("{}", def.id), arg1 = format!("{err}")));
    |                                      ^^^^^^^^^^^^^^^^^^^^^ help: consider using `.to_string()`: `def.id.to_string()`
    |
    = help: for further information visit https://rust-lang.github.io/rust-clippy/rust-1.98.0/index.html#useless_format

warning: calling `PipelineCompilationOptions::default()` is more clear than this expression
   --> src/renderer/pipeline/shaders.rs:313:38
    |
313 |                 compilation_options: Default::default(),
    |                                      ^^^^^^^^^^^^^^^^^^ help: try: `PipelineCompilationOptions::default()`
    |
    = help: for further information visit https://rust-lang.github.io/rust-clippy/rust-1.98.0/index.html#default_trait_access

warning: usage of wildcard import
 --> src/renderer/pipeline/text.rs:1:5
  |
1 | use super::*;
  |     ^^^^^^^^ help: try: `super::{RenderEngine, FontArc, Font, TextRenderTarget, effects, wgpu}`
  |
  = help: for further information visit https://rust-lang.github.io/rust-clippy/rust-1.98.0/index.html#wildcard_imports

warning: usage of wildcard import
 --> src/renderer/pipeline/textures.rs:1:5
  |
1 | use super::*;
  |     ^^^^^^^^ help: try: `super::{wgpu, TextBrush, FontArc, BrushBuilder, DEPTH_FORMAT, by_kind_id}`
  |
  = help: for further information visit https://rust-lang.github.io/rust-clippy/rust-1.98.0/index.html#wildcard_imports

warning: this function has too many lines (217/100)
   --> src/renderer/pipeline/mod.rs:108:5
    |
108 |     pub fn new(device: wgpu::Device, queue: wgpu::Queue, width: u32, height: u32) -> Self {
    |     ^^^^^^^^^^^^^^^^^^^^^^^^^^^^^^^^^^^^^^^^^^^^^^^^^^^^^^^^^^^^^^^^^^^^^^^^^^^^^^^^^^^^^
    |
    = help: for further information visit https://rust-lang.github.io/rust-clippy/rust-1.98.0/index.html#too_many_lines

warning: this function has too many lines (190/100)
   --> src/renderer/pipeline/mod.rs:342:5
    |
342 | /     pub fn reconfigure_accelerator(
343 | |         &mut self,
344 | |         new_device: Arc<wgpu::Device>,
345 | |         new_queue: Arc<wgpu::Queue>,
346 | |         backend_kind: neoutl_shared_abi::AcceleratorBackend,
347 | |     ) {
    | |_____^
    |
    = help: for further information visit https://rust-lang.github.io/rust-clippy/rust-1.98.0/index.html#too_many_lines

warning: this argument is passed by value, but not consumed in the function body
   --> src/renderer/pipeline/mod.rs:344:21
    |
344 |         new_device: Arc<wgpu::Device>,
    |                     ^^^^^^^^^^^^^^^^^
    |
    = help: for further information visit https://rust-lang.github.io/rust-clippy/rust-1.98.0/index.html#needless_pass_by_value
help: consider taking a reference instead
    |
344 |         new_device: &Arc<wgpu::Device>,
    |                     +

warning: this argument is passed by value, but not consumed in the function body
   --> src/renderer/pipeline/mod.rs:345:20
    |
345 |         new_queue: Arc<wgpu::Queue>,
    |                    ^^^^^^^^^^^^^^^^
    |
    = help: for further information visit https://rust-lang.github.io/rust-clippy/rust-1.98.0/index.html#needless_pass_by_value
help: consider taking a reference instead
    |
345 |         new_queue: &Arc<wgpu::Queue>,
    |                    +

warning: `as` casting between raw pointers without changing their constness
   --> src/renderer/pipeline/mod.rs:551:13
    |
551 |             Arc::as_ptr(&new_device) as *const (),
    |             ^^^^^^^^^^^^^^^^^^^^^^^^^^^^^^^^^^^^^ help: try `pointer::cast`, a safer alternative: `Arc::as_ptr(&new_device).cast::<()>()`
    |
    = help: for further information visit https://rust-lang.github.io/rust-clippy/rust-1.98.0/index.html#ptr_as_ptr

warning: `as` casting between raw pointers without changing their constness
   --> src/renderer/pipeline/mod.rs:552:13
    |
552 |             Arc::as_ptr(&new_queue) as *const (),
    |             ^^^^^^^^^^^^^^^^^^^^^^^^^^^^^^^^^^^^ help: try `pointer::cast`, a safer alternative: `Arc::as_ptr(&new_queue).cast::<()>()`
    |
    = help: for further information visit https://rust-lang.github.io/rust-clippy/rust-1.98.0/index.html#ptr_as_ptr

warning: adding items after statements is confusing, since items exist from the start of the scope
   --> src/renderer/pipeline/mod.rs:635:9
    |
635 |         const SCALE: f32 = 1_000_000.0;
    |         ^^^^^^^^^^^^^^^^^^^^^^^^^^^^^^^
    |
    = help: for further information visit https://rust-lang.github.io/rust-clippy/rust-1.98.0/index.html#items_after_statements

warning: casting `u32` to `f32` may cause a loss of precision (`u32` is 32 bits wide, but `f32`'s mantissa is only 23 bits wide)
   --> src/renderer/pipeline/mod.rs:634:21
    |
634 |         let count = (raw[4].max(1)) as f32;
    |                     ^^^^^^^^^^^^^^^^^^^^^^
    |
    = help: for further information visit https://rust-lang.github.io/rust-clippy/rust-1.98.0/index.html#cast_precision_loss

warning: indexing may panic
   --> src/renderer/pipeline/mod.rs:634:22
    |
634 |         let count = (raw[4].max(1)) as f32;
    |                      ^^^^^^
    |
    = help: consider using `.get(n)` or `.get_mut(n)` instead
    = help: for further information visit https://rust-lang.github.io/rust-clippy/rust-1.98.0/index.html#indexing_slicing

warning: casting `u32` to `f32` may cause a loss of precision (`u32` is 32 bits wide, but `f32`'s mantissa is only 23 bits wide)
   --> src/renderer/pipeline/mod.rs:637:13
    |
637 |             raw[0] as f32 / SCALE / count,
    |             ^^^^^^^^^^^^^
    |
    = help: for further information visit https://rust-lang.github.io/rust-clippy/rust-1.98.0/index.html#cast_precision_loss

warning: indexing may panic
   --> src/renderer/pipeline/mod.rs:637:13
    |
637 |             raw[0] as f32 / SCALE / count,
    |             ^^^^^^
    |
    = help: consider using `.get(n)` or `.get_mut(n)` instead
    = help: for further information visit https://rust-lang.github.io/rust-clippy/rust-1.98.0/index.html#indexing_slicing

warning: casting `u32` to `f32` may cause a loss of precision (`u32` is 32 bits wide, but `f32`'s mantissa is only 23 bits wide)
   --> src/renderer/pipeline/mod.rs:638:13
    |
638 |             raw[1] as f32 / SCALE / count,
    |             ^^^^^^^^^^^^^
    |
    = help: for further information visit https://rust-lang.github.io/rust-clippy/rust-1.98.0/index.html#cast_precision_loss

warning: indexing may panic
   --> src/renderer/pipeline/mod.rs:638:13
    |
638 |             raw[1] as f32 / SCALE / count,
    |             ^^^^^^
    |
    = help: consider using `.get(n)` or `.get_mut(n)` instead
    = help: for further information visit https://rust-lang.github.io/rust-clippy/rust-1.98.0/index.html#indexing_slicing

warning: casting `u32` to `f32` may cause a loss of precision (`u32` is 32 bits wide, but `f32`'s mantissa is only 23 bits wide)
   --> src/renderer/pipeline/mod.rs:639:13
    |
639 |             raw[2] as f32 / SCALE / count,
    |             ^^^^^^^^^^^^^
    |
    = help: for further information visit https://rust-lang.github.io/rust-clippy/rust-1.98.0/index.html#cast_precision_loss

warning: indexing may panic
   --> src/renderer/pipeline/mod.rs:639:13
    |
639 |             raw[2] as f32 / SCALE / count,
    |             ^^^^^^
    |
    = help: consider using `.get(n)` or `.get_mut(n)` instead
    = help: for further information visit https://rust-lang.github.io/rust-clippy/rust-1.98.0/index.html#indexing_slicing

warning: casting `u32` to `f32` may cause a loss of precision (`u32` is 32 bits wide, but `f32`'s mantissa is only 23 bits wide)
   --> src/renderer/pipeline/mod.rs:640:13
    |
640 |             raw[3] as f32 / SCALE / count,
    |             ^^^^^^^^^^^^^
    |
    = help: for further information visit https://rust-lang.github.io/rust-clippy/rust-1.98.0/index.html#cast_precision_loss

warning: indexing may panic
   --> src/renderer/pipeline/mod.rs:640:13
    |
640 |             raw[3] as f32 / SCALE / count,
    |             ^^^^^^
    |
    = help: consider using `.get(n)` or `.get_mut(n)` instead
    = help: for further information visit https://rust-lang.github.io/rust-clippy/rust-1.98.0/index.html#indexing_slicing

warning: this function has too many arguments (9/7)
   --> src/renderer/pipeline/mod.rs:654:5
    |
654 | /     fn render_composed_texture(
655 | |         &mut self,
656 | |         world: &crate::ecs::EcsWorld,
657 | |         objects: &[ActiveObject],
...   |
663 | |         clear_override: Option<wgpu::Color>,
664 | |     ) -> Option<wgpu::Texture> {
    | |______________________________^
    |
    = help: for further information visit https://rust-lang.github.io/rust-clippy/rust-1.98.0/index.html#too_many_arguments

warning: casting `u64` to `usize` may truncate the value on targets with 32-bit wide pointers
   --> src/renderer/pipeline/mod.rs:733:30
    |
733 |         let mut data = [0u8; STANDARD_UNIFORM_SIZE as usize];
    |                              ^^^^^^^^^^^^^^^^^^^^^^^^^^^^^^
    |
    = help: if this is intentional allow the lint with `#[allow(clippy::cast_possible_truncation)]` ...
    = help: for further information visit https://rust-lang.github.io/rust-clippy/rust-1.98.0/index.html#cast_possible_truncation

warning: casting `u32` to `f32` may cause a loss of precision (`u32` is 32 bits wide, but `f32`'s mantissa is only 23 bits wide)
   --> src/renderer/pipeline/mod.rs:740:18
    |
740 |                 (s.sides as f32, s.extrude_depth, s.fill_color)
    |                  ^^^^^^^^^^^^^^
    |
    = help: for further information visit https://rust-lang.github.io/rust-clippy/rust-1.98.0/index.html#cast_precision_loss

warning: arithmetic operation that can potentially result in unexpected side-effects
   --> src/renderer/pipeline/mod.rs:746:22
    |
746 |         let offset = index * UNIFORM_STRIDE;
    |                      ^^^^^^^^^^^^^^^^^^^^^^
    |
    = help: for further information visit https://rust-lang.github.io/rust-clippy/rust-1.98.0/index.html#arithmetic_side_effects

warning: casting `u64` to `u32` may truncate the value
   --> src/renderer/pipeline/mod.rs:748:9
    |
748 |         offset as u32
    |         ^^^^^^^^^^^^^
    |
    = help: if this is intentional allow the lint with `#[allow(clippy::cast_possible_truncation)]` ...
    = help: for further information visit https://rust-lang.github.io/rust-clippy/rust-1.98.0/index.html#cast_possible_truncation
help: ... or use `try_from` and handle the error accordingly
    |
748 -         offset as u32
748 +         u32::try_from(offset)
    |

warning: casting `u64` to `usize` may truncate the value on targets with 32-bit wide pointers
   --> src/renderer/pipeline/mod.rs:772:30
    |
772 |         let mut data = [0u8; MEDIA_UNIFORM_SIZE as usize];
    |                              ^^^^^^^^^^^^^^^^^^^^^^^^^^^
    |
    = help: if this is intentional allow the lint with `#[allow(clippy::cast_possible_truncation)]` ...
    = help: for further information visit https://rust-lang.github.io/rust-clippy/rust-1.98.0/index.html#cast_possible_truncation

warning: arithmetic operation that can potentially result in unexpected side-effects
   --> src/renderer/pipeline/mod.rs:777:22
    |
777 |         let offset = index * UNIFORM_STRIDE;
    |                      ^^^^^^^^^^^^^^^^^^^^^^
    |
    = help: for further information visit https://rust-lang.github.io/rust-clippy/rust-1.98.0/index.html#arithmetic_side_effects

warning: casting `u64` to `u32` may truncate the value
   --> src/renderer/pipeline/mod.rs:780:9
    |
780 |         offset as u32
    |         ^^^^^^^^^^^^^
    |
    = help: if this is intentional allow the lint with `#[allow(clippy::cast_possible_truncation)]` ...
    = help: for further information visit https://rust-lang.github.io/rust-clippy/rust-1.98.0/index.html#cast_possible_truncation
help: ... or use `try_from` and handle the error accordingly
    |
780 -         offset as u32
780 +         u32::try_from(offset)
    |

warning: indexing may panic
   --> src/renderer/pipeline/mod.rs:806:10
    |
806 |         &self.effect_object_pool[index]
    |          ^^^^^^^^^^^^^^^^^^^^^^^^^^^^^^
    |
    = help: consider using `.get(n)` or `.get_mut(n)` instead
    = help: for further information visit https://rust-lang.github.io/rust-clippy/rust-1.98.0/index.html#indexing_slicing

warning: this argument is passed by value, but not consumed in the function body
  --> src/ui/dialogs.rs:23:30
   |
23 |     pub fn new(world_holder: Arc<Mutex<EcsWorld>>) -> Self {
   |                              ^^^^^^^^^^^^^^^^^^^^
   |
   = help: for further information visit https://rust-lang.github.io/rust-clippy/rust-1.98.0/index.html#needless_pass_by_value
help: consider taking a reference instead
   |
23 |     pub fn new(world_holder: &Arc<Mutex<EcsWorld>>) -> Self {
   |                              +

warning: called `map(<f>).unwrap_or(false)` on an `Option` value
  --> src/ui/dialogs.rs:35:21
   |
35 |           let dirty = state
   |  _____________________^
36 | |             .lock()
37 | |             .unwrap()
38 | |             .sessions
39 | |             .get(index)
40 | |             .map(|s| s.dirty)
41 | |             .unwrap_or(false);
   | |_____________________________^
   |
   = help: for further information visit https://rust-lang.github.io/rust-clippy/rust-1.98.0/index.html#map_unwrap_or
help: use `is_some_and(<f>)` instead
   |
40 -             .map(|s| s.dirty)
41 -             .unwrap_or(false);
40 +             .is_some_and(|s| s.dirty);
   |

warning: casting `i32` to `usize` may lose the sign of the value
  --> src/ui/effect_add_dialog.rs:72:40
   |
72 |                     let mut sort_idx = self.sort_mode as usize;
   |                                        ^^^^^^^^^^^^^^^^^^^^^^^
   |
   = help: for further information visit https://rust-lang.github.io/rust-clippy/rust-1.98.0/index.html#cast_sign_loss

warning: casting `usize` to `i32` may truncate the value on targets with 64-bit wide pointers
  --> src/ui/effect_add_dialog.rs:77:38
   |
77 |                     self.sort_mode = sort_idx as i32;
   |                                      ^^^^^^^^^^^^^^^
   |
   = help: if this is intentional allow the lint with `#[allow(clippy::cast_possible_truncation)]` ...
   = help: for further information visit https://rust-lang.github.io/rust-clippy/rust-1.98.0/index.html#cast_possible_truncation
help: ... or use `try_from` and handle the error accordingly
   |
77 -                     self.sort_mode = sort_idx as i32;
77 +                     self.sort_mode = i32::try_from(sort_idx);
   |

warning: casting `usize` to `i32` may wrap around the value on targets with 32-bit wide pointers
  --> src/ui/effect_add_dialog.rs:77:38
   |
77 |                     self.sort_mode = sort_idx as i32;
   |                                      ^^^^^^^^^^^^^^^
   |
   = help: for further information visit https://rust-lang.github.io/rust-clippy/rust-1.98.0/index.html#cast_possible_wrap

warning: arithmetic operation that can potentially result in unexpected side-effects
  --> src/ui/effect_add_dialog.rs:84:74
   |
84 |                         let mut labels: Vec<String> = Vec::with_capacity(categories.len() + 1);
   |                                                                          ^^^^^^^^^^^^^^^^^^^^
   |
   = help: for further information visit https://rust-lang.github.io/rust-clippy/rust-1.98.0/index.html#arithmetic_side_effects

warning: indexing may panic
  --> src/ui/effect_add_dialog.rs:95:29
   |
95 | ...                   labels[cat_idx].clone()
   |                       ^^^^^^^^^^^^^^^
   |
   = help: consider using `.get(n)` or `.get_mut(n)` instead
   = help: for further information visit https://rust-lang.github.io/rust-clippy/rust-1.98.0/index.html#indexing_slicing

warning: boolean to int conversion using if
  --> src/ui/export_dialog.rs:82:22
   |
82 |           self.codec = if preset.codec == ExportCodec::H264 {
   |  ______________________^
83 | |             0
84 | |         } else {
85 | |             1
86 | |         };
   | |_________^ help: replace with from: `i32::from(preset.codec != ExportCodec::H264)`
   |
   = note: `(preset.codec != ExportCodec::H264) as i32` or `(preset.codec != ExportCodec::H264).into()` can also be valid options
   = help: for further information visit https://rust-lang.github.io/rust-clippy/rust-1.98.0/index.html#bool_to_int_with_if
   = note: `#[warn(clippy::bool_to_int_with_if)]` implied by `#[warn(clippy::pedantic)]`

warning: casting `u32` to `i32` may wrap around the value
  --> src/ui/export_dialog.rs:92:37
   |
92 |         self.average_bitrate_kbps = (preset.average_bitrate / 1000) as i32;
   |                                     ^^^^^^^^^^^^^^^^^^^^^^^^^^^^^^^^^^^^^^ help: if this is intentional, use `cast_signed()` instead: `(preset.average_bitrate / 1000).cast_signed()`
   |
   = help: for further information visit https://rust-lang.github.io/rust-clippy/rust-1.98.0/index.html#cast_possible_wrap

warning: casting `u32` to `i32` may wrap around the value
  --> src/ui/export_dialog.rs:93:33
   |
93 |         self.max_bitrate_kbps = (preset.max_bitrate / 1000) as i32;
   |                                 ^^^^^^^^^^^^^^^^^^^^^^^^^^^^^^^^^^ help: if this is intentional, use `cast_signed()` instead: `(preset.max_bitrate / 1000).cast_signed()`
   |
   = help: for further information visit https://rust-lang.github.io/rust-clippy/rust-1.98.0/index.html#cast_possible_wrap

warning: arithmetic operation that can potentially result in unexpected side-effects
   --> src/ui/export_dialog.rs:114:30
    |
114 |             average_bitrate: self.average_bitrate_kbps.max(0) as u32 * 1000,
    |                              ^^^^^^^^^^^^^^^^^^^^^^^^^^^^^^^^^^^^^^^^^^^^^^
    |
    = help: for further information visit https://rust-lang.github.io/rust-clippy/rust-1.98.0/index.html#arithmetic_side_effects

warning: casting `i32` to `u32` may lose the sign of the value
   --> src/ui/export_dialog.rs:114:30
    |
114 |             average_bitrate: self.average_bitrate_kbps.max(0) as u32 * 1000,
    |                              ^^^^^^^^^^^^^^^^^^^^^^^^^^^^^^^^^^^^^^^ help: if this is intentional, use `cast_unsigned()` instead: `self.average_bitrate_kbps.max(0).cast_unsigned()`
    |
    = help: for further information visit https://rust-lang.github.io/rust-clippy/rust-1.98.0/index.html#cast_sign_loss

warning: arithmetic operation that can potentially result in unexpected side-effects
   --> src/ui/export_dialog.rs:115:26
    |
115 |             max_bitrate: self.max_bitrate_kbps.max(0) as u32 * 1000,
    |                          ^^^^^^^^^^^^^^^^^^^^^^^^^^^^^^^^^^^^^^^^^^
    |
    = help: for further information visit https://rust-lang.github.io/rust-clippy/rust-1.98.0/index.html#arithmetic_side_effects

warning: casting `i32` to `u32` may lose the sign of the value
   --> src/ui/export_dialog.rs:115:26
    |
115 |             max_bitrate: self.max_bitrate_kbps.max(0) as u32 * 1000,
    |                          ^^^^^^^^^^^^^^^^^^^^^^^^^^^^^^^^^^^ help: if this is intentional, use `cast_unsigned()` instead: `self.max_bitrate_kbps.max(0).cast_unsigned()`
    |
    = help: for further information visit https://rust-lang.github.io/rust-clippy/rust-1.98.0/index.html#cast_sign_loss

warning: casting `i32` to `usize` may lose the sign of the value
   --> src/ui/export_dialog.rs:135:21
    |
135 |         let index = self.selected_preset as usize;
    |                     ^^^^^^^^^^^^^^^^^^^^^^^^^^^^^
    |
    = help: for further information visit https://rust-lang.github.io/rust-clippy/rust-1.98.0/index.html#cast_sign_loss

warning: arithmetic operation that can potentially result in unexpected side-effects
   --> src/ui/export_dialog.rs:175:30
    |
175 |             average_bitrate: self.average_bitrate_kbps as u32 * 1000,
    |                              ^^^^^^^^^^^^^^^^^^^^^^^^^^^^^^^^^^^^^^^
    |
    = help: for further information visit https://rust-lang.github.io/rust-clippy/rust-1.98.0/index.html#arithmetic_side_effects

warning: casting `i32` to `u32` may lose the sign of the value
   --> src/ui/export_dialog.rs:175:30
    |
175 |             average_bitrate: self.average_bitrate_kbps as u32 * 1000,
    |                              ^^^^^^^^^^^^^^^^^^^^^^^^^^^^^^^^ help: if this is intentional, use `cast_unsigned()` instead: `self.average_bitrate_kbps.cast_unsigned()`
    |
    = help: for further information visit https://rust-lang.github.io/rust-clippy/rust-1.98.0/index.html#cast_sign_loss

warning: arithmetic operation that can potentially result in unexpected side-effects
   --> src/ui/export_dialog.rs:176:26
    |
176 |             max_bitrate: self.max_bitrate_kbps as u32 * 1000,
    |                          ^^^^^^^^^^^^^^^^^^^^^^^^^^^^^^^^^^^
    |
    = help: for further information visit https://rust-lang.github.io/rust-clippy/rust-1.98.0/index.html#arithmetic_side_effects

warning: casting `i32` to `u32` may lose the sign of the value
   --> src/ui/export_dialog.rs:176:26
    |
176 |             max_bitrate: self.max_bitrate_kbps as u32 * 1000,
    |                          ^^^^^^^^^^^^^^^^^^^^^^^^^^^^ help: if this is intentional, use `cast_unsigned()` instead: `self.max_bitrate_kbps.cast_unsigned()`
    |
    = help: for further information visit https://rust-lang.github.io/rust-clippy/rust-1.98.0/index.html#cast_sign_loss

warning: indexing may panic
   --> src/ui/export_dialog.rs:190:13
    |
190 |             s.sessions[s.active].meta.dir.clone()
    |             ^^^^^^^^^^^^^^^^^^^^
    |
    = help: consider using `.get(n)` or `.get_mut(n)` instead
    = help: for further information visit https://rust-lang.github.io/rust-clippy/rust-1.98.0/index.html#indexing_slicing

warning: this function has too many lines (199/100)
   --> src/ui/export_dialog.rs:203:5
    |
203 |     pub fn show(&mut self, _ctx: &Context, ui: &mut Ui, state: &SharedAppState) {
    |     ^^^^^^^^^^^^^^^^^^^^^^^^^^^^^^^^^^^^^^^^^^^^^^^^^^^^^^^^^^^^^^^^^^^^^^^^^^^
    |
    = help: for further information visit https://rust-lang.github.io/rust-clippy/rust-1.98.0/index.html#too_many_lines

warning: called `map(<f>).unwrap_or(false)` on an `Option` value
   --> src/ui/export_dialog.rs:209:29
    |
209 |           let queue_running = self
    |  _____________________________^
210 | |             .active_queue
211 | |             .as_ref()
212 | |             .map(|q| {
...   |
218 | |             })
219 | |             .unwrap_or(false);
    | |_____________________________^
    |
    = help: for further information visit https://rust-lang.github.io/rust-clippy/rust-1.98.0/index.html#map_unwrap_or
help: use `is_some_and(<f>)` instead
    |
212 ~             .is_some_and(|q| {
213 |                 matches!(
...
217 |                 )
218 ~             });
    |

warning: called `map(<f>).unwrap_or_else(<g>)` on an `Option` value
   --> src/ui/export_dialog.rs:228:39
    |
228 |                           let current = self
    |  _______________________________________^
229 | |                             .presets
230 | |                             .get(self.selected_preset.max(0) as usize)
231 | |                             .map(|p| p.name.clone())
232 | |                             .unwrap_or_else(|| t!("(未選択)"));
    | |______________________________________________________________^
    |
    = help: for further information visit https://rust-lang.github.io/rust-clippy/rust-1.98.0/index.html#map_unwrap_or
help: try
    |
228 ~                         let current = self
229 +                             .presets
230 ~                             .get(self.selected_preset.max(0) as usize).map_or_else(|| t!("(未選択)"), |p| p.name.clone());
    |

warning: casting `i32` to `usize` may lose the sign of the value
   --> src/ui/export_dialog.rs:230:34
    |
230 | ...                   .get(self.selected_preset.max(0) as usize)
    |                            ^^^^^^^^^^^^^^^^^^^^^^^^^^^^^^^^^^^^
    |
    = help: for further information visit https://rust-lang.github.io/rust-clippy/rust-1.98.0/index.html#cast_sign_loss

warning: arithmetic operation that can potentially result in unexpected side-effects
   --> src/ui/export_dialog.rs:235:33
    |
235 | ...                   (self.selected_preset + 1).rem_euclid(self.presets.len() as i32);
    |                       ^^^^^^^^^^^^^^^^^^^^^^^^^^
    |
    = help: for further information visit https://rust-lang.github.io/rust-clippy/rust-1.98.0/index.html#arithmetic_side_effects

warning: casting `usize` to `i32` may truncate the value on targets with 64-bit wide pointers
   --> src/ui/export_dialog.rs:235:71
    |
235 | ...                   (self.selected_preset + 1).rem_euclid(self.presets.len() as i32);
    |                                                             ^^^^^^^^^^^^^^^^^^^^^^^^^
    |
    = help: if this is intentional allow the lint with `#[allow(clippy::cast_possible_truncation)]` ...
    = help: for further information visit https://rust-lang.github.io/rust-clippy/rust-1.98.0/index.html#cast_possible_truncation
help: ... or use `try_from` and handle the error accordingly
    |
235 -                                 (self.selected_preset + 1).rem_euclid(self.presets.len() as i32);
235 +                                 (self.selected_preset + 1).rem_euclid(i32::try_from(self.presets.len()));
    |

warning: casting `usize` to `i32` may wrap around the value on targets with 32-bit wide pointers
   --> src/ui/export_dialog.rs:235:71
    |
235 | ...                   (self.selected_preset + 1).rem_euclid(self.presets.len() as i32);
    |                                                             ^^^^^^^^^^^^^^^^^^^^^^^^^
    |
    = help: for further information visit https://rust-lang.github.io/rust-clippy/rust-1.98.0/index.html#cast_possible_wrap

warning: casting `i32` to `usize` may lose the sign of the value
   --> src/ui/export_dialog.rs:237:47
    |
237 | ...                   self.apply_preset(next as usize);
    |                                         ^^^^^^^^^^^^^
    |
    = help: for further information visit https://rust-lang.github.io/rust-clippy/rust-1.98.0/index.html#cast_sign_loss

warning: casting `i32` to `usize` may lose the sign of the value
   --> src/ui/export_dialog.rs:274:37
    |
274 |                 let mut codec_idx = self.codec.max(0) as usize;
    |                                     ^^^^^^^^^^^^^^^^^^^^^^^^^^
    |
    = help: for further information visit https://rust-lang.github.io/rust-clippy/rust-1.98.0/index.html#cast_sign_loss

warning: casting `usize` to `i32` may truncate the value on targets with 64-bit wide pointers
   --> src/ui/export_dialog.rs:279:34
    |
279 |                     self.codec = codec_idx as i32;
    |                                  ^^^^^^^^^^^^^^^^
    |
    = help: if this is intentional allow the lint with `#[allow(clippy::cast_possible_truncation)]` ...
    = help: for further information visit https://rust-lang.github.io/rust-clippy/rust-1.98.0/index.html#cast_possible_truncation
help: ... or use `try_from` and handle the error accordingly
    |
279 -                     self.codec = codec_idx as i32;
279 +                     self.codec = i32::try_from(codec_idx);
    |

warning: casting `usize` to `i32` may wrap around the value on targets with 32-bit wide pointers
   --> src/ui/export_dialog.rs:279:34
    |
279 |                     self.codec = codec_idx as i32;
    |                                  ^^^^^^^^^^^^^^^^
    |
    = help: for further information visit https://rust-lang.github.io/rust-clippy/rust-1.98.0/index.html#cast_possible_wrap

warning: casting `i32` to `usize` may lose the sign of the value
   --> src/ui/export_dialog.rs:285:39
    |
285 |                 let mut backend_idx = self.backend.max(0) as usize;
    |                                       ^^^^^^^^^^^^^^^^^^^^^^^^^^^^
    |
    = help: for further information visit https://rust-lang.github.io/rust-clippy/rust-1.98.0/index.html#cast_sign_loss

warning: casting `usize` to `i32` may truncate the value on targets with 64-bit wide pointers
   --> src/ui/export_dialog.rs:293:36
    |
293 |                     self.backend = backend_idx as i32;
    |                                    ^^^^^^^^^^^^^^^^^^
    |
    = help: if this is intentional allow the lint with `#[allow(clippy::cast_possible_truncation)]` ...
    = help: for further information visit https://rust-lang.github.io/rust-clippy/rust-1.98.0/index.html#cast_possible_truncation
help: ... or use `try_from` and handle the error accordingly
    |
293 -                     self.backend = backend_idx as i32;
293 +                     self.backend = i32::try_from(backend_idx);
    |

warning: casting `usize` to `i32` may wrap around the value on targets with 32-bit wide pointers
   --> src/ui/export_dialog.rs:293:36
    |
293 |                     self.backend = backend_idx as i32;
    |                                    ^^^^^^^^^^^^^^^^^^
    |
    = help: for further information visit https://rust-lang.github.io/rust-clippy/rust-1.98.0/index.html#cast_possible_wrap

warning: boolean to int conversion using if
   --> src/ui/export_dialog.rs:299:48
    |
299 |                 let mut container_idx: usize = if self.mkv_container { 1 } else { 0 };
    |                                                ^^^^^^^^^^^^^^^^^^^^^^^^^^^^^^^^^^^^^^ help: replace with from: `usize::from(self.mkv_container)`
    |
    = note: `self.mkv_container as usize` or `self.mkv_container.into()` can also be valid options
    = help: for further information visit https://rust-lang.github.io/rust-clippy/rust-1.98.0/index.html#bool_to_int_with_if

warning: arithmetic operation that can potentially result in unexpected side-effects
   --> src/ui/export_dialog.rs:333:17
    |
333 |                 self.total_frames - 1
    |                 ^^^^^^^^^^^^^^^^^^^^^
    |
    = help: for further information visit https://rust-lang.github.io/rust-clippy/rust-1.98.0/index.html#arithmetic_side_effects

warning: casting `i32` to `f32` may cause a loss of precision (`i32` is 32 bits wide, but `f32`'s mantissa is only 23 bits wide)
   --> src/ui/export_dialog.rs:365:21
    |
365 |                     progress_current as f32 / progress_total as f32
    |                     ^^^^^^^^^^^^^^^^^^^^^^^
    |
    = help: for further information visit https://rust-lang.github.io/rust-clippy/rust-1.98.0/index.html#cast_precision_loss

warning: casting `i32` to `f32` may cause a loss of precision (`i32` is 32 bits wide, but `f32`'s mantissa is only 23 bits wide)
   --> src/ui/export_dialog.rs:365:47
    |
365 |                     progress_current as f32 / progress_total as f32
    |                                               ^^^^^^^^^^^^^^^^^^^^^
    |
    = help: for further information visit https://rust-lang.github.io/rust-clippy/rust-1.98.0/index.html#cast_precision_loss

warning: called `map(<f>).unwrap_or(false)` on an `Option` value
 --> src/ui/font_stack.rs:5:20
  |
5 |     let ascii_ok = font.glyph_for_char('A').map(|g| g != 0).unwrap_or(false);
  |                    ^^^^^^^^^^^^^^^^^^^^^^^^^^^^^^^^^^^^^^^^^^^^^^^^^^^^^^^^^
  |
  = help: for further information visit https://rust-lang.github.io/rust-clippy/rust-1.98.0/index.html#map_unwrap_or
help: use `is_some_and(<f>)` instead
  |
5 -     let ascii_ok = font.glyph_for_char('A').map(|g| g != 0).unwrap_or(false);
5 +     let ascii_ok = font.glyph_for_char('A').is_some_and(|g| g != 0);
  |

warning: called `map(<f>).unwrap_or(false)` on an `Option` value
 --> src/ui/font_stack.rs:6:19
  |
6 |     let kana_ok = font.glyph_for_char('あ').map(|g| g != 0).unwrap_or(false);
  |                   ^^^^^^^^^^^^^^^^^^^^^^^^^^^^^^^^^^^^^^^^^^^^^^^^^^^^^^^^^^
  |
  = help: for further information visit https://rust-lang.github.io/rust-clippy/rust-1.98.0/index.html#map_unwrap_or
help: use `is_some_and(<f>)` instead
  |
6 -     let kana_ok = font.glyph_for_char('あ').map(|g| g != 0).unwrap_or(false);
6 +     let kana_ok = font.glyph_for_char('あ').is_some_and(|g| g != 0);
  |

warning: called `map(<f>).unwrap_or(<a>)` on an `Option` value
   --> src/ui/font_stack.rs:137:33
    |
137 |       let selected_index: usize = fonts
    |  _________________________________^
138 | |         .iter()
139 | |         .position(|f| f == current)
140 | |         .map(|i| i + 1)
141 | |         .unwrap_or(0);
    | |_____________________^
    |
    = help: for further information visit https://rust-lang.github.io/rust-clippy/rust-1.98.0/index.html#map_unwrap_or
help: use `map_or(<a>, <f>)` instead
    |
140 -         .map(|i| i + 1)
141 -         .unwrap_or(0);
140 +         .map_or(0, |i| i + 1);
    |

warning: arithmetic operation that can potentially result in unexpected side-effects
   --> src/ui/font_stack.rs:140:18
    |
140 |         .map(|i| i + 1)
    |                  ^^^^^
    |
    = help: for further information visit https://rust-lang.github.io/rust-clippy/rust-1.98.0/index.html#arithmetic_side_effects

warning: arithmetic operation that can potentially result in unexpected side-effects
   --> src/ui/font_stack.rs:156:57
    |
156 |                     .selectable_label(selected_index == i + 1, font_label(ui, name))
    |                                                         ^^^^^
    |
    = help: for further information visit https://rust-lang.github.io/rust-clippy/rust-1.98.0/index.html#arithmetic_side_effects

warning: arithmetic operation that can potentially result in unexpected side-effects
   --> src/ui/font_stack.rs:158:42
    |
158 |                     && selected_index != i + 1
    |                                          ^^^^^
    |
    = help: for further information visit https://rust-lang.github.io/rust-clippy/rust-1.98.0/index.html#arithmetic_side_effects

warning: this expression creates a reference which is immediately dereferenced by the compiler
  --> src/ui/keybindings.rs:84:64
   |
84 |             self.conflict_message = t!("競合: {}").replace("{}", &shortcuts::label(other));
   |                                                                  ^^^^^^^^^^^^^^^^^^^^^^^^ help: change this to: `shortcuts::label(other)`
   |
   = help: for further information visit https://rust-lang.github.io/rust-clippy/rust-1.98.0/index.html#needless_borrow
   = note: `#[warn(clippy::needless_borrow)]` on by default

warning: this function has too many lines (142/100)
   --> src/ui/keybindings.rs:105:5
    |
105 |     pub fn show(&mut self, ctx: &Context, ui: &mut Ui) {
    |     ^^^^^^^^^^^^^^^^^^^^^^^^^^^^^^^^^^^^^^^^^^^^^^^^^^
    |
    = help: for further information visit https://rust-lang.github.io/rust-clippy/rust-1.98.0/index.html#too_many_lines

warning: assigning the result of `Clone::clone()` may be inefficient
   --> src/ui/keybindings.rs:132:25
    |
132 |                         released = self.pending_binding.clone();
    |                         ^^^^^^^^^^^^^^^^^^^^^^^^^^^^^^^^^^^^^^^ help: use `clone_from()`: `released.clone_from(&self.pending_binding)`
    |
    = help: for further information visit https://rust-lang.github.io/rust-clippy/rust-1.98.0/index.html#assigning_clones

warning: it is more concise to loop over references to containers instead of using explicit iteration methods
   --> src/ui/launcher.rs:204:40
    |
204 | ...                   for dir in self.selected.iter() {
    |                                  ^^^^^^^^^^^^^^^^^^^^ help: to write this more concisely, try: `&self.selected`
    |
    = help: for further information visit https://rust-lang.github.io/rust-clippy/rust-1.98.0/index.html#explicit_iter_loop

warning: casting `f32` to `u8` may truncate the value
   --> src/ui/launcher.rs:280:54
    |
280 | ...                   egui::CornerRadius::same(theme.control_radius as u8),
    |                                                ^^^^^^^^^^^^^^^^^^^^^^^^^^
    |
    = help: if this is intentional allow the lint with `#[allow(clippy::cast_possible_truncation)]` ...
    = help: for further information visit https://rust-lang.github.io/rust-clippy/rust-1.98.0/index.html#cast_possible_truncation

warning: casting `f32` to `u8` may lose the sign of the value
   --> src/ui/launcher.rs:280:54
    |
280 | ...                   egui::CornerRadius::same(theme.control_radius as u8),
    |                                                ^^^^^^^^^^^^^^^^^^^^^^^^^^
    |
    = help: for further information visit https://rust-lang.github.io/rust-clippy/rust-1.98.0/index.html#cast_sign_loss

warning: casting `f32` to `i8` may truncate the value
   --> src/ui/launcher.rs:360:41
    |
360 |         let margin = egui::Margin::same(Theme::current(ui.ctx()).card_padding as i8);
    |                                         ^^^^^^^^^^^^^^^^^^^^^^^^^^^^^^^^^^^^^^^^^^^
    |
    = help: if this is intentional allow the lint with `#[allow(clippy::cast_possible_truncation)]` ...
    = help: for further information visit https://rust-lang.github.io/rust-clippy/rust-1.98.0/index.html#cast_possible_truncation

warning: this `if` statement can be collapsed
   --> src/ui/launcher.rs:369:9
    |
369 | /         if let Some(dir) = self.pending_open.take() {
370 | |             if let Some(meta) = project::load_project(&dir) {
371 | |                 result = Some(meta);
372 | |             }
373 | |         }
    | |_________^
    |
    = help: for further information visit https://rust-lang.github.io/rust-clippy/rust-1.98.0/index.html#collapsible_if
help: collapse nested if block
    |
369 ~         if let Some(dir) = self.pending_open.take()
370 ~             && let Some(meta) = project::load_project(&dir) {
371 |                 result = Some(meta);
372 ~             }
    |

warning: more than 3 bools in a struct
  --> src/ui/preview.rs:25:1
   |
25 | / pub struct PreviewPanel {
26 | |     device: Arc<wgpu::Device>,
27 | |     queue: Arc<wgpu::Queue>,
28 | |     texture_id: Option<egui::TextureId>,
...  |
43 | |     pub open_properties: bool,
44 | | }
   | |_^
   |
   = help: consider using a state machine or refactoring bools into two-variant enums
   = help: for further information visit https://rust-lang.github.io/rust-clippy/rust-1.98.0/index.html#struct_excessive_bools

warning: casting `u32` to `i32` may wrap around the value
  --> src/ui/preview.rs:87:20
   |
87 |         self.fps = proj.fps as i32;
   |                    ^^^^^^^^^^^^^^^ help: if this is intentional, use `cast_signed()` instead: `proj.fps.cast_signed()`
   |
   = help: for further information visit https://rust-lang.github.io/rust-clippy/rust-1.98.0/index.html#cast_possible_wrap

warning: arithmetic operation that can potentially result in unexpected side-effects
  --> src/ui/preview.rs:99:12
   |
99 |         if (clamped - previous).abs() > 1 {
   |            ^^^^^^^^^^^^^^^^^^^^
   |
   = help: for further information visit https://rust-lang.github.io/rust-clippy/rust-1.98.0/index.html#arithmetic_side_effects

warning: arithmetic operation that can potentially result in unexpected side-effects
   --> src/ui/preview.rs:124:9
    |
124 |         anchor_frame + advanced_frames.floor() as i32
    |         ^^^^^^^^^^^^^^^^^^^^^^^^^^^^^^^^^^^^^^^^^^^^^
    |
    = help: for further information visit https://rust-lang.github.io/rust-clippy/rust-1.98.0/index.html#arithmetic_side_effects

warning: casting `f64` to `i32` may truncate the value
   --> src/ui/preview.rs:124:24
    |
124 |         anchor_frame + advanced_frames.floor() as i32
    |                        ^^^^^^^^^^^^^^^^^^^^^^^^^^^^^^
    |
    = help: if this is intentional allow the lint with `#[allow(clippy::cast_possible_truncation)]` ...
    = help: for further information visit https://rust-lang.github.io/rust-clippy/rust-1.98.0/index.html#cast_possible_truncation

warning: this function has too many lines (218/100)
   --> src/ui/preview.rs:217:5
    |
217 |     fn menu_bar(&mut self, ui: &mut egui::Ui, state: &SharedAppState) {
    |     ^^^^^^^^^^^^^^^^^^^^^^^^^^^^^^^^^^^^^^^^^^^^^^^^^^^^^^^^^^^^^^^^^
    |
    = help: for further information visit https://rust-lang.github.io/rust-clippy/rust-1.98.0/index.html#too_many_lines

warning: this `if` statement can be collapsed
   --> src/ui/preview.rs:237:29
    |
237 | / ...                   if ui.add(MenuItem::new(t!("プロジェクトを開く"))).clicked() {
238 | | ...                       if let Some(dir) = rfd::FileDialog::new().pick_folder() {
239 | | ...                           let _ = app_state::open_project_session(state, &dir);
240 | | ...                       }
241 | | ...                   }
    | |_______________________^
    |
    = help: for further information visit https://rust-lang.github.io/rust-clippy/rust-1.98.0/index.html#collapsible_if
help: collapse nested if block
    |
237 ~                             if ui.add(MenuItem::new(t!("プロジェクトを開く"))).clicked()
238 ~                                 && let Some(dir) = rfd::FileDialog::new().pick_folder() {
239 |                                     let _ = app_state::open_project_session(state, &dir);
240 ~                                 }
    |

warning: this `if` statement can be collapsed
   --> src/ui/preview.rs:245:29
    |
245 | / ...                   if ui.add(MenuItem::new(t!("名前を付けて保存"))).clicked() {
246 | | ...                       if let Some(dir) = rfd::FileDialog::new().pick_folder() {
247 | | ...                           let world_holder = app_state::active_world(state);
248 | | ...                           let doc = world_holder.lock().unwrap().to_document();
...   |
251 | | ...                   }
    | |_______________________^
    |
    = help: for further information visit https://rust-lang.github.io/rust-clippy/rust-1.98.0/index.html#collapsible_if
help: collapse nested if block
    |
245 ~                             if ui.add(MenuItem::new(t!("名前を付けて保存"))).clicked()
246 ~                                 && let Some(dir) = rfd::FileDialog::new().pick_folder() {
247 |                                     let world_holder = app_state::active_world(state);
248 |                                     let doc = world_holder.lock().unwrap().to_document();
249 |                                     let _ = crate::project::save_document(&dir, &doc);
250 ~                                 }
    |

warning: arithmetic operation that can potentially result in unexpected side-effects
   --> src/ui/preview.rs:380:46
    |
380 | ...                   self.apply_frame(self.current_frame + 1, state);
    |                                        ^^^^^^^^^^^^^^^^^^^^^^
    |
    = help: for further information visit https://rust-lang.github.io/rust-clippy/rust-1.98.0/index.html#arithmetic_side_effects

warning: arithmetic operation that can potentially result in unexpected side-effects
   --> src/ui/preview.rs:405:46
    |
405 | ...                   self.apply_frame(self.current_frame - 1, state);
    |                                        ^^^^^^^^^^^^^^^^^^^^^^
    |
    = help: for further information visit https://rust-lang.github.io/rust-clippy/rust-1.98.0/index.html#arithmetic_side_effects

warning: casting `usize` to `i32` may truncate the value on targets with 64-bit wide pointers
   --> src/ui/preview.rs:495:23
    |
495 |             let len = s.sessions.len() as i32;
    |                       ^^^^^^^^^^^^^^^^^^^^^^^
    |
    = help: if this is intentional allow the lint with `#[allow(clippy::cast_possible_truncation)]` ...
    = help: for further information visit https://rust-lang.github.io/rust-clippy/rust-1.98.0/index.html#cast_possible_truncation
help: ... or use `try_from` and handle the error accordingly
    |
495 -             let len = s.sessions.len() as i32;
495 +             let len = i32::try_from(s.sessions.len());
    |

warning: casting `usize` to `i32` may wrap around the value on targets with 32-bit wide pointers
   --> src/ui/preview.rs:495:23
    |
495 |             let len = s.sessions.len() as i32;
    |                       ^^^^^^^^^^^^^^^^^^^^^^^
    |
    = help: for further information visit https://rust-lang.github.io/rust-clippy/rust-1.98.0/index.html#cast_possible_wrap

warning: arithmetic operation that can potentially result in unexpected side-effects
   --> src/ui/preview.rs:499:24
    |
499 |             s.active = (s.active as i32 + delta).rem_euclid(len) as usize;
    |                        ^^^^^^^^^^^^^^^^^^^^^^^^^
    |
    = help: for further information visit https://rust-lang.github.io/rust-clippy/rust-1.98.0/index.html#arithmetic_side_effects

warning: casting `usize` to `i32` may truncate the value on targets with 64-bit wide pointers
   --> src/ui/preview.rs:499:25
    |
499 |             s.active = (s.active as i32 + delta).rem_euclid(len) as usize;
    |                         ^^^^^^^^^^^^^^^
    |
    = help: if this is intentional allow the lint with `#[allow(clippy::cast_possible_truncation)]` ...
    = help: for further information visit https://rust-lang.github.io/rust-clippy/rust-1.98.0/index.html#cast_possible_truncation
help: ... or use `try_from` and handle the error accordingly
    |
499 -             s.active = (s.active as i32 + delta).rem_euclid(len) as usize;
499 +             s.active = (i32::try_from(s.active) + delta).rem_euclid(len) as usize;
    |

warning: casting `usize` to `i32` may wrap around the value on targets with 32-bit wide pointers
   --> src/ui/preview.rs:499:25
    |
499 |             s.active = (s.active as i32 + delta).rem_euclid(len) as usize;
    |                         ^^^^^^^^^^^^^^^
    |
    = help: for further information visit https://rust-lang.github.io/rust-clippy/rust-1.98.0/index.html#cast_possible_wrap

warning: arithmetic operation that can potentially result in unexpected side-effects
   --> src/ui/preview.rs:635:9
    |
635 |         self.session_generation += 1;
    |         ^^^^^^^^^^^^^^^^^^^^^^^^^^^^
    |
    = help: for further information visit https://rust-lang.github.io/rust-clippy/rust-1.98.0/index.html#arithmetic_side_effects

warning: casting `u32` to `f32` may cause a loss of precision (`u32` is 32 bits wide, but `f32`'s mantissa is only 23 bits wide)
   --> src/ui/preview.rs:663:34
    |
663 |                     let aspect = w as f32 / h.max(1) as f32;
    |                                  ^^^^^^^^
    |
    = help: for further information visit https://rust-lang.github.io/rust-clippy/rust-1.98.0/index.html#cast_precision_loss

warning: casting `u32` to `f32` may cause a loss of precision (`u32` is 32 bits wide, but `f32`'s mantissa is only 23 bits wide)
   --> src/ui/preview.rs:663:45
    |
663 |                     let aspect = w as f32 / h.max(1) as f32;
    |                                             ^^^^^^^^^^^^^^^
    |
    = help: for further information visit https://rust-lang.github.io/rust-clippy/rust-1.98.0/index.html#cast_precision_loss

warning: indexing may panic
  --> src/ui/project_settings.rs:72:13
   |
72 |             s.sessions[active].meta.name = name;
   |             ^^^^^^^^^^^^^^^^^^
   |
   = help: consider using `.get(n)` or `.get_mut(n)` instead
   = help: for further information visit https://rust-lang.github.io/rust-clippy/rust-1.98.0/index.html#indexing_slicing

warning: manual implementation of `midpoint` which can overflow
  --> src/ui/properties/easing_editor/curve_view.rs:18:36
   |
18 |                 inner.center().y + 0.5 * (y_lo + y_hi) * scale + pan.y,
   |                                    ^^^^^^^^^^^^^^^^^^^ help: use `f32::midpoint` instead: `f32::midpoint(y_lo, y_hi)`
   |
   = help: for further information visit https://rust-lang.github.io/rust-clippy/rust-1.98.0/index.html#manual_midpoint
   = note: `#[warn(clippy::manual_midpoint)]` implied by `#[warn(clippy::pedantic)]`

warning: casts from `f32` to `f64` can be expressed infallibly using `From`
  --> src/ui/properties/easing_editor/curve_view.rs:63:14
   |
63 |             (l[0] as f64, l[1] as f64),
   |              ^^^^^^^^^^^
   |
   = help: an `as` cast can become silently lossy if the types change in the future
   = help: for further information visit https://rust-lang.github.io/rust-clippy/rust-1.98.0/index.html#cast_lossless
help: use `f64::from` instead
   |
63 -             (l[0] as f64, l[1] as f64),
63 +             (f64::from(l[0]), l[1] as f64),
   |

warning: casts from `f32` to `f64` can be expressed infallibly using `From`
  --> src/ui/properties/easing_editor/curve_view.rs:63:27
   |
63 |             (l[0] as f64, l[1] as f64),
   |                           ^^^^^^^^^^^
   |
   = help: an `as` cast can become silently lossy if the types change in the future
   = help: for further information visit https://rust-lang.github.io/rust-clippy/rust-1.98.0/index.html#cast_lossless
help: use `f64::from` instead
   |
63 -             (l[0] as f64, l[1] as f64),
63 +             (l[0] as f64, f64::from(l[1])),
   |

warning: casts from `f32` to `f64` can be expressed infallibly using `From`
  --> src/ui/properties/easing_editor/curve_view.rs:64:14
   |
64 |             (r[0] as f64, r[1] as f64),
   |              ^^^^^^^^^^^
   |
   = help: an `as` cast can become silently lossy if the types change in the future
   = help: for further information visit https://rust-lang.github.io/rust-clippy/rust-1.98.0/index.html#cast_lossless
help: use `f64::from` instead
   |
64 -             (r[0] as f64, r[1] as f64),
64 +             (f64::from(r[0]), r[1] as f64),
   |

warning: casts from `f32` to `f64` can be expressed infallibly using `From`
  --> src/ui/properties/easing_editor/curve_view.rs:64:27
   |
64 |             (r[0] as f64, r[1] as f64),
   |                           ^^^^^^^^^^^
   |
   = help: an `as` cast can become silently lossy if the types change in the future
   = help: for further information visit https://rust-lang.github.io/rust-clippy/rust-1.98.0/index.html#cast_lossless
help: use `f64::from` instead
   |
64 -             (r[0] as f64, r[1] as f64),
64 +             (r[0] as f64, f64::from(r[1])),
   |

warning: casting `usize` to `f64` may cause a loss of precision (`usize` can be up to 64 bits wide depending on the target architecture, but `f64`'s mantissa is only 52 bits wide)
  --> src/ui/properties/easing_editor/curve_view.rs:69:55
   |
69 |                 let p = kurbo::ParamCurve::eval(&bez, i as f64 / resolution as f64);
   |                                                       ^^^^^^^^
   |
   = help: for further information visit https://rust-lang.github.io/rust-clippy/rust-1.98.0/index.html#cast_precision_loss

warning: casting `usize` to `f64` may cause a loss of precision (`usize` can be up to 64 bits wide depending on the target architecture, but `f64`'s mantissa is only 52 bits wide)
  --> src/ui/properties/easing_editor/curve_view.rs:69:66
   |
69 |                 let p = kurbo::ParamCurve::eval(&bez, i as f64 / resolution as f64);
   |                                                                  ^^^^^^^^^^^^^^^^^
   |
   = help: for further information visit https://rust-lang.github.io/rust-clippy/rust-1.98.0/index.html#cast_precision_loss

warning: casting `f64` to `f32` may truncate the value
  --> src/ui/properties/easing_editor/curve_view.rs:70:18
   |
70 |                 [p.x as f32, p.y as f32]
   |                  ^^^^^^^^^^
   |
   = help: if this is intentional allow the lint with `#[allow(clippy::cast_possible_truncation)]` ...
   = help: for further information visit https://rust-lang.github.io/rust-clippy/rust-1.98.0/index.html#cast_possible_truncation

warning: casting `f64` to `f32` may truncate the value
  --> src/ui/properties/easing_editor/curve_view.rs:70:30
   |
70 |                 [p.x as f32, p.y as f32]
   |                              ^^^^^^^^^^
   |
   = help: if this is intentional allow the lint with `#[allow(clippy::cast_possible_truncation)]` ...
   = help: for further information visit https://rust-lang.github.io/rust-clippy/rust-1.98.0/index.html#cast_possible_truncation

warning: casting `usize` to `f32` may cause a loss of precision (`usize` can be up to 64 bits wide depending on the target architecture, but `f32`'s mantissa is only 23 bits wide)
  --> src/ui/properties/easing_editor/curve_view.rs:76:21
   |
76 |             let t = i as f32 / resolution as f32;
   |                     ^^^^^^^^
   |
   = help: for further information visit https://rust-lang.github.io/rust-clippy/rust-1.98.0/index.html#cast_precision_loss

warning: casting `usize` to `f32` may cause a loss of precision (`usize` can be up to 64 bits wide depending on the target architecture, but `f32`'s mantissa is only 23 bits wide)
  --> src/ui/properties/easing_editor/curve_view.rs:76:32
   |
76 |             let t = i as f32 / resolution as f32;
   |                                ^^^^^^^^^^^^^^^^^
   |
   = help: for further information visit https://rust-lang.github.io/rust-clippy/rust-1.98.0/index.html#cast_precision_loss

warning: casting `usize` to `f32` may cause a loss of precision (`usize` can be up to 64 bits wide depending on the target architecture, but `f32`'s mantissa is only 23 bits wide)
  --> src/ui/properties/easing_editor/curve_view.rs:87:33
   |
87 |     let f = t.clamp(0.0, 1.0) * (n - 1) as f32;
   |                                 ^^^^^^^^^^^^^^
   |
   = help: for further information visit https://rust-lang.github.io/rust-clippy/rust-1.98.0/index.html#cast_precision_loss

warning: arithmetic operation that can potentially result in unexpected side-effects
  --> src/ui/properties/easing_editor/curve_view.rs:87:33
   |
87 |     let f = t.clamp(0.0, 1.0) * (n - 1) as f32;
   |                                 ^^^^^^^
   |
   = help: for further information visit https://rust-lang.github.io/rust-clippy/rust-1.98.0/index.html#arithmetic_side_effects

warning: casting `f32` to `usize` may truncate the value
  --> src/ui/properties/easing_editor/curve_view.rs:88:13
   |
88 |     let i = (f as usize).min(n - 2);
   |             ^^^^^^^^^^^^
   |
   = help: if this is intentional allow the lint with `#[allow(clippy::cast_possible_truncation)]` ...
   = help: for further information visit https://rust-lang.github.io/rust-clippy/rust-1.98.0/index.html#cast_possible_truncation

warning: casting `f32` to `usize` may lose the sign of the value
  --> src/ui/properties/easing_editor/curve_view.rs:88:13
   |
88 |     let i = (f as usize).min(n - 2);
   |             ^^^^^^^^^^^^
   |
   = help: for further information visit https://rust-lang.github.io/rust-clippy/rust-1.98.0/index.html#cast_sign_loss

warning: arithmetic operation that can potentially result in unexpected side-effects
  --> src/ui/properties/easing_editor/curve_view.rs:88:30
   |
88 |     let i = (f as usize).min(n - 2);
   |                              ^^^^^
   |
   = help: for further information visit https://rust-lang.github.io/rust-clippy/rust-1.98.0/index.html#arithmetic_side_effects

warning: casting `usize` to `f32` may cause a loss of precision (`usize` can be up to 64 bits wide depending on the target architecture, but `f32`'s mantissa is only 23 bits wide)
  --> src/ui/properties/easing_editor/curve_view.rs:89:17
   |
89 |     let u = f - i as f32;
   |                 ^^^^^^^^
   |
   = help: for further information visit https://rust-lang.github.io/rust-clippy/rust-1.98.0/index.html#cast_precision_loss

warning: indexing may panic
  --> src/ui/properties/easing_editor/curve_view.rs:90:5
   |
90 |     samples[i][1] + (samples[i + 1][1] - samples[i][1]) * u
   |     ^^^^^^^^^^
   |
   = help: consider using `.get(n)` or `.get_mut(n)` instead
   = help: for further information visit https://rust-lang.github.io/rust-clippy/rust-1.98.0/index.html#indexing_slicing

warning: indexing may panic
  --> src/ui/properties/easing_editor/curve_view.rs:90:22
   |
90 |     samples[i][1] + (samples[i + 1][1] - samples[i][1]) * u
   |                      ^^^^^^^^^^^^^^
   |
   = help: consider using `.get(n)` or `.get_mut(n)` instead
   = help: for further information visit https://rust-lang.github.io/rust-clippy/rust-1.98.0/index.html#indexing_slicing

warning: arithmetic operation that can potentially result in unexpected side-effects
  --> src/ui/properties/easing_editor/curve_view.rs:90:30
   |
90 |     samples[i][1] + (samples[i + 1][1] - samples[i][1]) * u
   |                              ^^^^^
   |
   = help: for further information visit https://rust-lang.github.io/rust-clippy/rust-1.98.0/index.html#arithmetic_side_effects

warning: indexing may panic
  --> src/ui/properties/easing_editor/curve_view.rs:90:42
   |
90 |     samples[i][1] + (samples[i + 1][1] - samples[i][1]) * u
   |                                          ^^^^^^^^^^
   |
   = help: consider using `.get(n)` or `.get_mut(n)` instead
   = help: for further information visit https://rust-lang.github.io/rust-clippy/rust-1.98.0/index.html#indexing_slicing

warning: arithmetic operation that can potentially result in unexpected side-effects
  --> src/ui/properties/easing_editor/handles.rs:88:25
   |
88 |                         i + 1,
   |                         ^^^^^
   |
   = help: for further information visit https://rust-lang.github.io/rust-clippy/rust-1.98.0/index.html#arithmetic_side_effects

warning: consider adding a `;` to the last statement for consistent formatting
   --> src/ui/properties/easing_editor/handles.rs:151:13
    |
151 |             set_boundary(segments, i, px.clamp(0.0, 1.0), py.clamp(-2.0, 3.0))
    |             ^^^^^^^^^^^^^^^^^^^^^^^^^^^^^^^^^^^^^^^^^^^^^^^^^^^^^^^^^^^^^^^^^^ help: add a `;` here: `set_boundary(segments, i, px.clamp(0.0, 1.0), py.clamp(-2.0, 3.0));`
    |
    = help: for further information visit https://rust-lang.github.io/rust-clippy/rust-1.98.0/index.html#semicolon_if_nothing_returned
    = note: `#[warn(clippy::semicolon_if_nothing_returned)]` implied by `#[warn(clippy::pedantic)]`

warning: arithmetic operation that can potentially result in unexpected side-effects
   --> src/ui/properties/easing_editor/handles.rs:158:53
    |
158 |     neoutl_easing_standard::drag_anchor_x(segments, i + 1, x);
    |                                                     ^^^^^
    |
    = help: for further information visit https://rust-lang.github.io/rust-clippy/rust-1.98.0/index.html#arithmetic_side_effects

warning: arithmetic operation that can potentially result in unexpected side-effects
   --> src/ui/properties/easing_editor/handles.rs:159:8
    |
159 |     if i + 1 < segments.len() {
    |        ^^^^^
    |
    = help: for further information visit https://rust-lang.github.io/rust-clippy/rust-1.98.0/index.html#arithmetic_side_effects

warning: indexing may panic
   --> src/ui/properties/easing_editor/handles.rs:160:9
    |
160 |         segments[i].anchor_end[1] = y;
    |         ^^^^^^^^^^^
    |
    = help: consider using `.get(n)` or `.get_mut(n)` instead
    = help: for further information visit https://rust-lang.github.io/rust-clippy/rust-1.98.0/index.html#indexing_slicing

warning: indexing may panic
   --> src/ui/properties/easing_editor/handles.rs:161:9
    |
161 |         segments[i + 1].anchor_start[1] = y;
    |         ^^^^^^^^^^^^^^^
    |
    = help: consider using `.get(n)` or `.get_mut(n)` instead
    = help: for further information visit https://rust-lang.github.io/rust-clippy/rust-1.98.0/index.html#indexing_slicing

warning: arithmetic operation that can potentially result in unexpected side-effects
   --> src/ui/properties/easing_editor/handles.rs:161:18
    |
161 |         segments[i + 1].anchor_start[1] = y;
    |                  ^^^^^
    |
    = help: for further information visit https://rust-lang.github.io/rust-clippy/rust-1.98.0/index.html#arithmetic_side_effects

warning: consider adding a `;` to the last statement for consistent formatting
   --> src/ui/properties/easing_editor/handles.rs:192:13
    |
192 |             *handle_right = [0.58, 1.0]
    |             ^^^^^^^^^^^^^^^^^^^^^^^^^^^ help: add a `;` here: `*handle_right = [0.58, 1.0];`
    |
    = help: for further information visit https://rust-lang.github.io/rust-clippy/rust-1.98.0/index.html#semicolon_if_nothing_returned

warning: consider adding a `;` to the last statement for consistent formatting
   --> src/ui/properties/easing_editor/handles.rs:195:13
    |
195 |             (*cor, *period) = (0.6, 0.5)
    |             ^^^^^^^^^^^^^^^^^^^^^^^^^^^^ help: add a `;` here: `(*cor, *period) = (0.6, 0.5);`
    |
    = help: for further information visit https://rust-lang.github.io/rust-clippy/rust-1.98.0/index.html#semicolon_if_nothing_returned

warning: arithmetic operation that can potentially result in unexpected side-effects
   --> src/ui/properties/easing_editor/handles.rs:205:39
    |
205 |             if segments.len() <= 1 || i + 1 >= segments.len() {
    |                                       ^^^^^
    |
    = help: for further information visit https://rust-lang.github.io/rust-clippy/rust-1.98.0/index.html#arithmetic_side_effects

warning: indexing may panic
   --> src/ui/properties/easing_editor/handles.rs:208:38
    |
208 |             segments[i].anchor_end = segments[i + 1].anchor_end;
    |                                      ^^^^^^^^^^^^^^^
    |
    = help: consider using `.get(n)` or `.get_mut(n)` instead
    = help: for further information visit https://rust-lang.github.io/rust-clippy/rust-1.98.0/index.html#indexing_slicing

warning: arithmetic operation that can potentially result in unexpected side-effects
   --> src/ui/properties/easing_editor/handles.rs:208:47
    |
208 |             segments[i].anchor_end = segments[i + 1].anchor_end;
    |                                               ^^^^^
    |
    = help: for further information visit https://rust-lang.github.io/rust-clippy/rust-1.98.0/index.html#arithmetic_side_effects

warning: indexing may panic
   --> src/ui/properties/easing_editor/handles.rs:208:13
    |
208 |             segments[i].anchor_end = segments[i + 1].anchor_end;
    |             ^^^^^^^^^^^
    |
    = help: consider using `.get(n)` or `.get_mut(n)` instead
    = help: for further information visit https://rust-lang.github.io/rust-clippy/rust-1.98.0/index.html#indexing_slicing

warning: arithmetic operation that can potentially result in unexpected side-effects
   --> src/ui/properties/easing_editor/handles.rs:209:29
    |
209 |             segments.remove(i + 1);
    |                             ^^^^^
    |
    = help: for further information visit https://rust-lang.github.io/rust-clippy/rust-1.98.0/index.html#arithmetic_side_effects

warning: indexing may panic
  --> src/ui/properties/easing_editor/params.rs:56:38
   |
56 |                 let [mut x, mut y] = segments[i].anchor_end;
   |                                      ^^^^^^^^^^^
   |
   = help: consider using `.get(n)` or `.get_mut(n)` instead
   = help: for further information visit https://rust-lang.github.io/rust-clippy/rust-1.98.0/index.html#indexing_slicing

warning: arithmetic operation that can potentially result in unexpected side-effects
  --> src/ui/properties/easing_editor/params.rs:57:42
   |
57 |                 ui.label(format!("頂点{}", i + 1));
   |                                            ^^^^^
   |
   = help: for further information visit https://rust-lang.github.io/rust-clippy/rust-1.98.0/index.html#arithmetic_side_effects

warning: manual implementation of `midpoint` which can overflow
  --> src/ui/properties/easing_editor/params.rs:75:39
   |
75 |                 add_segment(segments, (x0 + x1) * 0.5);
   |                                       ^^^^^^^^^^^^^^^ help: use `f32::midpoint` instead: `f32::midpoint(x0, x1)`
   |
   = help: for further information visit https://rust-lang.github.io/rust-clippy/rust-1.98.0/index.html#manual_midpoint

warning: casting `i32` to `f32` may cause a loss of precision (`i32` is 32 bits wide, but `f32`'s mantissa is only 23 bits wide)
   --> src/ui/properties/easing_editor/presets.rs:104:17
    |
104 |         let t = i as f32 / 8.0;
    |                 ^^^^^^^^
    |
    = help: for further information visit https://rust-lang.github.io/rust-clippy/rust-1.98.0/index.html#cast_precision_loss

warning: arithmetic operation that can potentially result in unexpected side-effects
   --> src/ui/properties/easing_editor/presets.rs:134:9
    |
134 |         rect.min + vec2(6.0, 6.0),
    |         ^^^^^^^^^^^^^^^^^^^^^^^^^
    |
    = help: for further information visit https://rust-lang.github.io/rust-clippy/rust-1.98.0/index.html#arithmetic_side_effects

warning: casting `i32` to `f32` may cause a loss of precision (`i32` is 32 bits wide, but `f32`'s mantissa is only 23 bits wide)
   --> src/ui/properties/easing_editor/presets.rs:145:21
    |
145 |             let t = i as f32 / 32.0;
    |                     ^^^^^^^^
    |
    = help: for further information visit https://rust-lang.github.io/rust-clippy/rust-1.98.0/index.html#cast_precision_loss

warning: casting `f32` to `usize` may truncate the value
   --> src/ui/properties/easing_editor/presets.rs:179:16
    |
179 |     let cols = (((avail + gap) / (CARD_MIN_WIDTH + gap)) as usize).clamp(1, 12);
    |                ^^^^^^^^^^^^^^^^^^^^^^^^^^^^^^^^^^^^^^^^^^^^^^^^^^^
    |
    = help: if this is intentional allow the lint with `#[allow(clippy::cast_possible_truncation)]` ...
    = help: for further information visit https://rust-lang.github.io/rust-clippy/rust-1.98.0/index.html#cast_possible_truncation

warning: casting `f32` to `usize` may lose the sign of the value
   --> src/ui/properties/easing_editor/presets.rs:179:16
    |
179 |     let cols = (((avail + gap) / (CARD_MIN_WIDTH + gap)) as usize).clamp(1, 12);
    |                ^^^^^^^^^^^^^^^^^^^^^^^^^^^^^^^^^^^^^^^^^^^^^^^^^^^
    |
    = help: for further information visit https://rust-lang.github.io/rust-clippy/rust-1.98.0/index.html#cast_sign_loss

warning: casting `usize` to `f32` may cause a loss of precision (`usize` can be up to 64 bits wide depending on the target architecture, but `f32`'s mantissa is only 23 bits wide)
   --> src/ui/properties/easing_editor/presets.rs:180:33
    |
180 |     let width = ((avail - gap * (cols - 1) as f32) / cols as f32).max(CARD_MIN_WIDTH * 0.5);
    |                                 ^^^^^^^^^^^^^^^^^
    |
    = help: for further information visit https://rust-lang.github.io/rust-clippy/rust-1.98.0/index.html#cast_precision_loss

warning: arithmetic operation that can potentially result in unexpected side-effects
   --> src/ui/properties/easing_editor/presets.rs:180:33
    |
180 |     let width = ((avail - gap * (cols - 1) as f32) / cols as f32).max(CARD_MIN_WIDTH * 0.5);
    |                                 ^^^^^^^^^^
    |
    = help: for further information visit https://rust-lang.github.io/rust-clippy/rust-1.98.0/index.html#arithmetic_side_effects

warning: casting `usize` to `f32` may cause a loss of precision (`usize` can be up to 64 bits wide depending on the target architecture, but `f32`'s mantissa is only 23 bits wide)
   --> src/ui/properties/easing_editor/presets.rs:180:54
    |
180 |     let width = ((avail - gap * (cols - 1) as f32) / cols as f32).max(CARD_MIN_WIDTH * 0.5);
    |                                                      ^^^^^^^^^^^
    |
    = help: for further information visit https://rust-lang.github.io/rust-clippy/rust-1.98.0/index.html#cast_precision_loss

warning: arithmetic operation that can potentially result in unexpected side-effects
   --> src/ui/properties/easing_editor/presets.rs:198:46
    |
198 |                 r.context_menu(|ui| menu(ui, row * cols + col, &mut *out));
    |                                              ^^^^^^^^^^^^^^^^
    |
    = help: for further information visit https://rust-lang.github.io/rust-clippy/rust-1.98.0/index.html#arithmetic_side_effects

warning: this function has too many lines (139/100)
   --> src/ui/properties/easing_editor/presets.rs:204:1
    |
204 | pub fn show(ui: &mut egui::Ui, state: &mut PresetUi, current: &CurveKind, out: &mut Out) {
    | ^^^^^^^^^^^^^^^^^^^^^^^^^^^^^^^^^^^^^^^^^^^^^^^^^^^^^^^^^^^^^^^^^^^^^^^^^^^^^^^^^^^^^^^^
    |
    = help: for further information visit https://rust-lang.github.io/rust-clippy/rust-1.98.0/index.html#too_many_lines

warning: arithmetic operation that can potentially result in unexpected side-effects
   --> src/ui/properties/easing_editor/presets.rs:256:13
    |
256 |             shown += saved_hits.len();
    |             ^^^^^^^^^^^^^^^^^^^^^^^^^
    |
    = help: for further information visit https://rust-lang.github.io/rust-clippy/rust-1.98.0/index.html#arithmetic_side_effects

warning: arithmetic operation that can potentially result in unexpected side-effects
   --> src/ui/properties/easing_editor/presets.rs:334:17
    |
334 |                 shown += items.len();
    |                 ^^^^^^^^^^^^^^^^^^^^
    |
    = help: for further information visit https://rust-lang.github.io/rust-clippy/rust-1.98.0/index.html#arithmetic_side_effects

warning: indexing may panic
   --> src/ui/properties/easing_editor/presets.rs:360:17
    |
360 |             (i, r.entries()[i].name.clone())
    |                 ^^^^^^^^^^^^^^
    |
    = help: consider using `.get(n)` or `.get_mut(n)` instead
    = help: for further information visit https://rust-lang.github.io/rust-clippy/rust-1.98.0/index.html#indexing_slicing

warning: casting `i32` to `f32` may cause a loss of precision (`i32` is 32 bits wide, but `f32`'s mantissa is only 23 bits wide)
  --> src/ui/properties/easing_editor/script_pane.rs:16:25
   |
16 |                 let t = i as f32 / 96.0;
   |                         ^^^^^^^^
   |
   = help: for further information visit https://rust-lang.github.io/rust-clippy/rust-1.98.0/index.html#cast_precision_loss

warning: arithmetic operation that can potentially result in unexpected side-effects
  --> src/ui/properties/easing_editor/strip.rs:20:9
   |
20 |         rect.min + vec2(4.0, 4.0),
   |         ^^^^^^^^^^^^^^^^^^^^^^^^^
   |
   = help: for further information visit https://rust-lang.github.io/rust-clippy/rust-1.98.0/index.html#arithmetic_side_effects

warning: casting `i32` to `f32` may cause a loss of precision (`i32` is 32 bits wide, but `f32`'s mantissa is only 23 bits wide)
  --> src/ui/properties/easing_editor/strip.rs:24:16
   |
24 |     let span = (track.last()?.frame - first).max(1) as f32;
   |                ^^^^^^^^^^^^^^^^^^^^^^^^^^^^^^^^^^^^^^^^^^^
   |
   = help: for further information visit https://rust-lang.github.io/rust-clippy/rust-1.98.0/index.html#cast_precision_loss

warning: arithmetic operation that can potentially result in unexpected side-effects
  --> src/ui/properties/easing_editor/strip.rs:24:16
   |
24 |     let span = (track.last()?.frame - first).max(1) as f32;
   |                ^^^^^^^^^^^^^^^^^^^^^^^^^^^^^
   |
   = help: for further information visit https://rust-lang.github.io/rust-clippy/rust-1.98.0/index.html#arithmetic_side_effects

warning: casting `i32` to `f32` may cause a loss of precision (`i32` is 32 bits wide, but `f32`'s mantissa is only 23 bits wide)
  --> src/ui/properties/easing_editor/strip.rs:25:58
   |
25 |     let x_of = |frame: i32| body.left() + body.width() * (frame - first) as f32 / span;
   |                                                          ^^^^^^^^^^^^^^^^^^^^^^
   |
   = help: for further information visit https://rust-lang.github.io/rust-clippy/rust-1.98.0/index.html#cast_precision_loss

warning: arithmetic operation that can potentially result in unexpected side-effects
  --> src/ui/properties/easing_editor/strip.rs:25:58
   |
25 |     let x_of = |frame: i32| body.left() + body.width() * (frame - first) as f32 / span;
   |                                                          ^^^^^^^^^^^^^^^
   |
   = help: for further information visit https://rust-lang.github.io/rust-clippy/rust-1.98.0/index.html#arithmetic_side_effects

warning: indexing may panic
  --> src/ui/properties/easing_editor/strip.rs:31:23
   |
31 |             pos2(x_of(w[0].frame), body.top()),
   |                       ^^^^
   |
   = help: consider using `.get(n)` or `.get_mut(n)` instead
   = help: for further information visit https://rust-lang.github.io/rust-clippy/rust-1.98.0/index.html#indexing_slicing

warning: indexing may panic
  --> src/ui/properties/easing_editor/strip.rs:32:23
   |
32 |             pos2(x_of(w[1].frame), body.bottom()),
   |                       ^^^^
   |
   = help: consider using `.get(n)` or `.get_mut(n)` instead
   = help: for further information visit https://rust-lang.github.io/rust-clippy/rust-1.98.0/index.html#indexing_slicing

warning: indexing may panic
  --> src/ui/properties/easing_editor/strip.rs:50:38
   |
50 |         let payload = parse_payload(&w[0].engine_payload);
   |                                      ^^^^
   |
   = help: consider using `.get(n)` or `.get_mut(n)` instead
   = help: for further information visit https://rust-lang.github.io/rust-clippy/rust-1.98.0/index.html#indexing_slicing

warning: casting `i32` to `f32` may cause a loss of precision (`i32` is 32 bits wide, but `f32`'s mantissa is only 23 bits wide)
  --> src/ui/properties/easing_editor/strip.rs:55:25
   |
55 |                 let t = k as f32 / 24.0;
   |                         ^^^^^^^^
   |
   = help: for further information visit https://rust-lang.github.io/rust-clippy/rust-1.98.0/index.html#cast_precision_loss

warning: indexing may panic
  --> src/ui/properties/easing_editor/strip.rs:67:22
   |
67 |         let x = x_of(w[0].frame);
   |                      ^^^^
   |
   = help: consider using `.get(n)` or `.get_mut(n)` instead
   = help: for further information visit https://rust-lang.github.io/rust-clippy/rust-1.98.0/index.html#indexing_slicing

warning: indexing may panic
  --> src/ui/properties/easing_editor/strip.rs:72:31
   |
72 |                 format!("{}", w[0].frame),
   |                               ^^^^
   |
   = help: consider using `.get(n)` or `.get_mut(n)` instead
   = help: for further information visit https://rust-lang.github.io/rust-clippy/rust-1.98.0/index.html#indexing_slicing

warning: arithmetic operation that can potentially result in unexpected side-effects
  --> src/ui/properties/easing_editor/strip.rs:86:17
   |
86 |                 i + 1,
   |                 ^^^^^
   |
   = help: for further information visit https://rust-lang.github.io/rust-clippy/rust-1.98.0/index.html#arithmetic_side_effects

warning: indexing may panic
  --> src/ui/properties/easing_editor/strip.rs:87:17
   |
87 |                 w[0].frame,
   |                 ^^^^
   |
   = help: consider using `.get(n)` or `.get_mut(n)` instead
   = help: for further information visit https://rust-lang.github.io/rust-clippy/rust-1.98.0/index.html#indexing_slicing

warning: indexing may panic
  --> src/ui/properties/easing_editor/strip.rs:88:17
   |
88 |                 w[1].frame,
   |                 ^^^^
   |
   = help: consider using `.get(n)` or `.get_mut(n)` instead
   = help: for further information visit https://rust-lang.github.io/rust-clippy/rust-1.98.0/index.html#indexing_slicing

warning: arithmetic operation that can potentially result in unexpected side-effects
  --> src/ui/properties/easing_editor/strip.rs:89:17
   |
89 |                 w[1].frame - w[0].frame,
   |                 ^^^^^^^^^^^^^^^^^^^^^^^
   |
   = help: for further information visit https://rust-lang.github.io/rust-clippy/rust-1.98.0/index.html#arithmetic_side_effects

warning: indexing may panic
  --> src/ui/properties/easing_editor/strip.rs:89:17
   |
89 |                 w[1].frame - w[0].frame,
   |                 ^^^^
   |
   = help: consider using `.get(n)` or `.get_mut(n)` instead
   = help: for further information visit https://rust-lang.github.io/rust-clippy/rust-1.98.0/index.html#indexing_slicing

warning: indexing may panic
  --> src/ui/properties/easing_editor/strip.rs:89:30
   |
89 |                 w[1].frame - w[0].frame,
   |                              ^^^^
   |
   = help: consider using `.get(n)` or `.get_mut(n)` instead
   = help: for further information visit https://rust-lang.github.io/rust-clippy/rust-1.98.0/index.html#indexing_slicing

warning: indexing may panic
  --> src/ui/properties/easing_editor/strip.rs:90:21
   |
90 |                 fmt(w[0].value),
   |                     ^^^^
   |
   = help: consider using `.get(n)` or `.get_mut(n)` instead
   = help: for further information visit https://rust-lang.github.io/rust-clippy/rust-1.98.0/index.html#indexing_slicing

warning: indexing may panic
  --> src/ui/properties/easing_editor/strip.rs:91:21
   |
91 |                 fmt(w[1].value)
   |                     ^^^^
   |
   = help: consider using `.get(n)` or `.get_mut(n)` instead
   = help: for further information visit https://rust-lang.github.io/rust-clippy/rust-1.98.0/index.html#indexing_slicing

warning: arithmetic operation that can potentially result in unexpected side-effects
  --> src/ui/properties/easing_editor/strip.rs:95:17
   |
95 |     if (first..=first + span as i32).contains(&playhead) {
   |                 ^^^^^^^^^^^^^^^^^^^
   |
   = help: for further information visit https://rust-lang.github.io/rust-clippy/rust-1.98.0/index.html#arithmetic_side_effects

warning: casting `f32` to `i32` may truncate the value
  --> src/ui/properties/easing_editor/strip.rs:95:25
   |
95 |     if (first..=first + span as i32).contains(&playhead) {
   |                         ^^^^^^^^^^^
   |
   = help: if this is intentional allow the lint with `#[allow(clippy::cast_possible_truncation)]` ...
   = help: for further information visit https://rust-lang.github.io/rust-clippy/rust-1.98.0/index.html#cast_possible_truncation

warning: strict comparison of `f32` or `f64`
  --> src/ui/properties/easing_editor/track.rs:89:20
   |
89 |                 && x.value == y.value
   |                    ^^^^^^^^^^^^^^^^^^ help: consider comparing them within some margin of error: `(x.value - y.value).abs() < error_margin`
   |
   = help: for further information visit https://rust-lang.github.io/rust-clippy/rust-1.98.0/index.html#float_cmp
   = note: `#[warn(clippy::float_cmp)]` implied by `#[warn(clippy::pedantic)]`

warning: returning a `str` unnecessarily tied to the lifetime of arguments
   --> src/ui/properties/easing_editor/track.rs:102:30
    |
102 |     fn description(&self) -> &str {
    |                              ^^^^ help: try: `&'static str`
    |
    = help: for further information visit https://rust-lang.github.io/rust-clippy/rust-1.98.0/index.html#unnecessary_literal_bound

warning: called `map(<f>).unwrap_or(<a>)` on an `Option` value
   --> src/ui/properties/easing_editor/track.rs:133:24
    |
133 |       let (start, end) = world
    |  ________________________^
134 | |         .get_timeline_objects()
135 | |         .into_iter()
136 | |         .find(|o| o.id as usize == target.object_id())
137 | |         .map(|o| (o.start_frame, o.end_frame))
138 | |         .unwrap_or((0, 1));
    | |__________________________^
    |
    = help: for further information visit https://rust-lang.github.io/rust-clippy/rust-1.98.0/index.html#map_unwrap_or
help: use `map_or(<a>, <f>)` instead
    |
137 -         .map(|o| (o.start_frame, o.end_frame))
138 -         .unwrap_or((0, 1));
137 +         .map_or((0, 1), |o| (o.start_frame, o.end_frame));
    |

warning: casting `i32` to `usize` may lose the sign of the value
   --> src/ui/properties/easing_editor/track.rs:136:19
    |
136 |         .find(|o| o.id as usize == target.object_id())
    |                   ^^^^^^^^^^^^^
    |
    = help: for further information visit https://rust-lang.github.io/rust-clippy/rust-1.98.0/index.html#cast_sign_loss

warning: arithmetic operation that can potentially result in unexpected side-effects
   --> src/ui/properties/easing_editor/track.rs:139:21
    |
139 |     (start, end.max(start + 1))
    |                     ^^^^^^^^^
    |
    = help: for further information visit https://rust-lang.github.io/rust-clippy/rust-1.98.0/index.html#arithmetic_side_effects

warning: implicitly cloning a `String` by calling `to_string` on its dereferenced type
   --> src/ui/properties/easing_editor/mod.rs:158:24
    |
158 |                 label: effect_param_label(&s.label).to_string(),
    |                        ^^^^^^^^^^^^^^^^^^^^^^^^^^^^^^^^^^^^^^^^ help: consider using: `effect_param_label(&s.label).clone()`
    |
    = help: for further information visit https://rust-lang.github.io/rust-clippy/rust-1.98.0/index.html#implicit_clone
    = note: `#[warn(clippy::implicit_clone)]` implied by `#[warn(clippy::pedantic)]`

warning: this function has too many lines (198/100)
   --> src/ui/properties/easing_editor/mod.rs:266:1
    |
266 | fn run(ctx: &egui::Context, ui: &mut egui::Ui, world: &mut EcsWorld, st: &mut EditorState) -> bool {
    | ^^^^^^^^^^^^^^^^^^^^^^^^^^^^^^^^^^^^^^^^^^^^^^^^^^^^^^^^^^^^^^^^^^^^^^^^^^^^^^^^^^^^^^^^^^^^^^^^^^
    |
    = help: for further information visit https://rust-lang.github.io/rust-clippy/rust-1.98.0/index.html#too_many_lines

warning: arithmetic operation that can potentially result in unexpected side-effects
   --> src/ui/properties/easing_editor/mod.rs:322:20
    |
322 |         let last = track.len() - 1;
    |                    ^^^^^^^^^^^^^^^
    |
    = help: for further information visit https://rust-lang.github.io/rust-clippy/rust-1.98.0/index.html#arithmetic_side_effects

warning: indexing may panic
   --> src/ui/properties/easing_editor/mod.rs:323:13
    |
323 |         if (track[0].frame..=track[last].frame).contains(&playhead) {
    |             ^^^^^^^^
    |
    = help: consider using `.get(n)` or `.get_mut(n)` instead
    = help: for further information visit https://rust-lang.github.io/rust-clippy/rust-1.98.0/index.html#indexing_slicing

warning: indexing may panic
   --> src/ui/properties/easing_editor/mod.rs:323:30
    |
323 |         if (track[0].frame..=track[last].frame).contains(&playhead) {
    |                              ^^^^^^^^^^^
    |
    = help: consider using `.get(n)` or `.get_mut(n)` instead
    = help: for further information visit https://rust-lang.github.io/rust-clippy/rust-1.98.0/index.html#indexing_slicing

warning: arithmetic operation that can potentially result in unexpected side-effects
   --> src/ui/properties/easing_editor/mod.rs:328:22
    |
328 |                 .min(last - 1);
    |                      ^^^^^^^^
    |
    = help: for further information visit https://rust-lang.github.io/rust-clippy/rust-1.98.0/index.html#arithmetic_side_effects

warning: indexing may panic
   --> src/ui/properties/easing_editor/mod.rs:329:38
    |
329 |             st.selected_frame = Some(track[i].frame);
    |                                      ^^^^^^^^
    |
    = help: consider using `.get(n)` or `.get_mut(n)` instead
    = help: for further information visit https://rust-lang.github.io/rust-clippy/rust-1.98.0/index.html#indexing_slicing

warning: arithmetic operation that can potentially result in unexpected side-effects
   --> src/ui/properties/easing_editor/mod.rs:335:21
    |
335 |         .filter(|i| i + 1 < track.len())
    |                     ^^^^^
    |
    = help: for further information visit https://rust-lang.github.io/rust-clippy/rust-1.98.0/index.html#arithmetic_side_effects

warning: indexing may panic
   --> src/ui/properties/easing_editor/mod.rs:337:34
    |
337 |     if st.selected_frame != Some(track[sel].frame) {
    |                                  ^^^^^^^^^^
    |
    = help: consider using `.get(n)` or `.get_mut(n)` instead
    = help: for further information visit https://rust-lang.github.io/rust-clippy/rust-1.98.0/index.html#indexing_slicing

warning: indexing may panic
   --> src/ui/properties/easing_editor/mod.rs:338:34
    |
338 |         st.selected_frame = Some(track[sel].frame);
    |                                  ^^^^^^^^^^
    |
    = help: consider using `.get(n)` or `.get_mut(n)` instead
    = help: for further information visit https://rust-lang.github.io/rust-clippy/rust-1.98.0/index.html#indexing_slicing

warning: indexing may panic
   --> src/ui/properties/easing_editor/mod.rs:342:38
    |
342 |     let mut payload = parse_payload(&track[sel].engine_payload);
    |                                      ^^^^^^^^^^
    |
    = help: consider using `.get(n)` or `.get_mut(n)` instead
    = help: for further information visit https://rust-lang.github.io/rust-clippy/rust-1.98.0/index.html#indexing_slicing

warning: indexing may panic
   --> src/ui/properties/easing_editor/mod.rs:350:22
    |
350 |         && *frame == track[sel].frame
    |                      ^^^^^^^^^^
    |
    = help: consider using `.get(n)` or `.get_mut(n)` instead
    = help: for further information visit https://rust-lang.github.io/rust-clippy/rust-1.98.0/index.html#indexing_slicing

warning: indexing may panic
   --> src/ui/properties/easing_editor/mod.rs:354:46
    |
354 |     let stored_script = match parse_payload(&track[sel].engine_payload).kind {
    |                                              ^^^^^^^^^^
    |
    = help: consider using `.get(n)` or `.get_mut(n)` instead
    = help: for further information visit https://rust-lang.github.io/rust-clippy/rust-1.98.0/index.html#indexing_slicing

warning: consider adding a `;` to the last statement for consistent formatting
   --> src/ui/properties/easing_editor/mod.rs:390:21
    |
390 |                     f.st.notify(now, "貼り付け失敗: イージングのJSONではありません")
    |                     ^^^^^^^^^^^^^^^^^^^^^^^^^^^^^^^^^^^^^^^^^^^^^^^^^^^^^^^^^^^^^^^^ help: add a `;` here: `f.st.notify(now, "貼り付け失敗: イージングのJSONではありません");`
    |
    = help: for further information visit https://rust-lang.github.io/rust-clippy/rust-1.98.0/index.html#semicolon_if_nothing_returned

warning: indexing may panic
   --> src/ui/properties/easing_editor/mod.rs:406:39
    |
406 |                     left(&mut f, &mut cols[0]);
    |                                       ^^^^^^^
    |
    = help: consider using `.get(n)` or `.get_mut(n)` instead
    = help: for further information visit https://rust-lang.github.io/rust-clippy/rust-1.98.0/index.html#indexing_slicing

warning: indexing may panic
   --> src/ui/properties/easing_editor/mod.rs:407:40
    |
407 |                     right(&mut f, &mut cols[1]);
    |                                        ^^^^^^^
    |
    = help: consider using `.get(n)` or `.get_mut(n)` instead
    = help: for further information visit https://rust-lang.github.io/rust-clippy/rust-1.98.0/index.html#indexing_slicing

warning: indexing may panic
   --> src/ui/properties/easing_editor/mod.rs:468:9
    |
468 |         keys[sel].engine_payload = encode_payload(&payload);
    |         ^^^^^^^^^
    |
    = help: consider using `.get(n)` or `.get_mut(n)` instead
    = help: for further information visit https://rust-lang.github.io/rust-clippy/rust-1.98.0/index.html#indexing_slicing

warning: indexing may panic
   --> src/ui/properties/easing_editor/mod.rs:469:9
    |
469 |         keys[sel].edit_seq = next_edit_seq();
    |         ^^^^^^^^^
    |
    = help: consider using `.get(n)` or `.get_mut(n)` instead
    = help: for further information visit https://rust-lang.github.io/rust-clippy/rust-1.98.0/index.html#indexing_slicing

warning: implicitly cloning a `String` by calling `to_string` on its dereferenced type
   --> src/ui/properties/easing_editor/mod.rs:512:28
    |
512 |                     label: effect_param_label(&st.label).to_string(),
    |                            ^^^^^^^^^^^^^^^^^^^^^^^^^^^^^^^^^^^^^^^^^ help: consider using: `effect_param_label(&st.label).clone()`
    |
    = help: for further information visit https://rust-lang.github.io/rust-clippy/rust-1.98.0/index.html#implicit_clone

warning: indexing may panic
   --> src/ui/properties/easing_editor/mod.rs:530:21
    |
530 |                     k[sel].engine_payload = encode_payload(&EasingPayload::linear());
    |                     ^^^^^^
    |
    = help: consider using `.get(n)` or `.get_mut(n)` instead
    = help: for further information visit https://rust-lang.github.io/rust-clippy/rust-1.98.0/index.html#indexing_slicing

warning: indexing may panic
   --> src/ui/properties/easing_editor/mod.rs:531:21
    |
531 |                     k[sel].edit_seq = next_edit_seq();
    |                     ^^^^^^
    |
    = help: consider using `.get(n)` or `.get_mut(n)` instead
    = help: for further information visit https://rust-lang.github.io/rust-clippy/rust-1.98.0/index.html#indexing_slicing

warning: assigning the result of `Clone::clone()` may be inefficient
   --> src/ui/properties/easing_editor/mod.rs:539:25
    |
539 |                         key.engine_payload = encoded.clone();
    |                         ^^^^^^^^^^^^^^^^^^^^^^^^^^^^^^^^^^^^ help: use `clone_from()`: `key.engine_payload.clone_from(&encoded)`
    |
    = help: for further information visit https://rust-lang.github.io/rust-clippy/rust-1.98.0/index.html#assigning_clones

warning: arithmetic operation that can potentially result in unexpected side-effects
   --> src/ui/properties/easing_editor/mod.rs:543:63
    |
543 |                 st.notify(now, format!("{}区間に適用しました (Undo可)", to - from));
    |                                                                         ^^^^^^^^^
    |
    = help: for further information visit https://rust-lang.github.io/rust-clippy/rust-1.98.0/index.html#arithmetic_side_effects

warning: arithmetic operation that can potentially result in unexpected side-effects
   --> src/ui/properties/easing_editor/mod.rs:546:46
    |
546 |                 if let Some(end) = track.get(sel + 1) {
    |                                              ^^^^^^^
    |
    = help: for further information visit https://rust-lang.github.io/rust-clippy/rust-1.98.0/index.html#arithmetic_side_effects

warning: arithmetic operation that can potentially result in unexpected side-effects
   --> src/ui/properties/easing_editor/mod.rs:549:48
    |
549 |                         let _ = k.remove_point(sel + 1);
    |                                                ^^^^^^^
    |
    = help: for further information visit https://rust-lang.github.io/rust-clippy/rust-1.98.0/index.html#arithmetic_side_effects

warning: indexing may panic
   --> src/ui/properties/easing_editor/mod.rs:576:19
    |
576 |     let (a, b) = (track[sel].frame, track[sel + 1].frame);
    |                   ^^^^^^^^^^
    |
    = help: consider using `.get(n)` or `.get_mut(n)` instead
    = help: for further information visit https://rust-lang.github.io/rust-clippy/rust-1.98.0/index.html#indexing_slicing

warning: indexing may panic
   --> src/ui/properties/easing_editor/mod.rs:576:37
    |
576 |     let (a, b) = (track[sel].frame, track[sel + 1].frame);
    |                                     ^^^^^^^^^^^^^^
    |
    = help: consider using `.get(n)` or `.get_mut(n)` instead
    = help: for further information visit https://rust-lang.github.io/rust-clippy/rust-1.98.0/index.html#indexing_slicing

warning: arithmetic operation that can potentially result in unexpected side-effects
   --> src/ui/properties/easing_editor/mod.rs:576:43
    |
576 |     let (a, b) = (track[sel].frame, track[sel + 1].frame);
    |                                           ^^^^^^^
    |
    = help: for further information visit https://rust-lang.github.io/rust-clippy/rust-1.98.0/index.html#arithmetic_side_effects

warning: arithmetic operation that can potentially result in unexpected side-effects
   --> src/ui/properties/easing_editor/mod.rs:580:9
    |
580 |         a + (b - a) / 2
    |         ^^^^^^^^^^^^^^^
    |
    = help: for further information visit https://rust-lang.github.io/rust-clippy/rust-1.98.0/index.html#arithmetic_side_effects

warning: this function has too many lines (218/100)
   --> src/ui/properties/easing_editor/mod.rs:595:1
    |
595 | fn toolbar(f: &mut Frame, ui: &mut egui::Ui) {
    | ^^^^^^^^^^^^^^^^^^^^^^^^^^^^^^^^^^^^^^^^^^^^
    |
    = help: for further information visit https://rust-lang.github.io/rust-clippy/rust-1.98.0/index.html#too_many_lines

warning: arithmetic operation that can potentially result in unexpected side-effects
   --> src/ui/properties/easing_editor/mod.rs:675:24
    |
675 |         let segments = f.track.len() - 1;
    |                        ^^^^^^^^^^^^^^^^^
    |
    = help: for further information visit https://rust-lang.github.io/rust-clippy/rust-1.98.0/index.html#arithmetic_side_effects

warning: arithmetic operation that can potentially result in unexpected side-effects
   --> src/ui/properties/easing_editor/mod.rs:677:43
    |
677 |             f.actions.push(Action::Select(f.sel - 1));
    |                                           ^^^^^^^^^
    |
    = help: for further information visit https://rust-lang.github.io/rust-clippy/rust-1.98.0/index.html#arithmetic_side_effects

warning: arithmetic operation that can potentially result in unexpected side-effects
   --> src/ui/properties/easing_editor/mod.rs:679:37
    |
679 |         ui.label(format!("{} / {}", f.sel + 1, segments));
    |                                     ^^^^^^^^^
    |
    = help: for further information visit https://rust-lang.github.io/rust-clippy/rust-1.98.0/index.html#arithmetic_side_effects

warning: arithmetic operation that can potentially result in unexpected side-effects
   --> src/ui/properties/easing_editor/mod.rs:680:75
    |
680 |         if button(ui, icons::ICON_CHEVRON_RIGHT, "", "次の区間").clicked() && f.sel + 1 < segments
    |                                                                               ^^^^^^^^^
    |
    = help: for further information visit https://rust-lang.github.io/rust-clippy/rust-1.98.0/index.html#arithmetic_side_effects

warning: arithmetic operation that can potentially result in unexpected side-effects
   --> src/ui/properties/easing_editor/mod.rs:682:43
    |
682 |             f.actions.push(Action::Select(f.sel + 1));
    |                                           ^^^^^^^^^
    |
    = help: for further information visit https://rust-lang.github.io/rust-clippy/rust-1.98.0/index.html#arithmetic_side_effects

warning: arithmetic operation that can potentially result in unexpected side-effects
   --> src/ui/properties/easing_editor/mod.rs:694:29
    |
694 |         let is_track_tail = f.sel + 2 == f.track.len();
    |                             ^^^^^^^^^
    |
    = help: for further information visit https://rust-lang.github.io/rust-clippy/rust-1.98.0/index.html#arithmetic_side_effects

warning: indexing may panic
   --> src/ui/properties/easing_editor/mod.rs:702:36
    |
702 |                 format!("f{} で統合", f.track[f.sel + 1].frame),
    |                                       ^^^^^^^^^^^^^^^^^^
    |
    = help: consider using `.get(n)` or `.get_mut(n)` instead
    = help: for further information visit https://rust-lang.github.io/rust-clippy/rust-1.98.0/index.html#indexing_slicing

warning: arithmetic operation that can potentially result in unexpected side-effects
   --> src/ui/properties/easing_editor/mod.rs:702:44
    |
702 |                 format!("f{} で統合", f.track[f.sel + 1].frame),
    |                                               ^^^^^^^^^
    |
    = help: for further information visit https://rust-lang.github.io/rust-clippy/rust-1.98.0/index.html#arithmetic_side_effects

warning: arithmetic operation that can potentially result in unexpected side-effects
   --> src/ui/properties/easing_editor/mod.rs:730:28
    |
730 |         if time_control && f.sel + 2 < f.track.len() {
    |                            ^^^^^^^^^
    |
    = help: for further information visit https://rust-lang.github.io/rust-clippy/rust-1.98.0/index.html#arithmetic_side_effects

warning: arithmetic operation that can potentially result in unexpected side-effects
   --> src/ui/properties/easing_editor/mod.rs:731:25
    |
731 |             let index = f.sel + 1;
    |                         ^^^^^^^^^
    |
    = help: for further information visit https://rust-lang.github.io/rust-clippy/rust-1.98.0/index.html#arithmetic_side_effects

warning: indexing may panic
   --> src/ui/properties/easing_editor/mod.rs:784:28
    |
784 |         let target_frame = f.track[f.sel].frame;
    |                            ^^^^^^^^^^^^^^
    |
    = help: consider using `.get(n)` or `.get_mut(n)` instead
    = help: for further information visit https://rust-lang.github.io/rust-clippy/rust-1.98.0/index.html#indexing_slicing

warning: indexing may panic
   --> src/ui/properties/easing_editor/mod.rs:817:21
    |
817 |     let (k0, k1) = (f.track[f.sel].clone(), f.track[f.sel + 1].clone());
    |                     ^^^^^^^^^^^^^^
    |
    = help: consider using `.get(n)` or `.get_mut(n)` instead
    = help: for further information visit https://rust-lang.github.io/rust-clippy/rust-1.98.0/index.html#indexing_slicing

warning: indexing may panic
   --> src/ui/properties/easing_editor/mod.rs:817:45
    |
817 |     let (k0, k1) = (f.track[f.sel].clone(), f.track[f.sel + 1].clone());
    |                                             ^^^^^^^^^^^^^^^^^^
    |
    = help: consider using `.get(n)` or `.get_mut(n)` instead
    = help: for further information visit https://rust-lang.github.io/rust-clippy/rust-1.98.0/index.html#indexing_slicing

warning: arithmetic operation that can potentially result in unexpected side-effects
   --> src/ui/properties/easing_editor/mod.rs:817:53
    |
817 |     let (k0, k1) = (f.track[f.sel].clone(), f.track[f.sel + 1].clone());
    |                                                     ^^^^^^^^^
    |
    = help: for further information visit https://rust-lang.github.io/rust-clippy/rust-1.98.0/index.html#arithmetic_side_effects

warning: indexing may panic
   --> src/ui/properties/easing_editor/mod.rs:820:38
    |
820 |         ui.label(egui::RichText::new(CATEGORY_LABELS[category_index(&f.payload.kind)]).strong());
    |                                      ^^^^^^^^^^^^^^^^^^^^^^^^^^^^^^^^^^^^^^^^^^^^^^^^
    |
    = help: consider using `.get(n)` or `.get_mut(n)` instead
    = help: for further information visit https://rust-lang.github.io/rust-clippy/rust-1.98.0/index.html#indexing_slicing

warning: arithmetic operation that can potentially result in unexpected side-effects
   --> src/ui/properties/easing_editor/mod.rs:823:13
    |
823 |             f.sel + 1,
    |             ^^^^^^^^^
    |
    = help: for further information visit https://rust-lang.github.io/rust-clippy/rust-1.98.0/index.html#arithmetic_side_effects

warning: arithmetic operation that can potentially result in unexpected side-effects
   --> src/ui/properties/easing_editor/mod.rs:824:13
    |
824 |             f.track.len() - 1,
    |             ^^^^^^^^^^^^^^^^^
    |
    = help: for further information visit https://rust-lang.github.io/rust-clippy/rust-1.98.0/index.html#arithmetic_side_effects

warning: arithmetic operation that can potentially result in unexpected side-effects
   --> src/ui/properties/easing_editor/mod.rs:827:13
    |
827 |             k1.frame - k0.frame,
    |             ^^^^^^^^^^^^^^^^^^^
    |
    = help: for further information visit https://rust-lang.github.io/rust-clippy/rust-1.98.0/index.html#arithmetic_side_effects

warning: arithmetic operation that can potentially result in unexpected side-effects
   --> src/ui/properties/easing_editor/mod.rs:858:17
    |
858 |     let total = f.track.len() - 1;
    |                 ^^^^^^^^^^^^^^^^^
    |
    = help: for further information visit https://rust-lang.github.io/rust-clippy/rust-1.98.0/index.html#arithmetic_side_effects

warning: indexing may panic
   --> src/ui/properties/easing_editor/mod.rs:865:30
    |
865 |     let differs = |i: usize| f.track[i].engine_payload != encoded;
    |                              ^^^^^^^^^^
    |
    = help: consider using `.get(n)` or `.get_mut(n)` instead
    = help: for further information visit https://rust-lang.github.io/rust-clippy/rust-1.98.0/index.html#indexing_slicing

warning: arithmetic operation that can potentially result in unexpected side-effects
   --> src/ui/properties/easing_editor/mod.rs:876:39
    |
876 |             format!("この曲線を適用 ({}区間)", total - from)
    |                                                ^^^^^^^^^^^^
    |
    = help: for further information visit https://rust-lang.github.io/rust-clippy/rust-1.98.0/index.html#arithmetic_side_effects

warning: indexing may panic
   --> src/ui/properties/easing_editor/mod.rs:905:37
    |
905 |             f.st.script_buf = Some((f.track[f.sel].frame, buffer.clone()));
    |                                     ^^^^^^^^^^^^^^
    |
    = help: consider using `.get(n)` or `.get_mut(n)` instead
    = help: for further information visit https://rust-lang.github.io/rust-clippy/rust-1.98.0/index.html#indexing_slicing

warning: this function has too many lines (382/100)
   --> src/ui/properties/easing_editor/mod.rs:913:1
    |
913 | / fn graph(
914 | |     f: &mut Frame,
915 | |     ui: &mut egui::Ui,
916 | |     pts: &[handles::ControlPoint],
917 | |     k0: &Keyframe,
918 | |     k1: &Keyframe,
919 | | ) {
    | |_^
    |
    = help: for further information visit https://rust-lang.github.io/rust-clippy/rust-1.98.0/index.html#too_many_lines

warning: arithmetic operation that can potentially result in unexpected side-effects
   --> src/ui/properties/easing_editor/mod.rs:958:13
    |
958 |             f.st.pan += p - view.to_screen(anchor.0, anchor.1);
    |             ^^^^^^^^^^^^^^^^^^^^^^^^^^^^^^^^^^^^^^^^^^^^^^^^^^
    |
    = help: for further information visit https://rust-lang.github.io/rust-clippy/rust-1.98.0/index.html#arithmetic_side_effects

warning: arithmetic operation that can potentially result in unexpected side-effects
   --> src/ui/properties/easing_editor/mod.rs:977:9
    |
977 |         f.st.pan += response.drag_delta();
    |         ^^^^^^^^^^^^^^^^^^^^^^^^^^^^^^^^^
    |
    = help: for further information visit https://rust-lang.github.io/rust-clippy/rust-1.98.0/index.html#arithmetic_side_effects

warning: arithmetic operation that can potentially result in unexpected side-effects
   --> src/ui/properties/easing_editor/mod.rs:989:34
    |
989 |             _ if f.st.panning => f.st.pan += response.drag_delta(),
    |                                  ^^^^^^^^^^^^^^^^^^^^^^^^^^^^^^^^^
    |
    = help: for further information visit https://rust-lang.github.io/rust-clippy/rust-1.98.0/index.html#arithmetic_side_effects

warning: this `if` statement can be collapsed
    --> src/ui/properties/easing_editor/mod.rs:1012:9
     |
1012 | /         if let Some(cp) = f.st.menu_point.and_then(|i| pts.get(i)) {
1013 | |             if ui.button(handles::reset_label(&f.payload.kind)).clicked() {
1014 | |                 if handles::reset_point(&mut f.payload.kind, cp.point) {
1015 | |                     f.edit.changed = true;
...    |
1020 | |         }
     | |_________^
     |
     = help: for further information visit https://rust-lang.github.io/rust-clippy/rust-1.98.0/index.html#collapsible_if
help: collapse nested if block
     |
1012 ~         if let Some(cp) = f.st.menu_point.and_then(|i| pts.get(i))
1013 ~             && ui.button(handles::reset_label(&f.payload.kind)).clicked() {
1014 |                 if handles::reset_point(&mut f.payload.kind, cp.point) {
 ...
1018 |                 ui.close();
1019 ~             }
     |

warning: arithmetic operation that can potentially result in unexpected side-effects
    --> src/ui/properties/easing_editor/mod.rs:1047:25
     |
1047 |                         d += dir * step;
     |                         ^^^^^^^^^^^^^^^
     |
     = help: for further information visit https://rust-lang.github.io/rust-clippy/rust-1.98.0/index.html#arithmetic_side_effects

warning: arithmetic operation that can potentially result in unexpected side-effects
    --> src/ui/properties/easing_editor/mod.rs:1060:74
     |
1060 |             f.st.selected_point = Some(f.st.selected_point.map_or(0, |i| (i + 1) % pts.len()));
     |                                                                          ^^^^^^^^^^^^^^^^^^^
     |
     = help: for further information visit https://rust-lang.github.io/rust-clippy/rust-1.98.0/index.html#arithmetic_side_effects

warning: arithmetic operation that can potentially result in unexpected side-effects
    --> src/ui/properties/easing_editor/mod.rs:1114:9
     |
1114 |         guard += 1;
     |         ^^^^^^^^^^
     |
     = help: for further information visit https://rust-lang.github.io/rust-clippy/rust-1.98.0/index.html#arithmetic_side_effects

warning: arithmetic operation that can potentially result in unexpected side-effects
    --> src/ui/properties/easing_editor/mod.rs:1129:9
     |
1129 |         guard += 1;
     |         ^^^^^^^^^^
     |
     = help: for further information visit https://rust-lang.github.io/rust-clippy/rust-1.98.0/index.html#arithmetic_side_effects

warning: casting `i32` to `f32` may cause a loss of precision (`i32` is 32 bits wide, but `f32`'s mantissa is only 23 bits wide)
    --> src/ui/properties/easing_editor/mod.rs:1224:18
     |
1224 |     let t_play = (f.playhead - k0.frame) as f32 / (k1.frame - k0.frame).max(1) as f32;
     |                  ^^^^^^^^^^^^^^^^^^^^^^^^^^^^^^
     |
     = help: for further information visit https://rust-lang.github.io/rust-clippy/rust-1.98.0/index.html#cast_precision_loss

warning: arithmetic operation that can potentially result in unexpected side-effects
    --> src/ui/properties/easing_editor/mod.rs:1224:18
     |
1224 |     let t_play = (f.playhead - k0.frame) as f32 / (k1.frame - k0.frame).max(1) as f32;
     |                  ^^^^^^^^^^^^^^^^^^^^^^^
     |
     = help: for further information visit https://rust-lang.github.io/rust-clippy/rust-1.98.0/index.html#arithmetic_side_effects

warning: casting `i32` to `f32` may cause a loss of precision (`i32` is 32 bits wide, but `f32`'s mantissa is only 23 bits wide)
    --> src/ui/properties/easing_editor/mod.rs:1224:51
     |
1224 |     let t_play = (f.playhead - k0.frame) as f32 / (k1.frame - k0.frame).max(1) as f32;
     |                                                   ^^^^^^^^^^^^^^^^^^^^^^^^^^^^^^^^^^^
     |
     = help: for further information visit https://rust-lang.github.io/rust-clippy/rust-1.98.0/index.html#cast_precision_loss

warning: arithmetic operation that can potentially result in unexpected side-effects
    --> src/ui/properties/easing_editor/mod.rs:1224:51
     |
1224 |     let t_play = (f.playhead - k0.frame) as f32 / (k1.frame - k0.frame).max(1) as f32;
     |                                                   ^^^^^^^^^^^^^^^^^^^^^
     |
     = help: for further information visit https://rust-lang.github.io/rust-clippy/rust-1.98.0/index.html#arithmetic_side_effects

warning: arithmetic operation that can potentially result in unexpected side-effects
    --> src/ui/properties/easing_editor/mod.rs:1236:13
     |
1236 |             view.to_screen(t_play, y) + vec2(6.0, -6.0),
     |             ^^^^^^^^^^^^^^^^^^^^^^^^^^^^^^^^^^^^^^^^^^^
     |
     = help: for further information visit https://rust-lang.github.io/rust-clippy/rust-1.98.0/index.html#arithmetic_side_effects

warning: casting `f64` to `f32` may truncate the value
    --> src/ui/properties/easing_editor/mod.rs:1248:17
     |
1248 |         let t = ((f.now - start) / PREVIEW_SECONDS) as f32;
     |                 ^^^^^^^^^^^^^^^^^^^^^^^^^^^^^^^^^^^^^^^^^^
     |
     = help: if this is intentional allow the lint with `#[allow(clippy::cast_possible_truncation)]` ...
     = help: for further information visit https://rust-lang.github.io/rust-clippy/rust-1.98.0/index.html#cast_possible_truncation

warning: arithmetic operation that can potentially result in unexpected side-effects
    --> src/ui/properties/easing_editor/mod.rs:1273:9
     |
1273 |         start + vec2(9.0, 4.0),
     |         ^^^^^^^^^^^^^^^^^^^^^^
     |
     = help: for further information visit https://rust-lang.github.io/rust-clippy/rust-1.98.0/index.html#arithmetic_side_effects

warning: arithmetic operation that can potentially result in unexpected side-effects
    --> src/ui/properties/easing_editor/mod.rs:1282:9
     |
1282 |         end + vec2(-9.0, -4.0),
     |         ^^^^^^^^^^^^^^^^^^^^^^
     |
     = help: for further information visit https://rust-lang.github.io/rust-clippy/rust-1.98.0/index.html#arithmetic_side_effects

warning: arithmetic operation that can potentially result in unexpected side-effects
    --> src/ui/properties/easing_editor/mod.rs:1304:39
     |
1304 |             egui::Rect::from_min_size(center + vec2(10.0, -22.0), galley.size()).expand(3.0);
     |                                       ^^^^^^^^^^^^^^^^^^^^^^^^^^
     |
     = help: for further information visit https://rust-lang.github.io/rust-clippy/rust-1.98.0/index.html#arithmetic_side_effects

warning: very complex type used. Consider factoring parts into `type` definitions
  --> src/ui/properties/effect_list.rs:16:26
   |
16 | static GROUP_OPEN_STATE: Mutex<Option<HashMap<(usize, i32, String), bool>>> = Mutex::new(None);
   |                          ^^^^^^^^^^^^^^^^^^^^^^^^^^^^^^^^^^^^^^^^^^^^^^^^^^
   |
   = help: for further information visit https://rust-lang.github.io/rust-clippy/rust-1.98.0/index.html#type_complexity
   = note: `#[warn(clippy::type_complexity)]` on by default

warning: this function has too many lines (121/100)
  --> src/ui/properties/effect_list.rs:34:1
   |
34 | pub fn effects_sidebar(ui: &mut egui::Ui, world: &mut EcsWorld, id: usize) {
   | ^^^^^^^^^^^^^^^^^^^^^^^^^^^^^^^^^^^^^^^^^^^^^^^^^^^^^^^^^^^^^^^^^^^^^^^^^^
   |
   = help: for further information visit https://rust-lang.github.io/rust-clippy/rust-1.98.0/index.html#too_many_lines

warning: the loop variable `target_pos` is used to index `new_order`
  --> src/ui/properties/effect_list.rs:71:31
   |
71 |             for target_pos in 0..new_order.len() {
   |                               ^^^^^^^^^^^^^^^^^^
   |
   = help: for further information visit https://rust-lang.github.io/rust-clippy/rust-1.98.0/index.html#needless_range_loop
help: consider using an iterator and enumerate()
   |
71 -             for target_pos in 0..new_order.len() {
71 +             for (target_pos, <item>) in new_order.iter().enumerate() {
   |

warning: indexing may panic
  --> src/ui/properties/effect_list.rs:72:28
   |
72 |                 let want = new_order[target_pos];
   |                            ^^^^^^^^^^^^^^^^^^^^^
   |
   = help: consider using `.get(n)` or `.get_mut(n)` instead
   = help: for further information visit https://rust-lang.github.io/rust-clippy/rust-1.98.0/index.html#indexing_slicing

warning: arithmetic operation that can potentially result in unexpected side-effects
   --> src/ui/properties/effect_list.rs:109:20
    |
109 |         let last = plugins.len() - 1;
    |                    ^^^^^^^^^^^^^^^^^
    |
    = help: for further information visit https://rust-lang.github.io/rust-clippy/rust-1.98.0/index.html#arithmetic_side_effects

warning: arithmetic operation that can potentially result in unexpected side-effects
   --> src/ui/properties/effect_list.rs:138:83
    |
138 | ...                   world.reorder_audio_plugin(id, index, index - 1);
    |                                                             ^^^^^^^^^
    |
    = help: for further information visit https://rust-lang.github.io/rust-clippy/rust-1.98.0/index.html#arithmetic_side_effects

warning: arithmetic operation that can potentially result in unexpected side-effects
   --> src/ui/properties/effect_list.rs:145:83
    |
145 | ...                   world.reorder_audio_plugin(id, index, index + 1);
    |                                                             ^^^^^^^^^
    |
    = help: for further information visit https://rust-lang.github.io/rust-clippy/rust-1.98.0/index.html#arithmetic_side_effects

warning: this function has too many lines (227/100)
   --> src/ui/properties/effect_list.rs:161:1
    |
161 | / pub fn effects_section(
162 | |     ui: &mut egui::Ui,
163 | |     world: &mut EcsWorld,
164 | |     id: usize,
165 | |     objects: &[TimelineData],
166 | | ) {
    | |_^
    |
    = help: for further information visit https://rust-lang.github.io/rust-clippy/rust-1.98.0/index.html#too_many_lines

warning: arithmetic operation that can potentially result in unexpected side-effects
   --> src/ui/properties/effect_list.rs:181:20
    |
181 |         let last = plugins.len() - 1;
    |                    ^^^^^^^^^^^^^^^^^
    |
    = help: for further information visit https://rust-lang.github.io/rust-clippy/rust-1.98.0/index.html#arithmetic_side_effects

warning: arithmetic operation that can potentially result in unexpected side-effects
   --> src/ui/properties/effect_list.rs:210:75
    |
210 | ...                   world.reorder_audio_plugin(id, index, index - 1);
    |                                                             ^^^^^^^^^
    |
    = help: for further information visit https://rust-lang.github.io/rust-clippy/rust-1.98.0/index.html#arithmetic_side_effects

warning: arithmetic operation that can potentially result in unexpected side-effects
   --> src/ui/properties/effect_list.rs:217:75
    |
217 | ...                   world.reorder_audio_plugin(id, index, index + 1);
    |                                                             ^^^^^^^^^
    |
    = help: for further information visit https://rust-lang.github.io/rust-clippy/rust-1.98.0/index.html#arithmetic_side_effects

warning: casting `f64` to `f32` may truncate the value
   --> src/ui/properties/effect_list.rs:241:46
    |
241 | ...                   start_value: val as f32,
    |                                    ^^^^^^^^^^
    |
    = help: if this is intentional allow the lint with `#[allow(clippy::cast_possible_truncation)]` ...
    = help: for further information visit https://rust-lang.github.io/rust-clippy/rust-1.98.0/index.html#cast_possible_truncation

warning: casting `f64` to `f32` may truncate the value
   --> src/ui/properties/effect_list.rs:242:44
    |
242 | ...                   end_value: val as f32,
    |                                  ^^^^^^^^^^
    |
    = help: if this is intentional allow the lint with `#[allow(clippy::cast_possible_truncation)]` ...
    = help: for further information visit https://rust-lang.github.io/rust-clippy/rust-1.98.0/index.html#cast_possible_truncation

warning: casting `f64` to `f32` may truncate the value
   --> src/ui/properties/effect_list.rs:249:33
    |
249 | ...                   info.min as f32,
    |                       ^^^^^^^^^^^^^^^
    |
    = help: if this is intentional allow the lint with `#[allow(clippy::cast_possible_truncation)]` ...
    = help: for further information visit https://rust-lang.github.io/rust-clippy/rust-1.98.0/index.html#cast_possible_truncation

warning: casting `f64` to `f32` may truncate the value
   --> src/ui/properties/effect_list.rs:250:33
    |
250 | ...                   info.max as f32,
    |                       ^^^^^^^^^^^^^^^
    |
    = help: if this is intentional allow the lint with `#[allow(clippy::cast_possible_truncation)]` ...
    = help: for further information visit https://rust-lang.github.io/rust-clippy/rust-1.98.0/index.html#cast_possible_truncation

warning: casts from `f32` to `f64` can be expressed infallibly using `From`
   --> src/ui/properties/effect_list.rs:255:82
    |
255 | ...                   world.set_audio_plugin_param(id, index, info.id, v as f64);
    |                                                                        ^^^^^^^^
    |
    = help: an `as` cast can become silently lossy if the types change in the future
    = help: for further information visit https://rust-lang.github.io/rust-clippy/rust-1.98.0/index.html#cast_lossless
help: use `f64::from` instead
    |
255 -                                 world.set_audio_plugin_param(id, index, info.id, v as f64);
255 +                                 world.set_audio_plugin_param(id, index, info.id, f64::from(v));
    |

warning: casts from `f32` to `f64` can be expressed infallibly using `From`
   --> src/ui/properties/effect_list.rs:258:82
    |
258 | ...                   world.set_audio_plugin_param(id, index, info.id, v as f64);
    |                                                                        ^^^^^^^^
    |
    = help: an `as` cast can become silently lossy if the types change in the future
    = help: for further information visit https://rust-lang.github.io/rust-clippy/rust-1.98.0/index.html#cast_lossless
help: use `f64::from` instead
    |
258 -                                 world.set_audio_plugin_param(id, index, info.id, v as f64);
258 +                                 world.set_audio_plugin_param(id, index, info.id, f64::from(v));
    |

warning: arithmetic operation that can potentially result in unexpected side-effects
   --> src/ui/properties/effect_list.rs:269:20
    |
269 |         let last = effects.len() - 1;
    |                    ^^^^^^^^^^^^^^^^^
    |
    = help: for further information visit https://rust-lang.github.io/rust-clippy/rust-1.98.0/index.html#arithmetic_side_effects

warning: arithmetic operation that can potentially result in unexpected side-effects
   --> src/ui/properties/effect_list.rs:287:69
    |
287 | ...                   world.reorder_effect(id, index, index - 1);
    |                                                       ^^^^^^^^^
    |
    = help: for further information visit https://rust-lang.github.io/rust-clippy/rust-1.98.0/index.html#arithmetic_side_effects

warning: arithmetic operation that can potentially result in unexpected side-effects
   --> src/ui/properties/effect_list.rs:294:69
    |
294 | ...                   world.reorder_effect(id, index, index + 1);
    |                                                       ^^^^^^^^^
    |
    = help: for further information visit https://rust-lang.github.io/rust-clippy/rust-1.98.0/index.html#arithmetic_side_effects

warning: casting `usize` to `i32` may truncate the value on targets with 64-bit wide pointers
   --> src/ui/properties/effect_list.rs:322:58
    |
322 |                         let mut open = is_group_open(id, index as i32, &s.label, initial_open);
    |                                                          ^^^^^^^^^^^^
    |
    = help: if this is intentional allow the lint with `#[allow(clippy::cast_possible_truncation)]` ...
    = help: for further information visit https://rust-lang.github.io/rust-clippy/rust-1.98.0/index.html#cast_possible_truncation
help: ... or use `try_from` and handle the error accordingly
    |
322 -                         let mut open = is_group_open(id, index as i32, &s.label, initial_open);
322 +                         let mut open = is_group_open(id, i32::try_from(index), &s.label, initial_open);
    |

warning: casting `usize` to `i32` may wrap around the value on targets with 32-bit wide pointers
   --> src/ui/properties/effect_list.rs:322:58
    |
322 |                         let mut open = is_group_open(id, index as i32, &s.label, initial_open);
    |                                                          ^^^^^^^^^^^^
    |
    = help: for further information visit https://rust-lang.github.io/rust-clippy/rust-1.98.0/index.html#cast_possible_wrap

warning: casting `usize` to `i32` may truncate the value on targets with 64-bit wide pointers
   --> src/ui/properties/effect_list.rs:330:51
    |
330 | ...                   toggle_group_open(id, index as i32, &s.label);
    |                                             ^^^^^^^^^^^^
    |
    = help: if this is intentional allow the lint with `#[allow(clippy::cast_possible_truncation)]` ...
    = help: for further information visit https://rust-lang.github.io/rust-clippy/rust-1.98.0/index.html#cast_possible_truncation
help: ... or use `try_from` and handle the error accordingly
    |
330 -                             toggle_group_open(id, index as i32, &s.label);
330 +                             toggle_group_open(id, i32::try_from(index), &s.label);
    |

warning: casting `usize` to `i32` may wrap around the value on targets with 32-bit wide pointers
   --> src/ui/properties/effect_list.rs:330:51
    |
330 | ...                   toggle_group_open(id, index as i32, &s.label);
    |                                             ^^^^^^^^^^^^
    |
    = help: for further information visit https://rust-lang.github.io/rust-clippy/rust-1.98.0/index.html#cast_possible_wrap

warning: casting `usize` to `i32` may truncate the value on targets with 64-bit wide pointers
   --> src/ui/properties/effect_list.rs:332:56
    |
332 |                         collapsed = !is_group_open(id, index as i32, &s.label, initial_open);
    |                                                        ^^^^^^^^^^^^
    |
    = help: if this is intentional allow the lint with `#[allow(clippy::cast_possible_truncation)]` ...
    = help: for further information visit https://rust-lang.github.io/rust-clippy/rust-1.98.0/index.html#cast_possible_truncation
help: ... or use `try_from` and handle the error accordingly
    |
332 -                         collapsed = !is_group_open(id, index as i32, &s.label, initial_open);
332 +                         collapsed = !is_group_open(id, i32::try_from(index), &s.label, initial_open);
    |

warning: casting `usize` to `i32` may wrap around the value on targets with 32-bit wide pointers
   --> src/ui/properties/effect_list.rs:332:56
    |
332 |                         collapsed = !is_group_open(id, index as i32, &s.label, initial_open);
    |                                                        ^^^^^^^^^^^^
    |
    = help: for further information visit https://rust-lang.github.io/rust-clippy/rust-1.98.0/index.html#cast_possible_wrap

warning: consider adding a `;` to the last statement for consistent formatting
   --> src/ui/properties/effect_list.rs:385:37
    |
385 | ...                   w.set_effect_keyframe(id, index, &key_set, f, v, e, p)
    |                       ^^^^^^^^^^^^^^^^^^^^^^^^^^^^^^^^^^^^^^^^^^^^^^^^^^^^^^ help: add a `;` here: `w.set_effect_keyframe(id, index, &key_set, f, v, e, p);`
    |
    = help: for further information visit https://rust-lang.github.io/rust-clippy/rust-1.98.0/index.html#semicolon_if_nothing_returned

warning: casting `f32` to `u32` may truncate the value
   --> src/ui/properties/effect_list.rs:434:26
    |
434 |                     _ => s.default_float as u32,
    |                          ^^^^^^^^^^^^^^^^^^^^^^
    |
    = help: if this is intentional allow the lint with `#[allow(clippy::cast_possible_truncation)]` ...
    = help: for further information visit https://rust-lang.github.io/rust-clippy/rust-1.98.0/index.html#cast_possible_truncation

warning: casting `f32` to `u32` may lose the sign of the value
   --> src/ui/properties/effect_list.rs:434:26
    |
434 |                     _ => s.default_float as u32,
    |                          ^^^^^^^^^^^^^^^^^^^^^^
    |
    = help: for further information visit https://rust-lang.github.io/rust-clippy/rust-1.98.0/index.html#cast_sign_loss

warning: casting `usize` to `u32` may truncate the value on targets with 64-bit wide pointers
   --> src/ui/properties/effect_list.rs:442:50
    |
442 | ...                   .map(|(i, opt)| (i as u32, effect_param_label(opt))),
    |                                        ^^^^^^^^
    |
    = help: if this is intentional allow the lint with `#[allow(clippy::cast_possible_truncation)]` ...
    = help: for further information visit https://rust-lang.github.io/rust-clippy/rust-1.98.0/index.html#cast_possible_truncation
help: ... or use `try_from` and handle the error accordingly
    |
442 -                                 .map(|(i, opt)| (i as u32, effect_param_label(opt))),
442 +                                 .map(|(i, opt)| (u32::try_from(i), effect_param_label(opt))),
    |

warning: casting `i32` to `usize` may lose the sign of the value
   --> src/ui/properties/effect_list.rs:486:24
    |
486 |                     if o.id as usize == object_id {
    |                        ^^^^^^^^^^^^^
    |
    = help: for further information visit https://rust-lang.github.io/rust-clippy/rust-1.98.0/index.html#cast_sign_loss

warning: more than 3 bools in a struct
  --> src/ui/properties/row.rs:24:1
   |
24 | / pub struct RowOutcome {
25 | |     pub start_value: Option<f32>,
26 | |     pub end_value: Option<f32>,
27 | |     pub start_commit: bool,
...  |
31 | |     pub label_clicked: bool,
32 | | }
   | |_^
   |
   = help: consider using a state machine or refactoring bools into two-variant enums
   = help: for further information visit https://rust-lang.github.io/rust-clippy/rust-1.98.0/index.html#struct_excessive_bools

warning: this function has too many arguments (8/7)
  --> src/ui/properties/row.rs:63:1
   |
63 | / pub fn property_row(
64 | |     ui: &mut egui::Ui,
65 | |     id_source: impl std::hash::Hash + std::fmt::Debug,
66 | |     label: &str,
...  |
71 | |     has_keyframes: bool,
72 | | ) -> RowOutcome {
   | |_______________^
   |
   = help: for further information visit https://rust-lang.github.io/rust-clippy/rust-1.98.0/index.html#too_many_arguments

warning: this function has too many lines (110/100)
  --> src/ui/properties/row.rs:63:1
   |
63 | / pub fn property_row(
64 | |     ui: &mut egui::Ui,
65 | |     id_source: impl std::hash::Hash + std::fmt::Debug,
66 | |     label: &str,
...  |
71 | |     has_keyframes: bool,
72 | | ) -> RowOutcome {
   | |_______________^
   |
   = help: for further information visit https://rust-lang.github.io/rust-clippy/rust-1.98.0/index.html#too_many_lines

warning: adding items after statements is confusing, since items exist from the start of the scope
  --> src/ui/properties/row.rs:80:5
   |
80 |     const BOX_W: f32 = 70.0;
   |     ^^^^^^^^^^^^^^^^^^^^^^^^
   |
   = help: for further information visit https://rust-lang.github.io/rust-clippy/rust-1.98.0/index.html#items_after_statements

warning: adding items after statements is confusing, since items exist from the start of the scope
  --> src/ui/properties/row.rs:81:5
   |
81 |     const SLIDER_MIN_W: f32 = 60.0;
   |     ^^^^^^^^^^^^^^^^^^^^^^^^^^^^^^^
   |
   = help: for further information visit https://rust-lang.github.io/rust-clippy/rust-1.98.0/index.html#items_after_statements

warning: more than 3 bools in a struct
   --> src/ui/properties/row.rs:190:1
    |
190 | / pub struct ColorRowOutcome {
191 | |     pub start_color: Option<[f32; 4]>,
192 | |     pub end_color: Option<[f32; 4]>,
193 | |     pub start_commit: bool,
...   |
197 | |     pub label_clicked: bool,
198 | | }
    | |_^
    |
    = help: consider using a state machine or refactoring bools into two-variant enums
    = help: for further information visit https://rust-lang.github.io/rust-clippy/rust-1.98.0/index.html#struct_excessive_bools

warning: adding items after statements is confusing, since items exist from the start of the scope
   --> src/ui/properties/row.rs:239:5
    |
239 |     const BOX_W: f32 = 70.0;
    |     ^^^^^^^^^^^^^^^^^^^^^^^^
    |
    = help: for further information visit https://rust-lang.github.io/rust-clippy/rust-1.98.0/index.html#items_after_statements

warning: adding items after statements is confusing, since items exist from the start of the scope
   --> src/ui/properties/row.rs:240:5
    |
240 |     const SLIDER_MIN_W: f32 = 60.0;
    |     ^^^^^^^^^^^^^^^^^^^^^^^^^^^^^^^
    |
    = help: for further information visit https://rust-lang.github.io/rust-clippy/rust-1.98.0/index.html#items_after_statements

warning: casting `f32` to `u8` may truncate the value
   --> src/ui/properties/row.rs:227:9
    |
227 |         (start_value[0] * 255.0).round() as u8,
    |         ^^^^^^^^^^^^^^^^^^^^^^^^^^^^^^^^^^^^^^
    |
    = help: if this is intentional allow the lint with `#[allow(clippy::cast_possible_truncation)]` ...
    = help: for further information visit https://rust-lang.github.io/rust-clippy/rust-1.98.0/index.html#cast_possible_truncation

warning: casting `f32` to `u8` may lose the sign of the value
   --> src/ui/properties/row.rs:227:9
    |
227 |         (start_value[0] * 255.0).round() as u8,
    |         ^^^^^^^^^^^^^^^^^^^^^^^^^^^^^^^^^^^^^^
    |
    = help: for further information visit https://rust-lang.github.io/rust-clippy/rust-1.98.0/index.html#cast_sign_loss

warning: casting `f32` to `u8` may truncate the value
   --> src/ui/properties/row.rs:228:9
    |
228 |         (start_value[1] * 255.0).round() as u8,
    |         ^^^^^^^^^^^^^^^^^^^^^^^^^^^^^^^^^^^^^^
    |
    = help: if this is intentional allow the lint with `#[allow(clippy::cast_possible_truncation)]` ...
    = help: for further information visit https://rust-lang.github.io/rust-clippy/rust-1.98.0/index.html#cast_possible_truncation

warning: casting `f32` to `u8` may lose the sign of the value
   --> src/ui/properties/row.rs:228:9
    |
228 |         (start_value[1] * 255.0).round() as u8,
    |         ^^^^^^^^^^^^^^^^^^^^^^^^^^^^^^^^^^^^^^
    |
    = help: for further information visit https://rust-lang.github.io/rust-clippy/rust-1.98.0/index.html#cast_sign_loss

warning: casting `f32` to `u8` may truncate the value
   --> src/ui/properties/row.rs:229:9
    |
229 |         (start_value[2] * 255.0).round() as u8,
    |         ^^^^^^^^^^^^^^^^^^^^^^^^^^^^^^^^^^^^^^
    |
    = help: if this is intentional allow the lint with `#[allow(clippy::cast_possible_truncation)]` ...
    = help: for further information visit https://rust-lang.github.io/rust-clippy/rust-1.98.0/index.html#cast_possible_truncation

warning: casting `f32` to `u8` may lose the sign of the value
   --> src/ui/properties/row.rs:229:9
    |
229 |         (start_value[2] * 255.0).round() as u8,
    |         ^^^^^^^^^^^^^^^^^^^^^^^^^^^^^^^^^^^^^^
    |
    = help: for further information visit https://rust-lang.github.io/rust-clippy/rust-1.98.0/index.html#cast_sign_loss

warning: casting `f32` to `u8` may truncate the value
   --> src/ui/properties/row.rs:230:9
    |
230 |         (start_value[3] * 255.0).round() as u8,
    |         ^^^^^^^^^^^^^^^^^^^^^^^^^^^^^^^^^^^^^^
    |
    = help: if this is intentional allow the lint with `#[allow(clippy::cast_possible_truncation)]` ...
    = help: for further information visit https://rust-lang.github.io/rust-clippy/rust-1.98.0/index.html#cast_possible_truncation

warning: casting `f32` to `u8` may lose the sign of the value
   --> src/ui/properties/row.rs:230:9
    |
230 |         (start_value[3] * 255.0).round() as u8,
    |         ^^^^^^^^^^^^^^^^^^^^^^^^^^^^^^^^^^^^^^
    |
    = help: for further information visit https://rust-lang.github.io/rust-clippy/rust-1.98.0/index.html#cast_sign_loss

warning: casting `f32` to `u8` may truncate the value
   --> src/ui/properties/row.rs:233:9
    |
233 |         (end_value[0] * 255.0).round() as u8,
    |         ^^^^^^^^^^^^^^^^^^^^^^^^^^^^^^^^^^^^
    |
    = help: if this is intentional allow the lint with `#[allow(clippy::cast_possible_truncation)]` ...
    = help: for further information visit https://rust-lang.github.io/rust-clippy/rust-1.98.0/index.html#cast_possible_truncation

warning: casting `f32` to `u8` may lose the sign of the value
   --> src/ui/properties/row.rs:233:9
    |
233 |         (end_value[0] * 255.0).round() as u8,
    |         ^^^^^^^^^^^^^^^^^^^^^^^^^^^^^^^^^^^^
    |
    = help: for further information visit https://rust-lang.github.io/rust-clippy/rust-1.98.0/index.html#cast_sign_loss

warning: casting `f32` to `u8` may truncate the value
   --> src/ui/properties/row.rs:234:9
    |
234 |         (end_value[1] * 255.0).round() as u8,
    |         ^^^^^^^^^^^^^^^^^^^^^^^^^^^^^^^^^^^^
    |
    = help: if this is intentional allow the lint with `#[allow(clippy::cast_possible_truncation)]` ...
    = help: for further information visit https://rust-lang.github.io/rust-clippy/rust-1.98.0/index.html#cast_possible_truncation

warning: casting `f32` to `u8` may lose the sign of the value
   --> src/ui/properties/row.rs:234:9
    |
234 |         (end_value[1] * 255.0).round() as u8,
    |         ^^^^^^^^^^^^^^^^^^^^^^^^^^^^^^^^^^^^
    |
    = help: for further information visit https://rust-lang.github.io/rust-clippy/rust-1.98.0/index.html#cast_sign_loss

warning: casting `f32` to `u8` may truncate the value
   --> src/ui/properties/row.rs:235:9
    |
235 |         (end_value[2] * 255.0).round() as u8,
    |         ^^^^^^^^^^^^^^^^^^^^^^^^^^^^^^^^^^^^
    |
    = help: if this is intentional allow the lint with `#[allow(clippy::cast_possible_truncation)]` ...
    = help: for further information visit https://rust-lang.github.io/rust-clippy/rust-1.98.0/index.html#cast_possible_truncation

warning: casting `f32` to `u8` may lose the sign of the value
   --> src/ui/properties/row.rs:235:9
    |
235 |         (end_value[2] * 255.0).round() as u8,
    |         ^^^^^^^^^^^^^^^^^^^^^^^^^^^^^^^^^^^^
    |
    = help: for further information visit https://rust-lang.github.io/rust-clippy/rust-1.98.0/index.html#cast_sign_loss

warning: casting `f32` to `u8` may truncate the value
   --> src/ui/properties/row.rs:236:9
    |
236 |         (end_value[3] * 255.0).round() as u8,
    |         ^^^^^^^^^^^^^^^^^^^^^^^^^^^^^^^^^^^^
    |
    = help: if this is intentional allow the lint with `#[allow(clippy::cast_possible_truncation)]` ...
    = help: for further information visit https://rust-lang.github.io/rust-clippy/rust-1.98.0/index.html#cast_possible_truncation

warning: casting `f32` to `u8` may lose the sign of the value
   --> src/ui/properties/row.rs:236:9
    |
236 |         (end_value[3] * 255.0).round() as u8,
    |         ^^^^^^^^^^^^^^^^^^^^^^^^^^^^^^^^^^^^
    |
    = help: for further information visit https://rust-lang.github.io/rust-clippy/rust-1.98.0/index.html#cast_sign_loss

warning: indexing may panic
   --> src/ui/properties/sections.rs:147:12
    |
147 |         if track[i].is_empty() {
    |            ^^^^^^^^
    |
    = help: consider using `.get(n)` or `.get_mut(n)` instead
    = help: for further information visit https://rust-lang.github.io/rust-clippy/rust-1.98.0/index.html#indexing_slicing

warning: indexing may panic
   --> src/ui/properties/sections.rs:150:22
    |
150 |                 key: keys[i].to_string(),
    |                      ^^^^^^^
    |
    = help: consider using `.get(n)` or `.get_mut(n)` instead
    = help: for further information visit https://rust-lang.github.io/rust-clippy/rust-1.98.0/index.html#indexing_slicing

warning: indexing may panic
   --> src/ui/properties/sections.rs:152:85
    |
152 |             track[i] = super::easing_editor::seed_start(world, &target, clip_start, base_value[i]);
    |                                                                                     ^^^^^^^^^^^^^
    |
    = help: consider using `.get(n)` or `.get_mut(n)` instead
    = help: for further information visit https://rust-lang.github.io/rust-clippy/rust-1.98.0/index.html#indexing_slicing

warning: indexing may panic
   --> src/ui/properties/sections.rs:152:13
    |
152 |             track[i] = super::easing_editor::seed_start(world, &target, clip_start, base_value[i]);
    |             ^^^^^^^^
    |
    = help: consider using `.get(n)` or `.get_mut(n)` instead
    = help: for further information visit https://rust-lang.github.io/rust-clippy/rust-1.98.0/index.html#indexing_slicing

warning: indexing may panic
   --> src/ui/properties/sections.rs:168:37
    |
168 |             let (e, p) = engine_of(&track[i], segments[i].start_frame);
    |                                     ^^^^^^^^
    |
    = help: consider using `.get(n)` or `.get_mut(n)` instead
    = help: for further information visit https://rust-lang.github.io/rust-clippy/rust-1.98.0/index.html#indexing_slicing

warning: indexing may panic
   --> src/ui/properties/sections.rs:168:47
    |
168 |             let (e, p) = engine_of(&track[i], segments[i].start_frame);
    |                                               ^^^^^^^^^^^
    |
    = help: consider using `.get(n)` or `.get_mut(n)` instead
    = help: for further information visit https://rust-lang.github.io/rust-clippy/rust-1.98.0/index.html#indexing_slicing

warning: indexing may panic
   --> src/ui/properties/sections.rs:169:43
    |
169 |             world.set_keyframe(object_id, keys[i], segments[i].start_frame, c[i], e, p);
    |                                           ^^^^^^^
    |
    = help: consider using `.get(n)` or `.get_mut(n)` instead
    = help: for further information visit https://rust-lang.github.io/rust-clippy/rust-1.98.0/index.html#indexing_slicing

warning: indexing may panic
   --> src/ui/properties/sections.rs:169:52
    |
169 |             world.set_keyframe(object_id, keys[i], segments[i].start_frame, c[i], e, p);
    |                                                    ^^^^^^^^^^^
    |
    = help: consider using `.get(n)` or `.get_mut(n)` instead
    = help: for further information visit https://rust-lang.github.io/rust-clippy/rust-1.98.0/index.html#indexing_slicing

warning: indexing may panic
   --> src/ui/properties/sections.rs:169:77
    |
169 |             world.set_keyframe(object_id, keys[i], segments[i].start_frame, c[i], e, p);
    |                                                                             ^^^^
    |
    = help: consider using `.get(n)` or `.get_mut(n)` instead
    = help: for further information visit https://rust-lang.github.io/rust-clippy/rust-1.98.0/index.html#indexing_slicing

warning: indexing may panic
   --> src/ui/properties/sections.rs:174:32
    |
174 |             let end_frame = if track[i].len() < 2 && clip_end > segments[i].start_frame {
    |                                ^^^^^^^^
    |
    = help: consider using `.get(n)` or `.get_mut(n)` instead
    = help: for further information visit https://rust-lang.github.io/rust-clippy/rust-1.98.0/index.html#indexing_slicing

warning: indexing may panic
   --> src/ui/properties/sections.rs:174:65
    |
174 |             let end_frame = if track[i].len() < 2 && clip_end > segments[i].start_frame {
    |                                                                 ^^^^^^^^^^^
    |
    = help: consider using `.get(n)` or `.get_mut(n)` instead
    = help: for further information visit https://rust-lang.github.io/rust-clippy/rust-1.98.0/index.html#indexing_slicing

warning: indexing may panic
   --> src/ui/properties/sections.rs:177:17
    |
177 |                 segments[i].end_frame
    |                 ^^^^^^^^^^^
    |
    = help: consider using `.get(n)` or `.get_mut(n)` instead
    = help: for further information visit https://rust-lang.github.io/rust-clippy/rust-1.98.0/index.html#indexing_slicing

warning: indexing may panic
   --> src/ui/properties/sections.rs:179:37
    |
179 |             let (e, p) = engine_of(&track[i], end_frame);
    |                                     ^^^^^^^^
    |
    = help: consider using `.get(n)` or `.get_mut(n)` instead
    = help: for further information visit https://rust-lang.github.io/rust-clippy/rust-1.98.0/index.html#indexing_slicing

warning: indexing may panic
   --> src/ui/properties/sections.rs:180:43
    |
180 |             world.set_keyframe(object_id, keys[i], end_frame, c[i], e, p);
    |                                           ^^^^^^^
    |
    = help: consider using `.get(n)` or `.get_mut(n)` instead
    = help: for further information visit https://rust-lang.github.io/rust-clippy/rust-1.98.0/index.html#indexing_slicing

warning: indexing may panic
   --> src/ui/properties/sections.rs:180:63
    |
180 |             world.set_keyframe(object_id, keys[i], end_frame, c[i], e, p);
    |                                                               ^^^^
    |
    = help: consider using `.get(n)` or `.get_mut(n)` instead
    = help: for further information visit https://rust-lang.github.io/rust-clippy/rust-1.98.0/index.html#indexing_slicing

warning: indexing may panic
   --> src/ui/properties/sections.rs:240:14
    |
240 |         key: keys[i].to_string(),
    |              ^^^^^^^
    |
    = help: consider using `.get(n)` or `.get_mut(n)` instead
    = help: for further information visit https://rust-lang.github.io/rust-clippy/rust-1.98.0/index.html#indexing_slicing

warning: indexing may panic
   --> src/ui/properties/sections.rs:244:50
    |
244 |         std::array::from_fn(|i| resolve_segment(&track[i], current_frame, base_value[i]));
    |                                                  ^^^^^^^^
    |
    = help: consider using `.get(n)` or `.get_mut(n)` instead
    = help: for further information visit https://rust-lang.github.io/rust-clippy/rust-1.98.0/index.html#indexing_slicing

warning: indexing may panic
   --> src/ui/properties/sections.rs:244:75
    |
244 |         std::array::from_fn(|i| resolve_segment(&track[i], current_frame, base_value[i]));
    |                                                                           ^^^^^^^^^^^^^
    |
    = help: consider using `.get(n)` or `.get_mut(n)` instead
    = help: for further information visit https://rust-lang.github.io/rust-clippy/rust-1.98.0/index.html#indexing_slicing

warning: indexing may panic
   --> src/ui/properties/sections.rs:291:13
    |
291 |             track[i]
    |             ^^^^^^^^
    |
    = help: consider using `.get(n)` or `.get_mut(n)` instead
    = help: for further information visit https://rust-lang.github.io/rust-clippy/rust-1.98.0/index.html#indexing_slicing

warning: indexing may panic
   --> src/ui/properties/sections.rs:294:25
    |
294 |                 .map_or(base_value[i], |k| k.value)
    |                         ^^^^^^^^^^^^^
    |
    = help: consider using `.get(n)` or `.get_mut(n)` instead
    = help: for further information visit https://rust-lang.github.io/rust-clippy/rust-1.98.0/index.html#indexing_slicing

warning: indexing may panic
   --> src/ui/properties/sections.rs:412:38
    |
412 |                     let mut family = stack[row].clone();
    |                                      ^^^^^^^^^^
    |
    = help: consider using `.get(n)` or `.get_mut(n)` instead
    = help: for further information visit https://rust-lang.github.io/rust-clippy/rust-1.98.0/index.html#indexing_slicing

warning: indexing may panic
   --> src/ui/properties/sections.rs:418:25
    |
418 |                         stack[row] = new_family;
    |                         ^^^^^^^^^^
    |
    = help: consider using `.get(n)` or `.get_mut(n)` instead
    = help: for further information visit https://rust-lang.github.io/rust-clippy/rust-1.98.0/index.html#indexing_slicing

warning: these match arms have identical bodies
   --> src/ui/properties/sections.rs:513:13
    |
513 |             ParamKind::Text => {}
    |             ^^^^^^^^^^^^^^^^^^^^^
...
557 |             _ => {}
    |             ^^^^^^^ the wildcard arm
    |
    = help: if this is unintentional make the arms return different values
    = help: for further information visit https://rust-lang.github.io/rust-clippy/rust-1.98.0/index.html#match_same_arms
help: otherwise remove the non-wildcard arm
    |
513 -             ParamKind::Text => {}
    |

warning: indexing may panic
   --> src/ui/properties/sections.rs:610:76
    |
610 |         let base_value: [f32; 4] = std::array::from_fn(|i| shape.get_param(keys[i]).unwrap_or(0.0));
    |                                                                            ^^^^^^^
    |
    = help: consider using `.get(n)` or `.get_mut(n)` instead
    = help: for further information visit https://rust-lang.github.io/rust-clippy/rust-1.98.0/index.html#indexing_slicing

warning: indexing may panic
   --> src/ui/properties/sections.rs:612:61
    |
612 |             std::array::from_fn(|i| world.get_keyframes(id, keys[i]));
    |                                                             ^^^^^^^
    |
    = help: consider using `.get(n)` or `.get_mut(n)` instead
    = help: for further information visit https://rust-lang.github.io/rust-clippy/rust-1.98.0/index.html#indexing_slicing

warning: arithmetic operation that can potentially result in unexpected side-effects
    --> src/ui/properties/sections.rs:1033:13
     |
1033 |             last.0 + 30,
     |             ^^^^^^^^^^^
     |
     = help: for further information visit https://rust-lang.github.io/rust-clippy/rust-1.98.0/index.html#arithmetic_side_effects

warning: indexing may panic
  --> src/ui/properties/segment.rs:32:28
   |
32 |             let (a, b) = (&owned[loc.section], &owned[loc.section + 1]);
   |                            ^^^^^^^^^^^^^^^^^^
   |
   = help: consider using `.get(n)` or `.get_mut(n)` instead
   = help: for further information visit https://rust-lang.github.io/rust-clippy/rust-1.98.0/index.html#indexing_slicing

warning: indexing may panic
  --> src/ui/properties/segment.rs:32:49
   |
32 |             let (a, b) = (&owned[loc.section], &owned[loc.section + 1]);
   |                                                 ^^^^^^^^^^^^^^^^^^^^^^
   |
   = help: consider using `.get(n)` or `.get_mut(n)` instead
   = help: for further information visit https://rust-lang.github.io/rust-clippy/rust-1.98.0/index.html#indexing_slicing

warning: arithmetic operation that can potentially result in unexpected side-effects
  --> src/ui/properties/segment.rs:32:55
   |
32 |             let (a, b) = (&owned[loc.section], &owned[loc.section + 1]);
   |                                                       ^^^^^^^^^^^^^^^
   |
   = help: for further information visit https://rust-lang.github.io/rust-clippy/rust-1.98.0/index.html#arithmetic_side_effects

warning: arithmetic operation that can potentially result in unexpected side-effects
  --> src/ui/properties/track.rs:22:21
   |
22 |         let delta = self.to - self.from;
   |                     ^^^^^^^^^^^^^^^^^^^
   |
   = help: for further information visit https://rust-lang.github.io/rust-clippy/rust-1.98.0/index.html#arithmetic_side_effects

warning: very complex type used. Consider factoring parts into `type` definitions
  --> src/ui/properties/track.rs:57:21
   |
57 |   static CONTEXT_HIT: std::sync::Mutex<
   |  _____________________^
58 | |     Option<std::collections::HashMap<egui::Id, (Option<(usize, i32, f32)>, f32)>>,
59 | | > = std::sync::Mutex::new(None);
   | |_^
   |
   = help: for further information visit https://rust-lang.github.io/rust-clippy/rust-1.98.0/index.html#type_complexity

warning: this function has too many arguments (9/7)
  --> src/ui/properties/track.rs:61:1
   |
61 | / pub fn keyframe_track(
62 | |     ui: &mut egui::Ui,
63 | |     id_source: impl std::hash::Hash + std::fmt::Debug,
64 | |     boundary_frames: &[i32],
...  |
70 | |     is_real: impl Fn(i32) -> bool,
71 | | ) -> TrackOutcome {
   | |_________________^
   |
   = help: for further information visit https://rust-lang.github.io/rust-clippy/rust-1.98.0/index.html#too_many_arguments

warning: this function has too many arguments (10/7)
  --> src/ui/properties/track.rs:86:1
   |
86 | / pub fn keyframe_track_colored(
87 | |     ui: &mut egui::Ui,
88 | |     id_source: impl std::hash::Hash + std::fmt::Debug,
89 | |     boundary_frames: &[i32],
...  |
96 | |     is_real: impl Fn(i32) -> bool,
97 | | ) -> TrackOutcome {
   | |_________________^
   |
   = help: for further information visit https://rust-lang.github.io/rust-clippy/rust-1.98.0/index.html#too_many_arguments

warning: this function has too many lines (162/100)
  --> src/ui/properties/track.rs:86:1
   |
86 | / pub fn keyframe_track_colored(
87 | |     ui: &mut egui::Ui,
88 | |     id_source: impl std::hash::Hash + std::fmt::Debug,
89 | |     boundary_frames: &[i32],
...  |
96 | |     is_real: impl Fn(i32) -> bool,
97 | | ) -> TrackOutcome {
   | |_________________^
   |
   = help: for further information visit https://rust-lang.github.io/rust-clippy/rust-1.98.0/index.html#too_many_lines

warning: casting `i32` to `f32` may cause a loss of precision (`i32` is 32 bits wide, but `f32`'s mantissa is only 23 bits wide)
   --> src/ui/properties/track.rs:104:16
    |
104 |     let span = (clip_end - clip_start).max(1) as f32;
    |                ^^^^^^^^^^^^^^^^^^^^^^^^^^^^^^^^^^^^^
    |
    = help: for further information visit https://rust-lang.github.io/rust-clippy/rust-1.98.0/index.html#cast_precision_loss

warning: arithmetic operation that can potentially result in unexpected side-effects
   --> src/ui/properties/track.rs:104:16
    |
104 |     let span = (clip_end - clip_start).max(1) as f32;
    |                ^^^^^^^^^^^^^^^^^^^^^^^
    |
    = help: for further information visit https://rust-lang.github.io/rust-clippy/rust-1.98.0/index.html#arithmetic_side_effects

warning: casting `i32` to `f32` may cause a loss of precision (`i32` is 32 bits wide, but `f32`'s mantissa is only 23 bits wide)
   --> src/ui/properties/track.rs:105:26
    |
105 |     let frac = |f: i32| ((f - clip_start) as f32 / span).clamp(0.0, 1.0);
    |                          ^^^^^^^^^^^^^^^^^^^^^^^
    |
    = help: for further information visit https://rust-lang.github.io/rust-clippy/rust-1.98.0/index.html#cast_precision_loss

warning: arithmetic operation that can potentially result in unexpected side-effects
   --> src/ui/properties/track.rs:105:26
    |
105 |     let frac = |f: i32| ((f - clip_start) as f32 / span).clamp(0.0, 1.0);
    |                          ^^^^^^^^^^^^^^^^
    |
    = help: for further information visit https://rust-lang.github.io/rust-clippy/rust-1.98.0/index.html#arithmetic_side_effects

warning: arithmetic operation that can potentially result in unexpected side-effects
   --> src/ui/properties/track.rs:109:9
    |
109 |         clip_start + (t * span + 0.5) as i32
    |         ^^^^^^^^^^^^^^^^^^^^^^^^^^^^^^^^^^^^
    |
    = help: for further information visit https://rust-lang.github.io/rust-clippy/rust-1.98.0/index.html#arithmetic_side_effects

warning: casting `f32` to `i32` may truncate the value
   --> src/ui/properties/track.rs:109:22
    |
109 |         clip_start + (t * span + 0.5) as i32
    |                      ^^^^^^^^^^^^^^^^^^^^^^^
    |
    = help: if this is intentional allow the lint with `#[allow(clippy::cast_possible_truncation)]` ...
    = help: for further information visit https://rust-lang.github.io/rust-clippy/rust-1.98.0/index.html#cast_possible_truncation

warning: this `if` statement can be collapsed
   --> src/ui/properties/track.rs:170:9
    |
170 | /         if dragging_origin.is_none() {
171 | |             if let Some(pos) = response.hover_pos().or(response.interact_pointer_pos()) {
172 | |                 let d = (pos.x - px).abs();
173 | |                 if d <= POINT_RADIUS * 2.5 && nearest.map(|(_, _, nd)| d < nd).unwrap_or(true) {
...   |
177 | |         }
    | |_________^
    |
    = help: for further information visit https://rust-lang.github.io/rust-clippy/rust-1.98.0/index.html#collapsible_if
help: collapse nested if block
    |
170 ~         if dragging_origin.is_none()
171 ~             && let Some(pos) = response.hover_pos().or(response.interact_pointer_pos()) {
172 |                 let d = (pos.x - px).abs();
...
175 |                 }
176 ~             }
    |

warning: called `map(<f>).unwrap_or(<a>)` on an `Option` value
   --> src/ui/properties/track.rs:173:47
    |
173 |                 if d <= POINT_RADIUS * 2.5 && nearest.map(|(_, _, nd)| d < nd).unwrap_or(true) {
    |                                               ^^^^^^^^^^^^^^^^^^^^^^^^^^^^^^^^^^^^^^^^^^^^^^^^
    |
    = help: for further information visit https://rust-lang.github.io/rust-clippy/rust-1.98.0/index.html#map_unwrap_or
help: use `map_or(<a>, <f>)` instead
    |
173 -                 if d <= POINT_RADIUS * 2.5 && nearest.map(|(_, _, nd)| d < nd).unwrap_or(true) {
173 +                 if d <= POINT_RADIUS * 2.5 && nearest.map_or(true, |(_, _, nd)| d < nd) {
    |

warning: this `if` statement can be collapsed
   --> src/ui/properties/track.rs:182:5
    |
182 | /     if response.drag_started() {
183 | |         if let Some((idx, f, _)) = nearest {
184 | |             if !drag_locked(idx, f) {
185 | |                 origins.insert(track_id, f);
...   |
188 | |     }
    | |_____^
    |
    = help: for further information visit https://rust-lang.github.io/rust-clippy/rust-1.98.0/index.html#collapsible_if
help: collapse nested if block
    |
182 ~     if response.drag_started()
183 ~         && let Some((idx, f, _)) = nearest {
184 |             if !drag_locked(idx, f) {
185 |                 origins.insert(track_id, f);
186 |             }
187 ~         }
    |

warning: this `if` statement can be collapsed
   --> src/ui/properties/track.rs:183:9
    |
183 | /         if let Some((idx, f, _)) = nearest {
184 | |             if !drag_locked(idx, f) {
185 | |                 origins.insert(track_id, f);
186 | |             }
187 | |         }
    | |_________^
    |
    = help: for further information visit https://rust-lang.github.io/rust-clippy/rust-1.98.0/index.html#collapsible_if
help: collapse nested if block
    |
183 ~         if let Some((idx, f, _)) = nearest
184 ~             && !drag_locked(idx, f) {
185 |                 origins.insert(track_id, f);
186 ~             }
    |

warning: this `if` statement can be collapsed
   --> src/ui/properties/track.rs:189:5
    |
189 | /     if response.drag_stopped() {
190 | |         if let (Some(origin), Some(pos)) =
191 | |             (origins.remove(&track_id), response.interact_pointer_pos())
...   |
208 | |     }
    | |_____^
    |
    = help: for further information visit https://rust-lang.github.io/rust-clippy/rust-1.98.0/index.html#collapsible_if
help: collapse nested if block
    |
189 ~     if response.drag_stopped()
190 ~         && let (Some(origin), Some(pos)) =
191 |             (origins.remove(&track_id), response.interact_pointer_pos())
...
206 |             }
207 ~         }
    |

warning: this `if` statement can be collapsed
   --> src/ui/properties/track.rs:209:5
    |
209 | /     if response.clicked() && !origins.contains_key(&track_id) {
210 | |         if let Some(pos) = response.interact_pointer_pos() {
211 | |             out.point_clicked = match nearest {
212 | |                 Some((_, f, _)) => Some(f),
...   |
216 | |     }
    | |_____^
    |
    = help: for further information visit https://rust-lang.github.io/rust-clippy/rust-1.98.0/index.html#collapsible_if
help: collapse nested if block
    |
209 ~     if response.clicked() && !origins.contains_key(&track_id)
210 ~         && let Some(pos) = response.interact_pointer_pos() {
211 |             out.point_clicked = match nearest {
...
214 |             };
215 ~         }
    |

warning: this `if` statement can be collapsed
   --> src/ui/properties/track.rs:222:5
    |
222 | /     if response.secondary_clicked() {
223 | |         if let Some(pos) = response.interact_pointer_pos() {
224 | |             let mut hits = CONTEXT_HIT.lock().unwrap();
225 | |             let hits = hits.get_or_insert_with(std::collections::HashMap::new);
...   |
228 | |     }
    | |_____^
    |
    = help: for further information visit https://rust-lang.github.io/rust-clippy/rust-1.98.0/index.html#collapsible_if
help: collapse nested if block
    |
222 ~     if response.secondary_clicked()
223 ~         && let Some(pos) = response.interact_pointer_pos() {
224 |             let mut hits = CONTEXT_HIT.lock().unwrap();
225 |             let hits = hits.get_or_insert_with(std::collections::HashMap::new);
226 |             hits.insert(track_id, (nearest, pos.x));
227 ~         }
    |

warning: casting `i32` to `usize` may lose the sign of the value
  --> src/ui/properties/mod.rs:79:70
   |
79 |         if let Some(sel) = objects.iter().find(|o| world.is_selected(o.id as usize)) {
   |                                                                      ^^^^^^^^^^^^^
   |
   = help: for further information visit https://rust-lang.github.io/rust-clippy/rust-1.98.0/index.html#cast_sign_loss

warning: casting `i32` to `usize` may lose the sign of the value
  --> src/ui/properties/mod.rs:80:34
   |
80 |             self.selected = Some(sel.id as usize);
   |                                  ^^^^^^^^^^^^^^^
   |
   = help: for further information visit https://rust-lang.github.io/rust-clippy/rust-1.98.0/index.html#cast_sign_loss

warning: casting `i32` to `usize` may lose the sign of the value
  --> src/ui/properties/mod.rs:84:53
   |
84 |             self.selected = objects.first().map(|o| o.id as usize);
   |                                                     ^^^^^^^^^^^^^
   |
   = help: for further information visit https://rust-lang.github.io/rust-clippy/rust-1.98.0/index.html#cast_sign_loss

warning: arithmetic operation that can potentially result in unexpected side-effects
  --> src/ui/scene_settings.rs:67:47
   |
67 |         self.scene_name = format!("Scene {}", count + 1);
   |                                               ^^^^^^^^^
   |
   = help: for further information visit https://rust-lang.github.io/rust-clippy/rust-1.98.0/index.html#arithmetic_side_effects

warning: casting `u32` to `i32` may wrap around the value
  --> src/ui/scene_settings.rs:68:28
   |
68 |         self.scene_width = project.width as i32;
   |                            ^^^^^^^^^^^^^^^^^^^^ help: if this is intentional, use `cast_signed()` instead: `project.width.cast_signed()`
   |
   = help: for further information visit https://rust-lang.github.io/rust-clippy/rust-1.98.0/index.html#cast_possible_wrap

warning: casting `u32` to `i32` may wrap around the value
  --> src/ui/scene_settings.rs:69:29
   |
69 |         self.scene_height = project.height as i32;
   |                             ^^^^^^^^^^^^^^^^^^^^^ help: if this is intentional, use `cast_signed()` instead: `project.height.cast_signed()`
   |
   = help: for further information visit https://rust-lang.github.io/rust-clippy/rust-1.98.0/index.html#cast_possible_wrap

warning: casting `u32` to `f32` may cause a loss of precision (`u32` is 32 bits wide, but `f32`'s mantissa is only 23 bits wide)
  --> src/ui/scene_settings.rs:70:26
   |
70 |         self.scene_fps = project.fps as f32;
   |                          ^^^^^^^^^^^^^^^^^^
   |
   = help: for further information visit https://rust-lang.github.io/rust-clippy/rust-1.98.0/index.html#cast_precision_loss

warning: casting `u32` to `i32` may wrap around the value
  --> src/ui/scene_settings.rs:92:28
   |
92 |         self.scene_width = s.width as i32;
   |                            ^^^^^^^^^^^^^^ help: if this is intentional, use `cast_signed()` instead: `s.width.cast_signed()`
   |
   = help: for further information visit https://rust-lang.github.io/rust-clippy/rust-1.98.0/index.html#cast_possible_wrap

warning: casting `u32` to `i32` may wrap around the value
  --> src/ui/scene_settings.rs:93:29
   |
93 |         self.scene_height = s.height as i32;
   |                             ^^^^^^^^^^^^^^^ help: if this is intentional, use `cast_signed()` instead: `s.height.cast_signed()`
   |
   = help: for further information visit https://rust-lang.github.io/rust-clippy/rust-1.98.0/index.html#cast_possible_wrap

warning: casting `u32` to `f32` may cause a loss of precision (`u32` is 32 bits wide, but `f32`'s mantissa is only 23 bits wide)
  --> src/ui/scene_settings.rs:94:26
   |
94 |         self.scene_fps = s.fps as f32;
   |                          ^^^^^^^^^^^^
   |
   = help: for further information visit https://rust-lang.github.io/rust-clippy/rust-1.98.0/index.html#cast_precision_loss

warning: casting `i32` to `u32` may lose the sign of the value
   --> src/ui/scene_settings.rs:108:20
    |
108 |             width: self.scene_width.max(1) as u32,
    |                    ^^^^^^^^^^^^^^^^^^^^^^^^^^^^^^ help: if this is intentional, use `cast_unsigned()` instead: `self.scene_width.max(1).cast_unsigned()`
    |
    = help: for further information visit https://rust-lang.github.io/rust-clippy/rust-1.98.0/index.html#cast_sign_loss

warning: casting `i32` to `u32` may lose the sign of the value
   --> src/ui/scene_settings.rs:109:21
    |
109 |             height: self.scene_height.max(1) as u32,
    |                     ^^^^^^^^^^^^^^^^^^^^^^^^^^^^^^^ help: if this is intentional, use `cast_unsigned()` instead: `self.scene_height.max(1).cast_unsigned()`
    |
    = help: for further information visit https://rust-lang.github.io/rust-clippy/rust-1.98.0/index.html#cast_sign_loss

warning: casting `f32` to `u32` may truncate the value
   --> src/ui/scene_settings.rs:110:18
    |
110 |             fps: self.scene_fps.max(1.0) as u32,
    |                  ^^^^^^^^^^^^^^^^^^^^^^^^^^^^^^
    |
    = help: if this is intentional allow the lint with `#[allow(clippy::cast_possible_truncation)]` ...
    = help: for further information visit https://rust-lang.github.io/rust-clippy/rust-1.98.0/index.html#cast_possible_truncation

warning: casting `f32` to `u32` may lose the sign of the value
   --> src/ui/scene_settings.rs:110:18
    |
110 |             fps: self.scene_fps.max(1.0) as u32,
    |                  ^^^^^^^^^^^^^^^^^^^^^^^^^^^^^^
    |
    = help: for further information visit https://rust-lang.github.io/rust-clippy/rust-1.98.0/index.html#cast_sign_loss

warning: this function has too many lines (106/100)
   --> src/ui/scene_settings.rs:138:5
    |
138 |     pub fn show(&mut self, ctx: &Context, ui: &mut Ui, state: &SharedAppState) -> bool {
    |     ^^^^^^^^^^^^^^^^^^^^^^^^^^^^^^^^^^^^^^^^^^^^^^^^^^^^^^^^^^^^^^^^^^^^^^^^^^^^^^^^^^
    |
    = help: for further information visit https://rust-lang.github.io/rust-clippy/rust-1.98.0/index.html#too_many_lines

warning: strict comparison of `f32` or `f64`
  --> src/ui/system_settings/fields.rs:99:12
   |
99 |         if clamped != *value {
   |            ^^^^^^^^^^^^^^^^^ help: consider comparing them within some margin of error: `(clamped - *value).abs() > error_margin`
   |
   = help: for further information visit https://rust-lang.github.io/rust-clippy/rust-1.98.0/index.html#float_cmp

warning: casting `i32` to `usize` may lose the sign of the value
   --> src/ui/system_settings/fields.rs:125:31
    |
125 |                 let mut idx = (*selected).max(0) as usize;
    |                               ^^^^^^^^^^^^^^^^^^^^^^^^^^^
    |
    = help: for further information visit https://rust-lang.github.io/rust-clippy/rust-1.98.0/index.html#cast_sign_loss

warning: casting `usize` to `i32` may truncate the value on targets with 64-bit wide pointers
   --> src/ui/system_settings/fields.rs:131:33
    |
131 |                     *selected = idx as i32;
    |                                 ^^^^^^^^^^
    |
    = help: if this is intentional allow the lint with `#[allow(clippy::cast_possible_truncation)]` ...
    = help: for further information visit https://rust-lang.github.io/rust-clippy/rust-1.98.0/index.html#cast_possible_truncation
help: ... or use `try_from` and handle the error accordingly
    |
131 -                     *selected = idx as i32;
131 +                     *selected = i32::try_from(idx);
    |

warning: casting `usize` to `i32` may wrap around the value on targets with 32-bit wide pointers
   --> src/ui/system_settings/fields.rs:131:33
    |
131 |                     *selected = idx as i32;
    |                                 ^^^^^^^^^^
    |
    = help: for further information visit https://rust-lang.github.io/rust-clippy/rust-1.98.0/index.html#cast_possible_wrap

warning: indexing may panic
  --> src/ui/system_settings/helpers.rs:14:5
   |
14 |     super::window::CATEGORIES[index].0
   |     ^^^^^^^^^^^^^^^^^^^^^^^^^^^^^^^^
   |
   = help: consider using `.get(n)` or `.get_mut(n)` instead
   = help: for further information visit https://rust-lang.github.io/rust-clippy/rust-1.98.0/index.html#indexing_slicing

warning: casting `usize` to `i32` may truncate the value on targets with 64-bit wide pointers
  --> src/ui/system_settings/helpers.rs:73:52
   |
73 |     ids.iter().position(|i| i == id).map_or(0, |i| i as i32)
   |                                                    ^^^^^^^^
   |
   = help: if this is intentional allow the lint with `#[allow(clippy::cast_possible_truncation)]` ...
   = help: for further information visit https://rust-lang.github.io/rust-clippy/rust-1.98.0/index.html#cast_possible_truncation
help: ... or use `try_from` and handle the error accordingly
   |
73 -     ids.iter().position(|i| i == id).map_or(0, |i| i as i32)
73 +     ids.iter().position(|i| i == id).map_or(0, |i| i32::try_from(i))
   |

warning: casting `usize` to `i32` may wrap around the value on targets with 32-bit wide pointers
  --> src/ui/system_settings/helpers.rs:73:52
   |
73 |     ids.iter().position(|i| i == id).map_or(0, |i| i as i32)
   |                                                    ^^^^^^^^
   |
   = help: for further information visit https://rust-lang.github.io/rust-clippy/rust-1.98.0/index.html#cast_possible_wrap

warning: this function has too many lines (147/100)
  --> src/ui/system_settings/page_audio_update.rs:16:5
   |
16 |     pub(super) fn page_audio_plugins(&mut self, ui: &mut egui::Ui) {
   |     ^^^^^^^^^^^^^^^^^^^^^^^^^^^^^^^^^^^^^^^^^^^^^^^^^^^^^^^^^^^^^^
   |
   = help: for further information visit https://rust-lang.github.io/rust-clippy/rust-1.98.0/index.html#too_many_lines

warning: useless use of `format!`
   --> src/ui/system_settings/page_audio_update.rs:107:64
    |
107 | ...                   ui.label(t!("エラー: %{arg0}", arg0 = format!("{err}")));
    |                                                             ^^^^^^^^^^^^^^^^ help: consider using `.to_string()`: `err.to_string()`
    |
    = help: for further information visit https://rust-lang.github.io/rust-clippy/rust-1.98.0/index.html#useless_format

warning: this function has too many lines (136/100)
   --> src/ui/system_settings/page_audio_update.rs:175:5
    |
175 |     pub(super) fn page_update(&mut self, ui: &mut egui::Ui, world_holder: &Arc<Mutex<EcsWorld>>) {
    |     ^^^^^^^^^^^^^^^^^^^^^^^^^^^^^^^^^^^^^^^^^^^^^^^^^^^^^^^^^^^^^^^^^^^^^^^^^^^^^^^^^^^^^^^^^^^^
    |
    = help: for further information visit https://rust-lang.github.io/rust-clippy/rust-1.98.0/index.html#too_many_lines

warning: useless use of `format!`
   --> src/ui/system_settings/page_audio_update.rs:242:40
    |
242 | ...                   arg0 = format!("{}", info.version)
    |                              ^^^^^^^^^^^^^^^^^^^^^^^^^^^ help: consider using `.to_string()`: `info.version.to_string()`
    |
    = help: for further information visit https://rust-lang.github.io/rust-clippy/rust-1.98.0/index.html#useless_format

warning: useless use of `format!`
   --> src/ui/system_settings/page_audio_update.rs:289:64
    |
289 | ...                   ui.label(t!("エラー: %{arg0}", arg0 = format!("{err}")));
    |                                                             ^^^^^^^^^^^^^^^^ help: consider using `.to_string()`: `err.to_string()`
    |
    = help: for further information visit https://rust-lang.github.io/rust-clippy/rust-1.98.0/index.html#useless_format

warning: casting `i32` to `usize` may lose the sign of the value
  --> src/ui/system_settings/page_general.rs:61:22
   |
61 |                 .get(easing_engine_index as usize)
   |                      ^^^^^^^^^^^^^^^^^^^^^^^^^^^^
   |
   = help: for further information visit https://rust-lang.github.io/rust-clippy/rust-1.98.0/index.html#cast_sign_loss

warning: consider adding a `;` to the last statement for consistent formatting
  --> src/ui/system_settings/page_performance.rs:71:17
   |
71 |                 s.hw_decode_extra_frames = hw_decode_extra_frames
   |                 ^^^^^^^^^^^^^^^^^^^^^^^^^^^^^^^^^^^^^^^^^^^^^^^^^ help: add a `;` here: `s.hw_decode_extra_frames = hw_decode_extra_frames;`
   |
   = help: for further information visit https://rust-lang.github.io/rust-clippy/rust-1.98.0/index.html#semicolon_if_nothing_returned

warning: assigning the result of `Clone::clone()` may be inefficient
   --> src/ui/system_settings/page_performance.rs:101:13
    |
101 |             self.hw_device_type_priority = priority.clone();
    |             ^^^^^^^^^^^^^^^^^^^^^^^^^^^^^^^^^^^^^^^^^^^^^^^ help: use `clone_from()`: `self.hw_device_type_priority.clone_from(&priority)`
    |
    = help: for further information visit https://rust-lang.github.io/rust-clippy/rust-1.98.0/index.html#assigning_clones

warning: consider adding a `;` to the last statement for consistent formatting
   --> src/ui/system_settings/page_performance.rs:103:17
    |
103 |                 s.hw_device_type_priority = priority.clone()
    |                 ^^^^^^^^^^^^^^^^^^^^^^^^^^^^^^^^^^^^^^^^^^^^ help: add a `;` here: `s.hw_device_type_priority = priority.clone();`
    |
    = help: for further information visit https://rust-lang.github.io/rust-clippy/rust-1.98.0/index.html#semicolon_if_nothing_returned

warning: assigning the result of `Clone::clone()` may be inefficient
   --> src/ui/system_settings/page_performance.rs:103:17
    |
103 |                 s.hw_device_type_priority = priority.clone()
    |                 ^^^^^^^^^^^^^^^^^^^^^^^^^^^^^^^^^^^^^^^^^^^^ help: use `clone_from()`: `s.hw_device_type_priority.clone_from(&priority)`
    |
    = help: for further information visit https://rust-lang.github.io/rust-clippy/rust-1.98.0/index.html#assigning_clones

warning: assigning the result of `Clone::clone()` may be inefficient
   --> src/ui/system_settings/page_performance.rs:111:13
    |
111 |             self.hw_device_type_priority = defaults.clone();
    |             ^^^^^^^^^^^^^^^^^^^^^^^^^^^^^^^^^^^^^^^^^^^^^^^ help: use `clone_from()`: `self.hw_device_type_priority.clone_from(&defaults)`
    |
    = help: for further information visit https://rust-lang.github.io/rust-clippy/rust-1.98.0/index.html#assigning_clones

warning: consider adding a `;` to the last statement for consistent formatting
   --> src/ui/system_settings/page_performance.rs:113:17
    |
113 |                 s.hw_device_type_priority = defaults.clone()
    |                 ^^^^^^^^^^^^^^^^^^^^^^^^^^^^^^^^^^^^^^^^^^^^ help: add a `;` here: `s.hw_device_type_priority = defaults.clone();`
    |
    = help: for further information visit https://rust-lang.github.io/rust-clippy/rust-1.98.0/index.html#semicolon_if_nothing_returned

warning: assigning the result of `Clone::clone()` may be inefficient
   --> src/ui/system_settings/page_performance.rs:113:17
    |
113 |                 s.hw_device_type_priority = defaults.clone()
    |                 ^^^^^^^^^^^^^^^^^^^^^^^^^^^^^^^^^^^^^^^^^^^^ help: use `clone_from()`: `s.hw_device_type_priority.clone_from(&defaults)`
    |
    = help: for further information visit https://rust-lang.github.io/rust-clippy/rust-1.98.0/index.html#assigning_clones

warning: more than 3 bools in a struct
  --> src/ui/system_settings/window.rs:28:1
   |
28 | / pub struct SystemSettingsWindow {
29 | |     pub open: bool,
30 | |     pub(super) selected_category: i32,
...  |
56 | |     pub(super) save_status: String,
57 | | }
   | |_^
   |
   = help: consider using a state machine or refactoring bools into two-variant enums
   = help: for further information visit https://rust-lang.github.io/rust-clippy/rust-1.98.0/index.html#struct_excessive_bools

warning: unused `self` argument
   --> src/ui/system_settings/window.rs:109:9
    |
109 |         &self,
    |         ^^^^^
    |
    = help: consider refactoring to an associated function
    = help: for further information visit https://rust-lang.github.io/rust-clippy/rust-1.98.0/index.html#unused_self

warning: assigning the result of `Clone::clone()` may be inefficient
   --> src/ui/system_settings/window.rs:143:9
    |
143 |         self.hw_device_type_priority = loaded.hw_device_type_priority.clone();
    |         ^^^^^^^^^^^^^^^^^^^^^^^^^^^^^^^^^^^^^^^^^^^^^^^^^^^^^^^^^^^^^^^^^^^^^ help: use `clone_from()`: `self.hw_device_type_priority.clone_from(&loaded.hw_device_type_priority)`
    |
    = help: for further information visit https://rust-lang.github.io/rust-clippy/rust-1.98.0/index.html#assigning_clones

warning: consider adding a `;` to the last statement for consistent formatting
   --> src/ui/system_settings/window.rs:174:13
    |
174 | /             ui.footer_bar(|ui| {
175 | |                 let row_width = ui.available_width();
176 | |                 tui(ui, ui.id().with("system_settings_footer"))
177 | |                     .style(row_between_style(row_width))
...   |
201 | |                     });
202 | |             })
    | |______________^
    |
    = help: for further information visit https://rust-lang.github.io/rust-clippy/rust-1.98.0/index.html#semicolon_if_nothing_returned
help: add a `;` here
    |
174 |             ui.footer_bar(|ui| {
...
201 |                     });
202 ~             });
    |

warning: casting `usize` to `i32` may truncate the value on targets with 64-bit wide pointers
   --> src/ui/system_settings/window.rs:215:48
    |
215 |                         self.category_item(ui, i as i32, label, icon);
    |                                                ^^^^^^^^
    |
    = help: if this is intentional allow the lint with `#[allow(clippy::cast_possible_truncation)]` ...
    = help: for further information visit https://rust-lang.github.io/rust-clippy/rust-1.98.0/index.html#cast_possible_truncation
help: ... or use `try_from` and handle the error accordingly
    |
215 -                         self.category_item(ui, i as i32, label, icon);
215 +                         self.category_item(ui, i32::try_from(i), label, icon);
    |

warning: casting `usize` to `i32` may wrap around the value on targets with 32-bit wide pointers
   --> src/ui/system_settings/window.rs:215:48
    |
215 |                         self.category_item(ui, i as i32, label, icon);
    |                                                ^^^^^^^^
    |
    = help: for further information visit https://rust-lang.github.io/rust-clippy/rust-1.98.0/index.html#cast_possible_wrap

warning: consider adding a `;` to the last statement for consistent formatting
   --> src/ui/system_settings/window.rs:221:13
    |
221 | /             ui.header_bar(|ui| {
222 | |                 ui.heading(page_title(tr(category_label(
223 | |                     self.selected_category as usize,
224 | |                 ))));
225 | |             })
    | |______________^
    |
    = help: for further information visit https://rust-lang.github.io/rust-clippy/rust-1.98.0/index.html#semicolon_if_nothing_returned
help: add a `;` here
    |
221 |             ui.header_bar(|ui| {
...
224 |                 ))));
225 ~             });
    |

warning: casting `i32` to `usize` may lose the sign of the value
   --> src/ui/system_settings/window.rs:223:21
    |
223 |                     self.selected_category as usize,
    |                     ^^^^^^^^^^^^^^^^^^^^^^^^^^^^^^^
    |
    = help: for further information visit https://rust-lang.github.io/rust-clippy/rust-1.98.0/index.html#cast_sign_loss

warning: casting `i32` to `usize` may lose the sign of the value
   --> src/ui/system_settings/window.rs:254:34
    |
254 |         let is_update_category = index as usize == CATEGORIES.len() - 1;
    |                                  ^^^^^^^^^^^^^^
    |
    = help: for further information visit https://rust-lang.github.io/rust-clippy/rust-1.98.0/index.html#cast_sign_loss

warning: arithmetic operation that can potentially result in unexpected side-effects
   --> src/ui/system_settings/window.rs:254:52
    |
254 |         let is_update_category = index as usize == CATEGORIES.len() - 1;
    |                                                    ^^^^^^^^^^^^^^^^^^^^
    |
    = help: for further information visit https://rust-lang.github.io/rust-clippy/rust-1.98.0/index.html#arithmetic_side_effects

warning: arithmetic operation that can potentially result in unexpected side-effects
   --> src/ui/system_settings/window.rs:286:42
    |
286 |                 egui::CornerRadius::same(theme.control_radius as u8 + 2),
    |                                          ^^^^^^^^^^^^^^^^^^^^^^^^^^^^^^
    |
    = help: for further information visit https://rust-lang.github.io/rust-clippy/rust-1.98.0/index.html#arithmetic_side_effects

warning: casting `f32` to `u8` may truncate the value
   --> src/ui/system_settings/window.rs:286:42
    |
286 |                 egui::CornerRadius::same(theme.control_radius as u8 + 2),
    |                                          ^^^^^^^^^^^^^^^^^^^^^^^^^^
    |
    = help: if this is intentional allow the lint with `#[allow(clippy::cast_possible_truncation)]` ...
    = help: for further information visit https://rust-lang.github.io/rust-clippy/rust-1.98.0/index.html#cast_possible_truncation

warning: casting `f32` to `u8` may lose the sign of the value
   --> src/ui/system_settings/window.rs:286:42
    |
286 |                 egui::CornerRadius::same(theme.control_radius as u8 + 2),
    |                                          ^^^^^^^^^^^^^^^^^^^^^^^^^^
    |
    = help: for further information visit https://rust-lang.github.io/rust-clippy/rust-1.98.0/index.html#cast_sign_loss

warning: casting `i32` to `usize` may lose the sign of the value
  --> src/ui/timeline/actions.rs:15:19
   |
15 |         .find(|o| o.id as usize == id)
   |                   ^^^^^^^^^^^^^
   |
   = help: for further information visit https://rust-lang.github.io/rust-clippy/rust-1.98.0/index.html#cast_sign_loss

warning: this `if` statement can be collapsed
  --> src/ui/timeline/actions.rs:26:5
   |
26 | /     if start < range_start {
27 | |         if let Some(right_id) = world.split_object(current_id, range_start) {
28 | |             current_id = right_id;
29 | |         }
30 | |     }
   | |_____^
   |
   = help: for further information visit https://rust-lang.github.io/rust-clippy/rust-1.98.0/index.html#collapsible_if
help: collapse nested if block
   |
26 ~     if start < range_start
27 ~         && let Some(right_id) = world.split_object(current_id, range_start) {
28 |             current_id = right_id;
29 ~         }
   |

warning: this `if` statement can be collapsed
  --> src/ui/timeline/actions.rs:31:5
   |
31 | /     if end > range_end {
32 | |         if let Some(right_id) = world.split_object(current_id, range_end) {
33 | |             world.delete_object(right_id);
34 | |         }
35 | |     }
   | |_____^
   |
   = help: for further information visit https://rust-lang.github.io/rust-clippy/rust-1.98.0/index.html#collapsible_if
help: collapse nested if block
   |
31 ~     if end > range_end
32 ~         && let Some(right_id) = world.split_object(current_id, range_end) {
33 |             world.delete_object(right_id);
34 ~         }
   |

warning: casting `i32` to `usize` may lose the sign of the value
  --> src/ui/timeline/actions.rs:43:18
   |
43 |         .map(|o| o.id as usize)
   |                  ^^^^^^^^^^^^^
   |
   = help: for further information visit https://rust-lang.github.io/rust-clippy/rust-1.98.0/index.html#cast_sign_loss

warning: casting `i32` to `usize` may lose the sign of the value
  --> src/ui/timeline/actions.rs:50:23
   |
50 |             .find(|o| o.id as usize == id)
   |                       ^^^^^^^^^^^^^
   |
   = help: for further information visit https://rust-lang.github.io/rust-clippy/rust-1.98.0/index.html#cast_sign_loss

warning: unused `self` argument
  --> src/ui/timeline/actions.rs:79:9
   |
79 |         &mut self,
   |         ^^^^^^^^^
   |
   = help: consider refactoring to an associated function
   = help: for further information visit https://rust-lang.github.io/rust-clippy/rust-1.98.0/index.html#unused_self

warning: unused `self` argument
  --> src/ui/timeline/actions.rs:87:9
   |
87 |         &mut self,
   |         ^^^^^^^^^
   |
   = help: consider refactoring to an associated function
   = help: for further information visit https://rust-lang.github.io/rust-clippy/rust-1.98.0/index.html#unused_self

warning: this argument (0 byte) is passed by reference, but would be more efficient if passed by value (limit: 8 byte)
  --> src/ui/timeline/actions.rs:98:22
   |
98 |         _props_weak: &(),
   |                      ^^^ help: consider passing by value instead: `()`
   |
   = help: for further information visit https://rust-lang.github.io/rust-clippy/rust-1.98.0/index.html#trivially_copy_pass_by_ref

warning: casting `i32` to `usize` may lose the sign of the value
   --> src/ui/timeline/actions.rs:110:48
    |
110 |             self.selected_ids.iter().map(|&id| id as usize).collect()
    |                                                ^^^^^^^^^^^
    |
    = help: for further information visit https://rust-lang.github.io/rust-clippy/rust-1.98.0/index.html#cast_sign_loss

warning: casting `i32` to `usize` may lose the sign of the value
   --> src/ui/timeline/actions.rs:112:18
    |
112 |             vec![hit_id as usize]
    |                  ^^^^^^^^^^^^^^^
    |
    = help: for further information visit https://rust-lang.github.io/rust-clippy/rust-1.98.0/index.html#cast_sign_loss

warning: unused `self` argument
   --> src/ui/timeline/actions.rs:117:9
    |
117 |         &mut self,
    |         ^^^^^^^^^
    |
    = help: consider refactoring to an associated function
    = help: for further information visit https://rust-lang.github.io/rust-clippy/rust-1.98.0/index.html#unused_self

warning: casting `i32` to `usize` may lose the sign of the value
   --> src/ui/timeline/actions.rs:125:50
    |
125 |         let Some(plugin) = registry_snapshot.get(kind_idx as usize) else {
    |                                                  ^^^^^^^^^^^^^^^^^
    |
    = help: for further information visit https://rust-lang.github.io/rust-clippy/rust-1.98.0/index.html#cast_sign_loss

warning: casting `i32` to `u32` may lose the sign of the value
   --> src/ui/timeline/actions.rs:130:23
    |
130 |         let kind_id = kind_idx as u32;
    |                       ^^^^^^^^^^^^^^^ help: if this is intentional, use `cast_unsigned()` instead: `kind_idx.cast_unsigned()`
    |
    = help: for further information visit https://rust-lang.github.io/rust-clippy/rust-1.98.0/index.html#cast_sign_loss

warning: casting `usize` to `i32` may truncate the value on targets with 64-bit wide pointers
   --> src/ui/timeline/actions.rs:215:39
    |
215 |             self.selected_ids.remove(&(id as i32));
    |                                       ^^^^^^^^^^^
    |
    = help: if this is intentional allow the lint with `#[allow(clippy::cast_possible_truncation)]` ...
    = help: for further information visit https://rust-lang.github.io/rust-clippy/rust-1.98.0/index.html#cast_possible_truncation
help: ... or use `try_from` and handle the error accordingly
    |
215 -             self.selected_ids.remove(&(id as i32));
215 +             self.selected_ids.remove(&i32::try_from(id));
    |

warning: casting `usize` to `i32` may wrap around the value on targets with 32-bit wide pointers
   --> src/ui/timeline/actions.rs:215:39
    |
215 |             self.selected_ids.remove(&(id as i32));
    |                                       ^^^^^^^^^^^
    |
    = help: for further information visit https://rust-lang.github.io/rust-clippy/rust-1.98.0/index.html#cast_possible_wrap

warning: unused `self` argument
   --> src/ui/timeline/actions.rs:221:9
    |
221 |         &mut self,
    |         ^^^^^^^^^
    |
    = help: consider refactoring to an associated function
    = help: for further information visit https://rust-lang.github.io/rust-clippy/rust-1.98.0/index.html#unused_self

warning: unused `self` argument
   --> src/ui/timeline/actions.rs:242:9
    |
242 |         &mut self,
    |         ^^^^^^^^^
    |
    = help: consider refactoring to an associated function
    = help: for further information visit https://rust-lang.github.io/rust-clippy/rust-1.98.0/index.html#unused_self

warning: casting `i32` to `usize` may lose the sign of the value
   --> src/ui/timeline/actions.rs:253:28
    |
253 |             .move_keyframe(id as usize, "", old_frame, new_frame);
    |                            ^^^^^^^^^^^
    |
    = help: for further information visit https://rust-lang.github.io/rust-clippy/rust-1.98.0/index.html#cast_sign_loss

warning: unused `self` argument
   --> src/ui/timeline/actions.rs:325:9
    |
325 |         &mut self,
    |         ^^^^^^^^^
    |
    = help: consider refactoring to an associated function
    = help: for further information visit https://rust-lang.github.io/rust-clippy/rust-1.98.0/index.html#unused_self

warning: this `map_or` can be simplified
   --> src/ui/timeline/actions.rs:332:23
    |
332 |           let visible = world
    |  _______________________^
333 | |             .layer_states()
334 | |             .get(layer as usize)
335 | |             .map_or(true, |s| s.0);
    | |__________________________________^
    |
    = help: for further information visit https://rust-lang.github.io/rust-clippy/rust-1.98.0/index.html#unnecessary_map_or
    = note: `#[warn(clippy::unnecessary_map_or)]` on by default
help: use `is_none_or` instead
    |
335 -             .map_or(true, |s| s.0);
335 +             .is_none_or(|s| s.0);
    |

warning: casting `i32` to `usize` may lose the sign of the value
   --> src/ui/timeline/actions.rs:334:18
    |
334 |             .get(layer as usize)
    |                  ^^^^^^^^^^^^^^
    |
    = help: for further information visit https://rust-lang.github.io/rust-clippy/rust-1.98.0/index.html#cast_sign_loss

warning: casting `i32` to `usize` may lose the sign of the value
   --> src/ui/timeline/actions.rs:336:33
    |
336 |         world.set_layer_visible(layer as usize, !visible);
    |                                 ^^^^^^^^^^^^^^
    |
    = help: for further information visit https://rust-lang.github.io/rust-clippy/rust-1.98.0/index.html#cast_sign_loss

warning: unused `self` argument
   --> src/ui/timeline/actions.rs:342:9
    |
342 |         &mut self,
    |         ^^^^^^^^^
    |
    = help: consider refactoring to an associated function
    = help: for further information visit https://rust-lang.github.io/rust-clippy/rust-1.98.0/index.html#unused_self

warning: this `map_or` can be simplified
   --> src/ui/timeline/actions.rs:349:22
    |
349 |           let locked = world
    |  ______________________^
350 | |             .layer_states()
351 | |             .get(layer as usize)
352 | |             .map_or(false, |s| s.1);
    | |___________________________________^
    |
    = help: for further information visit https://rust-lang.github.io/rust-clippy/rust-1.98.0/index.html#unnecessary_map_or
help: use `is_some_and` instead
    |
352 -             .map_or(false, |s| s.1);
352 +             .is_some_and(|s| s.1);
    |

warning: casting `i32` to `usize` may lose the sign of the value
   --> src/ui/timeline/actions.rs:351:18
    |
351 |             .get(layer as usize)
    |                  ^^^^^^^^^^^^^^
    |
    = help: for further information visit https://rust-lang.github.io/rust-clippy/rust-1.98.0/index.html#cast_sign_loss

warning: casting `i32` to `usize` may lose the sign of the value
   --> src/ui/timeline/actions.rs:353:32
    |
353 |         world.set_layer_locked(layer as usize, !locked);
    |                                ^^^^^^^^^^^^^^
    |
    = help: for further information visit https://rust-lang.github.io/rust-clippy/rust-1.98.0/index.html#cast_sign_loss

warning: arithmetic operation that can potentially result in unexpected side-effects
   --> src/ui/timeline/actions.rs:401:21
    |
401 |         let shift = range_end - range_start;
    |                     ^^^^^^^^^^^^^^^^^^^^^^^
    |
    = help: for further information visit https://rust-lang.github.io/rust-clippy/rust-1.98.0/index.html#arithmetic_side_effects

warning: casting `i32` to `usize` may lose the sign of the value
   --> src/ui/timeline/actions.rs:406:23
    |
406 |             .map(|o| (o.id as usize, o.start_frame, o.layer))
    |                       ^^^^^^^^^^^^^
    |
    = help: for further information visit https://rust-lang.github.io/rust-clippy/rust-1.98.0/index.html#cast_sign_loss

warning: arithmetic operation that can potentially result in unexpected side-effects
   --> src/ui/timeline/actions.rs:409:35
    |
409 |             world.move_object(id, start - shift, layer);
    |                                   ^^^^^^^^^^^^^
    |
    = help: for further information visit https://rust-lang.github.io/rust-clippy/rust-1.98.0/index.html#arithmetic_side_effects

warning: unused `self` argument
   --> src/ui/timeline/actions.rs:417:9
    |
417 |         &mut self,
    |         ^^^^^^^^^
    |
    = help: consider refactoring to an associated function
    = help: for further information visit https://rust-lang.github.io/rust-clippy/rust-1.98.0/index.html#unused_self

warning: casting `i32` to `usize` may lose the sign of the value
   --> src/ui/timeline/actions.rs:430:56
    |
430 |             let Some(target) = objects.iter().find(|o| o.id as usize == id) else {
    |                                                        ^^^^^^^^^^^^^
    |
    = help: for further information visit https://rust-lang.github.io/rust-clippy/rust-1.98.0/index.html#cast_sign_loss

warning: casting `i32` to `usize` may lose the sign of the value
   --> src/ui/timeline/actions.rs:435:56
    |
435 |                 .filter(|o| o.layer == target.layer && o.id as usize != id)
    |                                                        ^^^^^^^^^^^^^
    |
    = help: for further information visit https://rust-lang.github.io/rust-clippy/rust-1.98.0/index.html#cast_sign_loss

warning: casting `i32` to `usize` may lose the sign of the value
   --> src/ui/timeline/actions.rs:461:39
    |
461 |             .filter(|o| ids.contains(&(o.id as usize)))
    |                                       ^^^^^^^^^^^^^^^
    |
    = help: for further information visit https://rust-lang.github.io/rust-clippy/rust-1.98.0/index.html#cast_sign_loss

warning: arithmetic operation that can potentially result in unexpected side-effects
   --> src/ui/timeline/actions.rs:470:25
    |
470 |             let shift = end - start;
    |                         ^^^^^^^^^^^
    |
    = help: for further information visit https://rust-lang.github.io/rust-clippy/rust-1.98.0/index.html#arithmetic_side_effects

warning: casting `i32` to `usize` may lose the sign of the value
   --> src/ui/timeline/actions.rs:475:27
    |
475 |                 .map(|o| (o.id as usize, o.start_frame))
    |                           ^^^^^^^^^^^^^
    |
    = help: for further information visit https://rust-lang.github.io/rust-clippy/rust-1.98.0/index.html#cast_sign_loss

warning: arithmetic operation that can potentially result in unexpected side-effects
   --> src/ui/timeline/actions.rs:478:39
    |
478 |                 world.move_object(id, follower_start - shift, layer);
    |                                       ^^^^^^^^^^^^^^^^^^^^^^
    |
    = help: for further information visit https://rust-lang.github.io/rust-clippy/rust-1.98.0/index.html#arithmetic_side_effects

warning: casting `usize` to `i32` may truncate the value on targets with 64-bit wide pointers
   --> src/ui/timeline/actions.rs:482:39
    |
482 |             self.selected_ids.remove(&(id as i32));
    |                                       ^^^^^^^^^^^
    |
    = help: if this is intentional allow the lint with `#[allow(clippy::cast_possible_truncation)]` ...
    = help: for further information visit https://rust-lang.github.io/rust-clippy/rust-1.98.0/index.html#cast_possible_truncation
help: ... or use `try_from` and handle the error accordingly
    |
482 -             self.selected_ids.remove(&(id as i32));
482 +             self.selected_ids.remove(&i32::try_from(id));
    |

warning: casting `usize` to `i32` may wrap around the value on targets with 32-bit wide pointers
   --> src/ui/timeline/actions.rs:482:39
    |
482 |             self.selected_ids.remove(&(id as i32));
    |                                       ^^^^^^^^^^^
    |
    = help: for further information visit https://rust-lang.github.io/rust-clippy/rust-1.98.0/index.html#cast_possible_wrap

warning: unused `self` argument
   --> src/ui/timeline/actions.rs:511:9
    |
511 |         &mut self,
    |         ^^^^^^^^^
    |
    = help: consider refactoring to an associated function
    = help: for further information visit https://rust-lang.github.io/rust-clippy/rust-1.98.0/index.html#unused_self

warning: this function has too many arguments (11/7)
  --> src/ui/timeline/clip_item.rs:38:5
   |
38 | /     pub(super) fn clip_ui(
39 | |         &mut self,
40 | |         ui: &mut egui::Ui,
41 | |         painter: &Painter,
...  |
49 | |         layer_count: i32,
50 | |     ) {
   | |_____^
   |
   = help: for further information visit https://rust-lang.github.io/rust-clippy/rust-1.98.0/index.html#too_many_arguments

warning: this function has too many lines (310/100)
  --> src/ui/timeline/clip_item.rs:38:5
   |
38 | /     pub(super) fn clip_ui(
39 | |         &mut self,
40 | |         ui: &mut egui::Ui,
41 | |         painter: &Painter,
...  |
49 | |         layer_count: i32,
50 | |     ) {
   | |_____^
   |
   = help: for further information visit https://rust-lang.github.io/rust-clippy/rust-1.98.0/index.html#too_many_lines

warning: this argument (0 byte) is passed by reference, but would be more efficient if passed by value (limit: 8 byte)
  --> src/ui/timeline/clip_item.rs:45:22
   |
45 |         _props_weak: &(),
   |                      ^^^ help: consider passing by value instead: `()`
   |
   = help: for further information visit https://rust-lang.github.io/rust-clippy/rust-1.98.0/index.html#trivially_copy_pass_by_ref

warning: casting `i32` to `f32` may cause a loss of precision (`i32` is 32 bits wide, but `f32`'s mantissa is only 23 bits wide)
  --> src/ui/timeline/clip_item.rs:60:18
   |
60 |         let w = ((preview_end - preview_start) as f32 * self.zoom_scale).max(4.0);
   |                  ^^^^^^^^^^^^^^^^^^^^^^^^^^^^^^^^^^^^
   |
   = help: for further information visit https://rust-lang.github.io/rust-clippy/rust-1.98.0/index.html#cast_precision_loss

warning: arithmetic operation that can potentially result in unexpected side-effects
  --> src/ui/timeline/clip_item.rs:60:18
   |
60 |         let w = ((preview_end - preview_start) as f32 * self.zoom_scale).max(4.0);
   |                  ^^^^^^^^^^^^^^^^^^^^^^^^^^^^^
   |
   = help: for further information visit https://rust-lang.github.io/rust-clippy/rust-1.98.0/index.html#arithmetic_side_effects

warning: casting `i32` to `f32` may cause a loss of precision (`i32` is 32 bits wide, but `f32`'s mantissa is only 23 bits wide)
  --> src/ui/timeline/clip_item.rs:72:30
   |
72 |                 Vec2::new(w, obj.group_layer_count_down as f32 * LAYER_HEIGHT),
   |                              ^^^^^^^^^^^^^^^^^^^^^^^^^^^^^^^^^
   |
   = help: for further information visit https://rust-lang.github.io/rust-clippy/rust-1.98.0/index.html#cast_precision_loss

warning: casting `i32` to `f32` may cause a loss of precision (`i32` is 32 bits wide, but `f32`'s mantissa is only 23 bits wide)
  --> src/ui/timeline/clip_item.rs:77:29
   |
77 |             let up_height = obj.group_layer_count_up as f32 * LAYER_HEIGHT;
   |                             ^^^^^^^^^^^^^^^^^^^^^^^^^^^^^^^
   |
   = help: for further information visit https://rust-lang.github.io/rust-clippy/rust-1.98.0/index.html#cast_precision_loss

warning: casting `i32` to `f32` may cause a loss of precision (`i32` is 32 bits wide, but `f32`'s mantissa is only 23 bits wide)
  --> src/ui/timeline/clip_item.rs:87:30
   |
87 |                 Vec2::new(w, obj.clip_layer_count_down as f32 * LAYER_HEIGHT),
   |                              ^^^^^^^^^^^^^^^^^^^^^^^^^^^^^^^^
   |
   = help: for further information visit https://rust-lang.github.io/rust-clippy/rust-1.98.0/index.html#cast_precision_loss

warning: casting `i32` to `f32` may cause a loss of precision (`i32` is 32 bits wide, but `f32`'s mantissa is only 23 bits wide)
  --> src/ui/timeline/clip_item.rs:92:29
   |
92 |             let up_height = obj.clip_layer_count_up as f32 * LAYER_HEIGHT;
   |                             ^^^^^^^^^^^^^^^^^^^^^^^^^^^^^^
   |
   = help: for further information visit https://rust-lang.github.io/rust-clippy/rust-1.98.0/index.html#cast_precision_loss

warning: unnecessary boolean `not` operation
   --> src/ui/timeline/clip_item.rs:108:20
    |
108 |           let base = if !obj.kind_known {
    |  ____________________^
109 | |             Color32::from_rgb(0x5a, 0x5a, 0x5a)
110 | |         } else {
111 | |             palette[(obj.kind.max(0) as usize) % palette.len()]
112 | |         };
    | |_________^
    |
    = help: for further information visit https://rust-lang.github.io/rust-clippy/rust-1.98.0/index.html#if_not_else
    = note: `#[warn(clippy::if_not_else)]` implied by `#[warn(clippy::pedantic)]`
help: try
    |
108 ~         let base = if obj.kind_known {
109 +             palette[(obj.kind.max(0) as usize) % palette.len()]
110 +         } else {
111 +             Color32::from_rgb(0x5a, 0x5a, 0x5a)
112 ~         };
    |

warning: indexing may panic
   --> src/ui/timeline/clip_item.rs:111:13
    |
111 |             palette[(obj.kind.max(0) as usize) % palette.len()]
    |             ^^^^^^^^^^^^^^^^^^^^^^^^^^^^^^^^^^^^^^^^^^^^^^^^^^^
    |
    = help: consider using `.get(n)` or `.get_mut(n)` instead
    = help: for further information visit https://rust-lang.github.io/rust-clippy/rust-1.98.0/index.html#indexing_slicing

warning: arithmetic operation that can potentially result in unexpected side-effects
   --> src/ui/timeline/clip_item.rs:111:21
    |
111 |             palette[(obj.kind.max(0) as usize) % palette.len()]
    |                     ^^^^^^^^^^^^^^^^^^^^^^^^^^^^^^^^^^^^^^^^^^
    |
    = help: for further information visit https://rust-lang.github.io/rust-clippy/rust-1.98.0/index.html#arithmetic_side_effects

warning: casting `i32` to `usize` may lose the sign of the value
   --> src/ui/timeline/clip_item.rs:111:21
    |
111 |             palette[(obj.kind.max(0) as usize) % palette.len()]
    |                     ^^^^^^^^^^^^^^^^^^^^^^^^^^
    |
    = help: for further information visit https://rust-lang.github.io/rust-clippy/rust-1.98.0/index.html#cast_sign_loss

warning: this `if` statement can be collapsed
   --> src/ui/timeline/clip_item.rs:136:9
    |
136 | /         if obj.has_waveform && self.show_waveform {
137 | |             if let Some(tex) = obj.waveform {
138 | |                 let wx = clip_rect.min.x
139 | |                     + 3.0
...   |
159 | |         }
    | |_________^
    |
    = help: for further information visit https://rust-lang.github.io/rust-clippy/rust-1.98.0/index.html#collapsible_if
help: collapse nested if block
    |
136 ~         if obj.has_waveform && self.show_waveform
137 ~             && let Some(tex) = obj.waveform {
138 |                 let wx = clip_rect.min.x
...
157 |                 );
158 ~             }
    |

warning: casting `i32` to `f32` may cause a loss of precision (`i32` is 32 bits wide, but `f32`'s mantissa is only 23 bits wide)
   --> src/ui/timeline/clip_item.rs:140:23
    |
140 |                     + (obj.waveform_origin_frame - preview_start) as f32 * self.zoom_scale;
    |                       ^^^^^^^^^^^^^^^^^^^^^^^^^^^^^^^^^^^^^^^^^^^^^^^^^^
    |
    = help: for further information visit https://rust-lang.github.io/rust-clippy/rust-1.98.0/index.html#cast_precision_loss

warning: arithmetic operation that can potentially result in unexpected side-effects
   --> src/ui/timeline/clip_item.rs:140:23
    |
140 |                     + (obj.waveform_origin_frame - preview_start) as f32 * self.zoom_scale;
    |                       ^^^^^^^^^^^^^^^^^^^^^^^^^^^^^^^^^^^^^^^^^^^
    |
    = help: for further information visit https://rust-lang.github.io/rust-clippy/rust-1.98.0/index.html#arithmetic_side_effects

warning: casting `i32` to `f32` may cause a loss of precision (`i32` is 32 bits wide, but `f32`'s mantissa is only 23 bits wide)
   --> src/ui/timeline/clip_item.rs:141:27
    |
141 |                 let ww = (obj.waveform_duration_frames as f32 * self.zoom_scale).max(1.0);
    |                           ^^^^^^^^^^^^^^^^^^^^^^^^^^^^^^^^^^^
    |
    = help: for further information visit https://rust-lang.github.io/rust-clippy/rust-1.98.0/index.html#cast_precision_loss

warning: casting `i32` to `f32` may cause a loss of precision (`i32` is 32 bits wide, but `f32`'s mantissa is only 23 bits wide)
   --> src/ui/timeline/clip_item.rs:181:24
    |
181 |             let span = (obj.end_frame - obj.start_frame).max(1) as f32;
    |                        ^^^^^^^^^^^^^^^^^^^^^^^^^^^^^^^^^^^^^^^^^^^^^^^
    |
    = help: for further information visit https://rust-lang.github.io/rust-clippy/rust-1.98.0/index.html#cast_precision_loss

warning: arithmetic operation that can potentially result in unexpected side-effects
   --> src/ui/timeline/clip_item.rs:181:24
    |
181 |             let span = (obj.end_frame - obj.start_frame).max(1) as f32;
    |                        ^^^^^^^^^^^^^^^^^^^^^^^^^^^^^^^^^
    |
    = help: for further information visit https://rust-lang.github.io/rust-clippy/rust-1.98.0/index.html#arithmetic_side_effects

warning: casting `i32` to `f32` may cause a loss of precision (`i32` is 32 bits wide, but `f32`'s mantissa is only 23 bits wide)
   --> src/ui/timeline/clip_item.rs:183:19
    |
183 |                 + (f + dragged_delta - obj.start_frame) as f32 * clip_rect.width() / span;
    |                   ^^^^^^^^^^^^^^^^^^^^^^^^^^^^^^^^^^^^^^^^^^^^
    |
    = help: for further information visit https://rust-lang.github.io/rust-clippy/rust-1.98.0/index.html#cast_precision_loss

warning: arithmetic operation that can potentially result in unexpected side-effects
   --> src/ui/timeline/clip_item.rs:183:19
    |
183 |                 + (f + dragged_delta - obj.start_frame) as f32 * clip_rect.width() / span;
    |                   ^^^^^^^^^^^^^^^^^^^^^^^^^^^^^^^^^^^^^
    |
    = help: for further information visit https://rust-lang.github.io/rust-clippy/rust-1.98.0/index.html#arithmetic_side_effects

warning: this `if` statement can be collapsed
   --> src/ui/timeline/clip_item.rs:197:17
    |
197 | /                 if kresp.drag_started() {
198 | |                     if let Some(pos) = kresp.interact_pointer_pos() {
199 | |                         self.kdrag = Some(KeyframeDrag {
200 | |                             id: obj.id,
...   |
206 | |                 }
    | |_________________^
    |
    = help: for further information visit https://rust-lang.github.io/rust-clippy/rust-1.98.0/index.html#collapsible_if
help: collapse nested if block
    |
197 ~                 if kresp.drag_started()
198 ~                     && let Some(pos) = kresp.interact_pointer_pos() {
199 |                         self.kdrag = Some(KeyframeDrag {
...
204 |                         });
205 ~                     }
    |

warning: this `if` statement can be collapsed
   --> src/ui/timeline/clip_item.rs:207:17
    |
207 | /                 if kresp.dragged() {
208 | |                     if let (Some(pos), Some(kdrag)) =
209 | |                         (kresp.interact_pointer_pos(), &mut self.kdrag)
...   |
214 | |                 }
    | |_________________^
    |
    = help: for further information visit https://rust-lang.github.io/rust-clippy/rust-1.98.0/index.html#collapsible_if
help: collapse nested if block
    |
207 ~                 if kresp.dragged()
208 ~                     && let (Some(pos), Some(kdrag)) =
209 |                         (kresp.interact_pointer_pos(), &mut self.kdrag)
...
212 |                             ((pos.x - kdrag.press.x) / self.zoom_scale).round() as i32;
213 ~                     }
    |

warning: casting `f32` to `i32` may truncate the value
   --> src/ui/timeline/clip_item.rs:212:29
    |
212 | ...                   ((pos.x - kdrag.press.x) / self.zoom_scale).round() as i32;
    |                       ^^^^^^^^^^^^^^^^^^^^^^^^^^^^^^^^^^^^^^^^^^^^^^^^^^^^^^^^^^
    |
    = help: if this is intentional allow the lint with `#[allow(clippy::cast_possible_truncation)]` ...
    = help: for further information visit https://rust-lang.github.io/rust-clippy/rust-1.98.0/index.html#cast_possible_truncation

warning: this `if` statement can be collapsed
   --> src/ui/timeline/clip_item.rs:215:17
    |
215 | /                 if kresp.drag_stopped() {
216 | |                     if let Some(kdrag) = self.kdrag.take() {
217 | |                         if kdrag.delta_frames != 0 {
218 | |                             let new_frame =
...   |
224 | |                 }
    | |_________________^
    |
    = help: for further information visit https://rust-lang.github.io/rust-clippy/rust-1.98.0/index.html#collapsible_if
help: collapse nested if block
    |
215 ~                 if kresp.drag_stopped()
216 ~                     && let Some(kdrag) = self.kdrag.take() {
217 |                         if kdrag.delta_frames != 0 {
...
222 |                         }
223 ~                     }
    |

warning: arithmetic operation that can potentially result in unexpected side-effects
   --> src/ui/timeline/clip_item.rs:219:33
    |
219 | ...                   (f + kdrag.delta_frames).clamp(obj.start_frame, obj.end_frame);
    |                       ^^^^^^^^^^^^^^^^^^^^^^^^
    |
    = help: for further information visit https://rust-lang.github.io/rust-clippy/rust-1.98.0/index.html#arithmetic_side_effects

warning: this `if` statement can be collapsed
   --> src/ui/timeline/clip_item.rs:267:9
    |
267 | /         if left_resp.drag_started() {
268 | |             if let Some(pos) = left_resp.interact_pointer_pos() {
269 | |                 self.drag = Some(ClipDrag {
270 | |                     id: obj.id,
...   |
282 | |         }
    | |_________^
    |
    = help: for further information visit https://rust-lang.github.io/rust-clippy/rust-1.98.0/index.html#collapsible_if
help: collapse nested if block
    |
267 ~         if left_resp.drag_started()
268 ~             && let Some(pos) = left_resp.interact_pointer_pos() {
269 |                 self.drag = Some(ClipDrag {
...
280 |                 });
281 ~             }
    |

warning: arithmetic operation that can potentially result in unexpected side-effects
   --> src/ui/timeline/clip_item.rs:276:31
    |
276 |                     duration: obj.end_frame - obj.start_frame,
    |                               ^^^^^^^^^^^^^^^^^^^^^^^^^^^^^^^
    |
    = help: for further information visit https://rust-lang.github.io/rust-clippy/rust-1.98.0/index.html#arithmetic_side_effects

warning: this `if` statement can be collapsed
   --> src/ui/timeline/clip_item.rs:283:9
    |
283 | /         if right_resp.drag_started() {
284 | |             if let Some(pos) = right_resp.interact_pointer_pos() {
285 | |                 self.drag = Some(ClipDrag {
286 | |                     id: obj.id,
...   |
298 | |         }
    | |_________^
    |
    = help: for further information visit https://rust-lang.github.io/rust-clippy/rust-1.98.0/index.html#collapsible_if
help: collapse nested if block
    |
283 ~         if right_resp.drag_started()
284 ~             && let Some(pos) = right_resp.interact_pointer_pos() {
285 |                 self.drag = Some(ClipDrag {
...
296 |                 });
297 ~             }
    |

warning: arithmetic operation that can potentially result in unexpected side-effects
   --> src/ui/timeline/clip_item.rs:292:31
    |
292 |                     duration: obj.end_frame - obj.start_frame,
    |                               ^^^^^^^^^^^^^^^^^^^^^^^^^^^^^^^
    |
    = help: for further information visit https://rust-lang.github.io/rust-clippy/rust-1.98.0/index.html#arithmetic_side_effects

warning: arithmetic operation that can potentially result in unexpected side-effects
   --> src/ui/timeline/clip_item.rs:309:31
    |
309 |                     duration: obj.end_frame - obj.start_frame,
    |                               ^^^^^^^^^^^^^^^^^^^^^^^^^^^^^^^
    |
    = help: for further information visit https://rust-lang.github.io/rust-clippy/rust-1.98.0/index.html#arithmetic_side_effects

warning: this `if` statement can be collapsed
   --> src/ui/timeline/clip_item.rs:337:9
    |
337 | /         if let Some(drag) = &mut self.drag {
338 | |             if drag.id == obj.id {
339 | |                 match drag.mode {
340 | |                     DragMode::Move => {
...   |
374 | |         }
    | |_________^
    |
    = help: for further information visit https://rust-lang.github.io/rust-clippy/rust-1.98.0/index.html#collapsible_if
help: collapse nested if block
    |
337 ~         if let Some(drag) = &mut self.drag
338 ~             && drag.id == obj.id {
339 |                 match drag.mode {
...
372 |                 }
373 ~             }
    |

warning: casting `f32` to `i32` may truncate the value
   --> src/ui/timeline/clip_item.rs:345:38
    |
345 | ...                   let dx = ((pos.x - drag.press.x) / self.zoom_scale).round() as i32;
    |                                ^^^^^^^^^^^^^^^^^^^^^^^^^^^^^^^^^^^^^^^^^^^^^^^^^^^^^^^^^
    |
    = help: if this is intentional allow the lint with `#[allow(clippy::cast_possible_truncation)]` ...
    = help: for further information visit https://rust-lang.github.io/rust-clippy/rust-1.98.0/index.html#cast_possible_truncation

warning: casting `f32` to `i32` may truncate the value
   --> src/ui/timeline/clip_item.rs:346:38
    |
346 | ...                   let dy = ((pos.y - drag.press.y) / LAYER_HEIGHT).round() as i32;
    |                                ^^^^^^^^^^^^^^^^^^^^^^^^^^^^^^^^^^^^^^^^^^^^^^^^^^^^^^
    |
    = help: if this is intentional allow the lint with `#[allow(clippy::cast_possible_truncation)]` ...
    = help: for further information visit https://rust-lang.github.io/rust-clippy/rust-1.98.0/index.html#cast_possible_truncation

warning: arithmetic operation that can potentially result in unexpected side-effects
   --> src/ui/timeline/clip_item.rs:347:50
    |
347 | ...                   drag.preview_start = (drag.start_frame + dx).max(0);
    |                                            ^^^^^^^^^^^^^^^^^^^^^^^
    |
    = help: for further information visit https://rust-lang.github.io/rust-clippy/rust-1.98.0/index.html#arithmetic_side_effects

warning: arithmetic operation that can potentially result in unexpected side-effects
   --> src/ui/timeline/clip_item.rs:348:48
    |
348 | ...                   drag.preview_end = drag.preview_start + drag.duration;
    |                                          ^^^^^^^^^^^^^^^^^^^^^^^^^^^^^^^^^^
    |
    = help: for further information visit https://rust-lang.github.io/rust-clippy/rust-1.98.0/index.html#arithmetic_side_effects

warning: arithmetic operation that can potentially result in unexpected side-effects
   --> src/ui/timeline/clip_item.rs:349:45
    |
349 | ...                   let max_layer = (layer_count - 1).max(0);
    |                                       ^^^^^^^^^^^^^^^^^
    |
    = help: for further information visit https://rust-lang.github.io/rust-clippy/rust-1.98.0/index.html#arithmetic_side_effects

warning: arithmetic operation that can potentially result in unexpected side-effects
   --> src/ui/timeline/clip_item.rs:350:50
    |
350 | ...                   drag.preview_layer = (drag.layer + dy).clamp(0, max_layer);
    |                                            ^^^^^^^^^^^^^^^^^
    |
    = help: for further information visit https://rust-lang.github.io/rust-clippy/rust-1.98.0/index.html#arithmetic_side_effects

warning: casting `f32` to `i32` may truncate the value
   --> src/ui/timeline/clip_item.rs:358:38
    |
358 | ...                   let dx = ((pos.x - drag.press.x) / self.zoom_scale).round() as i32;
    |                                ^^^^^^^^^^^^^^^^^^^^^^^^^^^^^^^^^^^^^^^^^^^^^^^^^^^^^^^^^
    |
    = help: if this is intentional allow the lint with `#[allow(clippy::cast_possible_truncation)]` ...
    = help: for further information visit https://rust-lang.github.io/rust-clippy/rust-1.98.0/index.html#cast_possible_truncation

warning: arithmetic operation that can potentially result in unexpected side-effects
   --> src/ui/timeline/clip_item.rs:360:33
    |
360 | ...                   (drag.start_frame + dx).clamp(0, drag.end_frame - 1);
    |                       ^^^^^^^^^^^^^^^^^^^^^^^
    |
    = help: for further information visit https://rust-lang.github.io/rust-clippy/rust-1.98.0/index.html#arithmetic_side_effects

warning: arithmetic operation that can potentially result in unexpected side-effects
   --> src/ui/timeline/clip_item.rs:360:66
    |
360 | ...                   (drag.start_frame + dx).clamp(0, drag.end_frame - 1);
    |                                                        ^^^^^^^^^^^^^^^^^^
    |
    = help: for further information visit https://rust-lang.github.io/rust-clippy/rust-1.98.0/index.html#arithmetic_side_effects

warning: casting `f32` to `i32` may truncate the value
   --> src/ui/timeline/clip_item.rs:368:38
    |
368 | ...                   let dx = ((pos.x - drag.press.x) / self.zoom_scale).round() as i32;
    |                                ^^^^^^^^^^^^^^^^^^^^^^^^^^^^^^^^^^^^^^^^^^^^^^^^^^^^^^^^^
    |
    = help: if this is intentional allow the lint with `#[allow(clippy::cast_possible_truncation)]` ...
    = help: for further information visit https://rust-lang.github.io/rust-clippy/rust-1.98.0/index.html#cast_possible_truncation

warning: arithmetic operation that can potentially result in unexpected side-effects
   --> src/ui/timeline/clip_item.rs:369:48
    |
369 | ...                   drag.preview_end = (drag.end_frame + dx).max(drag.start_frame + 1);
    |                                          ^^^^^^^^^^^^^^^^^^^^^
    |
    = help: for further information visit https://rust-lang.github.io/rust-clippy/rust-1.98.0/index.html#arithmetic_side_effects

warning: arithmetic operation that can potentially result in unexpected side-effects
   --> src/ui/timeline/clip_item.rs:369:74
    |
369 | ...                   drag.preview_end = (drag.end_frame + dx).max(drag.start_frame + 1);
    |                                                                    ^^^^^^^^^^^^^^^^^^^^
    |
    = help: for further information visit https://rust-lang.github.io/rust-clippy/rust-1.98.0/index.html#arithmetic_side_effects

warning: this `if` statement can be collapsed
  --> src/ui/timeline/context_menu.rs:59:9
   |
59 | /         if let Some(checked) = item.checked {
60 | |             if checked {
61 | |                 ui.painter().text(
62 | |                     egui::pos2(check_x, rect.center().y),
...  |
69 | |         }
   | |_________^
   |
   = help: for further information visit https://rust-lang.github.io/rust-clippy/rust-1.98.0/index.html#collapsible_if
help: collapse nested if block
   |
59 ~         if let Some(checked) = item.checked
60 ~             && checked {
61 |                 ui.painter().text(
...
67 |                 );
68 ~             }
   |

warning: casting `i32` to `usize` may lose the sign of the value
   --> src/ui/timeline/context_menu.rs:124:28
    |
124 |             .object_exists(drag.id as usize);
    |                            ^^^^^^^^^^^^^^^^
    |
    = help: for further information visit https://rust-lang.github.io/rust-clippy/rust-1.98.0/index.html#cast_sign_loss

warning: casting `i32` to `usize` may lose the sign of the value
   --> src/ui/timeline/context_menu.rs:134:46
    |
134 |                     world.ripple_move_object(drag.id as usize, drag.preview_start);
    |                                              ^^^^^^^^^^^^^^^^
    |
    = help: for further information visit https://rust-lang.github.io/rust-clippy/rust-1.98.0/index.html#cast_sign_loss

warning: casting `i32` to `usize` may lose the sign of the value
   --> src/ui/timeline/context_menu.rs:136:39
    |
136 |                     world.move_object(drag.id as usize, drag.preview_start, drag.preview_layer);
    |                                       ^^^^^^^^^^^^^^^^
    |
    = help: for further information visit https://rust-lang.github.io/rust-clippy/rust-1.98.0/index.html#cast_sign_loss

warning: casting `i32` to `usize` may lose the sign of the value
   --> src/ui/timeline/context_menu.rs:140:37
    |
140 |                 world.resize_object(drag.id as usize, drag.preview_start, drag.preview_end);
    |                                     ^^^^^^^^^^^^^^^^
    |
    = help: for further information visit https://rust-lang.github.io/rust-clippy/rust-1.98.0/index.html#cast_sign_loss

warning: casting `i32` to `usize` may lose the sign of the value
   --> src/ui/timeline/context_menu.rs:144:48
    |
144 |                     world.ripple_resize_object(drag.id as usize, drag.preview_end);
    |                                                ^^^^^^^^^^^^^^^^
    |
    = help: for further information visit https://rust-lang.github.io/rust-clippy/rust-1.98.0/index.html#cast_sign_loss

warning: casting `i32` to `usize` may lose the sign of the value
   --> src/ui/timeline/context_menu.rs:146:41
    |
146 |                     world.resize_object(drag.id as usize, drag.preview_start, drag.preview_end);
    |                                         ^^^^^^^^^^^^^^^^
    |
    = help: for further information visit https://rust-lang.github.io/rust-clippy/rust-1.98.0/index.html#cast_sign_loss

warning: casting `usize` to `i32` may truncate the value on targets with 64-bit wide pointers
   --> src/ui/timeline/context_menu.rs:168:23
    |
168 |                 kind: kind_id as i32,
    |                       ^^^^^^^^^^^^^^
    |
    = help: if this is intentional allow the lint with `#[allow(clippy::cast_possible_truncation)]` ...
    = help: for further information visit https://rust-lang.github.io/rust-clippy/rust-1.98.0/index.html#cast_possible_truncation
help: ... or use `try_from` and handle the error accordingly
    |
168 -                 kind: kind_id as i32,
168 +                 kind: i32::try_from(kind_id),
    |

warning: casting `usize` to `i32` may wrap around the value on targets with 32-bit wide pointers
   --> src/ui/timeline/context_menu.rs:168:23
    |
168 |                 kind: kind_id as i32,
    |                       ^^^^^^^^^^^^^^
    |
    = help: for further information visit https://rust-lang.github.io/rust-clippy/rust-1.98.0/index.html#cast_possible_wrap

warning: casting `i32` to `usize` may lose the sign of the value
   --> src/ui/timeline/context_menu.rs:179:51
    |
179 |                 let label = registry_snapshot.get(o.kind as usize).map_or_else(
    |                                                   ^^^^^^^^^^^^^^^
    |
    = help: for further information visit https://rust-lang.github.io/rust-clippy/rust-1.98.0/index.html#cast_sign_loss

warning: arithmetic operation that can potentially result in unexpected side-effects
   --> src/ui/timeline/context_menu.rs:223:29
    |
223 |                     action: 2000 + idx as i32,
    |                             ^^^^^^^^^^^^^^^^^
    |
    = help: for further information visit https://rust-lang.github.io/rust-clippy/rust-1.98.0/index.html#arithmetic_side_effects

warning: casting `usize` to `i32` may truncate the value on targets with 64-bit wide pointers
   --> src/ui/timeline/context_menu.rs:223:36
    |
223 |                     action: 2000 + idx as i32,
    |                                    ^^^^^^^^^^
    |
    = help: if this is intentional allow the lint with `#[allow(clippy::cast_possible_truncation)]` ...
    = help: for further information visit https://rust-lang.github.io/rust-clippy/rust-1.98.0/index.html#cast_possible_truncation
help: ... or use `try_from` and handle the error accordingly
    |
223 -                     action: 2000 + idx as i32,
223 +                     action: 2000 + i32::try_from(idx),
    |

warning: casting `usize` to `i32` may wrap around the value on targets with 32-bit wide pointers
   --> src/ui/timeline/context_menu.rs:223:36
    |
223 |                     action: 2000 + idx as i32,
    |                                    ^^^^^^^^^^
    |
    = help: for further information visit https://rust-lang.github.io/rust-clippy/rust-1.98.0/index.html#cast_possible_wrap

warning: arithmetic operation that can potentially result in unexpected side-effects
   --> src/ui/timeline/context_menu.rs:288:47
    |
288 | ...                   let idx = row_rects.len() - 1;
    |                                 ^^^^^^^^^^^^^^^^^^^
    |
    = help: for further information visit https://rust-lang.github.io/rust-clippy/rust-1.98.0/index.html#arithmetic_side_effects

warning: this `if` statement can be collapsed
   --> src/ui/timeline/context_menu.rs:305:9
    |
305 | /         if let Some(idx) = menu.open_submenu {
306 | |             if let (Some(anchor), Some(item)) = (row_rects.get(idx), menu.items.get(idx)) {
307 | |                 if !item.submenu.is_empty() {
308 | |                     let sub_pos = Pos2::new(anchor.max.x, anchor.min.y);
...   |
330 | |         }
    | |_________^
    |
    = help: for further information visit https://rust-lang.github.io/rust-clippy/rust-1.98.0/index.html#collapsible_if
help: collapse nested if block
    |
305 ~         if let Some(idx) = menu.open_submenu
306 ~             && let (Some(anchor), Some(item)) = (row_rects.get(idx), menu.items.get(idx)) {
307 |                 if !item.submenu.is_empty() {
...
328 |                 }
329 ~             }
    |

warning: this `if` statement can be collapsed
   --> src/ui/timeline/context_menu.rs:306:13
    |
306 | /             if let (Some(anchor), Some(item)) = (row_rects.get(idx), menu.items.get(idx)) {
307 | |                 if !item.submenu.is_empty() {
308 | |                     let sub_pos = Pos2::new(anchor.max.x, anchor.min.y);
309 | |                     let submenu_area = egui::Area::new(ui.id().with("timeline-context-submenu"))
...   |
329 | |             }
    | |_____________^
    |
    = help: for further information visit https://rust-lang.github.io/rust-clippy/rust-1.98.0/index.html#collapsible_if
help: collapse nested if block
    |
306 ~             if let (Some(anchor), Some(item)) = (row_rects.get(idx), menu.items.get(idx))
307 ~                 && !item.submenu.is_empty() {
308 |                     let sub_pos = Pos2::new(anchor.max.x, anchor.min.y);
...
327 |                     occupied_rect = occupied_rect.union(submenu_area.rect);
328 ~                 }
    |

warning: this `map_or` can be simplified
   --> src/ui/timeline/context_menu.rs:343:16
    |
343 |               && ui
    |  ________________^
344 | |                 .ctx()
345 | |                 .pointer_interact_pos()
346 | |                 .map_or(false, |p| !occupied_rect.contains(p))
    | |______________________________________________________________^
    |
    = help: for further information visit https://rust-lang.github.io/rust-clippy/rust-1.98.0/index.html#unnecessary_map_or
help: use `is_some_and` instead
    |
346 -                 .map_or(false, |p| !occupied_rect.contains(p))
346 +                 .is_some_and(|p| !occupied_rect.contains(p))
    |

warning: this function has too many lines (116/100)
   --> src/ui/timeline/context_menu.rs:355:5
    |
355 | /     pub(super) fn apply_menu_action(
356 | |         &mut self,
357 | |         state: &SharedAppState,
358 | |         preview_panel: &Rc<RefCell<PreviewPanel>>,
...   |
362 | |         current_frame: i32,
363 | |     ) {
    | |_____^
    |
    = help: for further information visit https://rust-lang.github.io/rust-clippy/rust-1.98.0/index.html#too_many_lines

warning: casting `i32` to `usize` may lose the sign of the value
   --> src/ui/timeline/context_menu.rs:407:29
    |
407 |                 let child = menu.hit_id as usize;
    |                             ^^^^^^^^^^^^^^^^^^^^
    |
    = help: for further information visit https://rust-lang.github.io/rust-clippy/rust-1.98.0/index.html#cast_sign_loss

warning: casting `i32` to `usize` may lose the sign of the value
   --> src/ui/timeline/context_menu.rs:408:30
    |
408 |                 let parent = item.kind as usize;
    |                              ^^^^^^^^^^^^^^^^^^
    |
    = help: for further information visit https://rust-lang.github.io/rust-clippy/rust-1.98.0/index.html#cast_sign_loss

warning: casting `i32` to `usize` may lose the sign of the value
   --> src/ui/timeline/context_menu.rs:416:29
    |
416 |                 let child = menu.hit_id as usize;
    |                             ^^^^^^^^^^^^^^^^^^^^
    |
    = help: for further information visit https://rust-lang.github.io/rust-clippy/rust-1.98.0/index.html#cast_sign_loss

warning: casting `i32` to `usize` may lose the sign of the value
   --> src/ui/timeline/context_menu.rs:424:30
    |
424 |                 let target = menu.hit_id as usize;
    |                              ^^^^^^^^^^^^^^^^^^^^
    |
    = help: for further information visit https://rust-lang.github.io/rust-clippy/rust-1.98.0/index.html#cast_sign_loss

warning: casting `i32` to `usize` may lose the sign of the value
   --> src/ui/timeline/context_menu.rs:425:30
    |
425 |                 let source = item.kind as usize;
    |                              ^^^^^^^^^^^^^^^^^^
    |
    = help: for further information visit https://rust-lang.github.io/rust-clippy/rust-1.98.0/index.html#cast_sign_loss

warning: casting `i32` to `usize` may lose the sign of the value
   --> src/ui/timeline/context_menu.rs:437:30
    |
437 |                 let target = menu.hit_id as usize;
    |                              ^^^^^^^^^^^^^^^^^^^^
    |
    = help: for further information visit https://rust-lang.github.io/rust-clippy/rust-1.98.0/index.html#cast_sign_loss

warning: casting `i32` to `usize` may lose the sign of the value
   --> src/ui/timeline/context_menu.rs:457:27
    |
457 |                 let idx = (action - 2000) as usize;
    |                           ^^^^^^^^^^^^^^^^^^^^^^^^
    |
    = help: for further information visit https://rust-lang.github.io/rust-clippy/rust-1.98.0/index.html#cast_sign_loss

warning: arithmetic operation that can potentially result in unexpected side-effects
   --> src/ui/timeline/context_menu.rs:457:27
    |
457 |                 let idx = (action - 2000) as usize;
    |                           ^^^^^^^^^^^^^^^
    |
    = help: for further information visit https://rust-lang.github.io/rust-clippy/rust-1.98.0/index.html#arithmetic_side_effects

warning: methods with the following characteristics: (`to_*` and `self` type is not `Copy`) usually take `self` by reference
 --> src/ui/timeline/data.rs:8:9
  |
8 |         &mut self,
  |         ^^^^^^^^^
  |
  = help: consider choosing a less ambiguous name
  = help: for further information visit https://rust-lang.github.io/rust-clippy/rust-1.98.0/index.html#wrong_self_convention
  = note: `#[warn(clippy::wrong_self_convention)]` on by default

warning: casting `i32` to `usize` may lose the sign of the value
  --> src/ui/timeline/data.rs:14:44
   |
14 |         let plugin = registry_snapshot.get(data.kind as usize);
   |                                            ^^^^^^^^^^^^^^^^^^
   |
   = help: for further information visit https://rust-lang.github.io/rust-clippy/rust-1.98.0/index.html#cast_sign_loss

warning: casting `f64` to `i32` may truncate the value
  --> src/ui/timeline/data.rs:30:25
   |
30 |                         (audio.frame_count() as f64 / audio.sample_rate as f64 * fps).ceil() as i32
   |                         ^^^^^^^^^^^^^^^^^^^^^^^^^^^^^^^^^^^^^^^^^^^^^^^^^^^^^^^^^^^^^^^^^^^^^^^^^^^
   |
   = help: if this is intentional allow the lint with `#[allow(clippy::cast_possible_truncation)]` ...
   = help: for further information visit https://rust-lang.github.io/rust-clippy/rust-1.98.0/index.html#cast_possible_truncation

warning: casting `usize` to `f64` may cause a loss of precision (`usize` can be up to 64 bits wide depending on the target architecture, but `f64`'s mantissa is only 52 bits wide)
  --> src/ui/timeline/data.rs:30:26
   |
30 |                         (audio.frame_count() as f64 / audio.sample_rate as f64 * fps).ceil() as i32
   |                          ^^^^^^^^^^^^^^^^^^^^^^^^^^
   |
   = help: for further information visit https://rust-lang.github.io/rust-clippy/rust-1.98.0/index.html#cast_precision_loss

warning: casts from `u32` to `f64` can be expressed infallibly using `From`
  --> src/ui/timeline/data.rs:30:55
   |
30 |                         (audio.frame_count() as f64 / audio.sample_rate as f64 * fps).ceil() as i32
   |                                                       ^^^^^^^^^^^^^^^^^^^^^^^^
   |
   = help: an `as` cast can become silently lossy if the types change in the future
   = help: for further information visit https://rust-lang.github.io/rust-clippy/rust-1.98.0/index.html#cast_lossless
help: use `f64::from` instead
   |
30 -                         (audio.frame_count() as f64 / audio.sample_rate as f64 * fps).ceil() as i32
30 +                         (audio.frame_count() as f64 / f64::from(audio.sample_rate) * fps).ceil() as i32
   |

warning: casting `i64` to `i32` may truncate the value
  --> src/ui/timeline/data.rs:49:36
   |
49 |             waveform_origin_frame: -data.media_trim_in_frame as i32,
   |                                    ^^^^^^^^^^^^^^^^^^^^^^^^^^^^^^^^
   |
   = help: if this is intentional allow the lint with `#[allow(clippy::cast_possible_truncation)]` ...
   = help: for further information visit https://rust-lang.github.io/rust-clippy/rust-1.98.0/index.html#cast_possible_truncation
help: ... or use `try_from` and handle the error accordingly
   |
49 -             waveform_origin_frame: -data.media_trim_in_frame as i32,
49 +             waveform_origin_frame: i32::try_from(-data.media_trim_in_frame),
   |

warning: arithmetic operation that can potentially result in unexpected side-effects
  --> src/ui/timeline/data.rs:49:36
   |
49 |             waveform_origin_frame: -data.media_trim_in_frame as i32,
   |                                    ^^^^^^^^^^^^^^^^^^^^^^^^^
   |
   = help: for further information visit https://rust-lang.github.io/rust-clippy/rust-1.98.0/index.html#arithmetic_side_effects

warning: arithmetic operation that can potentially result in unexpected side-effects
  --> src/ui/timeline/data.rs:82:48
   |
82 |             let Some(peak) = visible_peaks.get(x * visible_peaks.len() / width) else {
   |                                                ^^^^^^^^^^^^^^^^^^^^^^^
   |
   = help: for further information visit https://rust-lang.github.io/rust-clippy/rust-1.98.0/index.html#arithmetic_side_effects

warning: casting `usize` to `i32` may truncate the value on targets with 64-bit wide pointers
  --> src/ui/timeline/data.rs:85:26
   |
85 |             let center = height as i32 / 2;
   |                          ^^^^^^^^^^^^^
   |
   = help: if this is intentional allow the lint with `#[allow(clippy::cast_possible_truncation)]` ...
   = help: for further information visit https://rust-lang.github.io/rust-clippy/rust-1.98.0/index.html#cast_possible_truncation
help: ... or use `try_from` and handle the error accordingly
   |
85 -             let center = height as i32 / 2;
85 +             let center = i32::try_from(height) / 2;
   |

warning: casting `usize` to `i32` may wrap around the value on targets with 32-bit wide pointers
  --> src/ui/timeline/data.rs:85:26
   |
85 |             let center = height as i32 / 2;
   |                          ^^^^^^^^^^^^^
   |
   = help: for further information visit https://rust-lang.github.io/rust-clippy/rust-1.98.0/index.html#cast_possible_wrap

warning: casting `f32` to `i32` may truncate the value
  --> src/ui/timeline/data.rs:86:23
   |
86 |             let top = ((1.0 - peak.max.clamp(-1.0, 1.0)) * center as f32).round() as i32;
   |                       ^^^^^^^^^^^^^^^^^^^^^^^^^^^^^^^^^^^^^^^^^^^^^^^^^^^^^^^^^^^^^^^^^^
   |
   = help: if this is intentional allow the lint with `#[allow(clippy::cast_possible_truncation)]` ...
   = help: for further information visit https://rust-lang.github.io/rust-clippy/rust-1.98.0/index.html#cast_possible_truncation

warning: casting `i32` to `f32` may cause a loss of precision (`i32` is 32 bits wide, but `f32`'s mantissa is only 23 bits wide)
  --> src/ui/timeline/data.rs:86:60
   |
86 |             let top = ((1.0 - peak.max.clamp(-1.0, 1.0)) * center as f32).round() as i32;
   |                                                            ^^^^^^^^^^^^^
   |
   = help: for further information visit https://rust-lang.github.io/rust-clippy/rust-1.98.0/index.html#cast_precision_loss

warning: casting `f32` to `i32` may truncate the value
  --> src/ui/timeline/data.rs:87:26
   |
87 |             let bottom = ((1.0 - peak.min.clamp(-1.0, 1.0)) * center as f32).round() as i32;
   |                          ^^^^^^^^^^^^^^^^^^^^^^^^^^^^^^^^^^^^^^^^^^^^^^^^^^^^^^^^^^^^^^^^^^
   |
   = help: if this is intentional allow the lint with `#[allow(clippy::cast_possible_truncation)]` ...
   = help: for further information visit https://rust-lang.github.io/rust-clippy/rust-1.98.0/index.html#cast_possible_truncation

warning: casting `i32` to `f32` may cause a loss of precision (`i32` is 32 bits wide, but `f32`'s mantissa is only 23 bits wide)
  --> src/ui/timeline/data.rs:87:63
   |
87 |             let bottom = ((1.0 - peak.min.clamp(-1.0, 1.0)) * center as f32).round() as i32;
   |                                                               ^^^^^^^^^^^^^
   |
   = help: for further information visit https://rust-lang.github.io/rust-clippy/rust-1.98.0/index.html#cast_precision_loss

warning: casting `usize` to `i32` may truncate the value on targets with 64-bit wide pointers
  --> src/ui/timeline/data.rs:88:45
   |
88 |             for y in top.max(0)..bottom.min(height as i32) {
   |                                             ^^^^^^^^^^^^^
   |
   = help: if this is intentional allow the lint with `#[allow(clippy::cast_possible_truncation)]` ...
   = help: for further information visit https://rust-lang.github.io/rust-clippy/rust-1.98.0/index.html#cast_possible_truncation
help: ... or use `try_from` and handle the error accordingly
   |
88 -             for y in top.max(0)..bottom.min(height as i32) {
88 +             for y in top.max(0)..bottom.min(i32::try_from(height)) {
   |

warning: casting `usize` to `i32` may wrap around the value on targets with 32-bit wide pointers
  --> src/ui/timeline/data.rs:88:45
   |
88 |             for y in top.max(0)..bottom.min(height as i32) {
   |                                             ^^^^^^^^^^^^^
   |
   = help: for further information visit https://rust-lang.github.io/rust-clippy/rust-1.98.0/index.html#cast_possible_wrap

warning: arithmetic operation that can potentially result in unexpected side-effects
  --> src/ui/timeline/data.rs:89:50
   |
89 |                 if let Some(px) = pixels.get_mut(y as usize * width + x) {
   |                                                  ^^^^^^^^^^^^^^^^^^^^^^
   |
   = help: for further information visit https://rust-lang.github.io/rust-clippy/rust-1.98.0/index.html#arithmetic_side_effects

warning: casting `i32` to `usize` may lose the sign of the value
  --> src/ui/timeline/data.rs:89:50
   |
89 |                 if let Some(px) = pixels.get_mut(y as usize * width + x) {
   |                                                  ^^^^^^^^^^
   |
   = help: for further information visit https://rust-lang.github.io/rust-clippy/rust-1.98.0/index.html#cast_sign_loss

warning: casting `usize` to `f32` may cause a loss of precision (`usize` can be up to 64 bits wide depending on the target architecture, but `f32`'s mantissa is only 23 bits wide)
  --> src/ui/timeline/data.rs:96:37
   |
96 |             source_size: egui::vec2(width as f32, height as f32),
   |                                     ^^^^^^^^^^^^
   |
   = help: for further information visit https://rust-lang.github.io/rust-clippy/rust-1.98.0/index.html#cast_precision_loss

warning: casting `usize` to `f32` may cause a loss of precision (`usize` can be up to 64 bits wide depending on the target architecture, but `f32`'s mantissa is only 23 bits wide)
  --> src/ui/timeline/data.rs:96:51
   |
96 |             source_size: egui::vec2(width as f32, height as f32),
   |                                                   ^^^^^^^^^^^^^
   |
   = help: for further information visit https://rust-lang.github.io/rust-clippy/rust-1.98.0/index.html#cast_precision_loss

warning: arithmetic operation that can potentially result in unexpected side-effects
  --> src/ui/timeline/grid.rs:35:13
   |
35 |             (rect.width() / (self.zoom_scale * frame_interval.max(1) as f32)).ceil() as i32 + 1
   |             ^^^^^^^^^^^^^^^^^^^^^^^^^^^^^^^^^^^^^^^^^^^^^^^^^^^^^^^^^^^^^^^^^^^^^^^^^^^^^^^^^^^
   |
   = help: for further information visit https://rust-lang.github.io/rust-clippy/rust-1.98.0/index.html#arithmetic_side_effects

warning: casting `f32` to `i32` may truncate the value
  --> src/ui/timeline/grid.rs:35:13
   |
35 |             (rect.width() / (self.zoom_scale * frame_interval.max(1) as f32)).ceil() as i32 + 1
   |             ^^^^^^^^^^^^^^^^^^^^^^^^^^^^^^^^^^^^^^^^^^^^^^^^^^^^^^^^^^^^^^^^^^^^^^^^^^^^^^^
   |
   = help: if this is intentional allow the lint with `#[allow(clippy::cast_possible_truncation)]` ...
   = help: for further information visit https://rust-lang.github.io/rust-clippy/rust-1.98.0/index.html#cast_possible_truncation

warning: casting `i32` to `f32` may cause a loss of precision (`i32` is 32 bits wide, but `f32`'s mantissa is only 23 bits wide)
  --> src/ui/timeline/grid.rs:35:48
   |
35 |             (rect.width() / (self.zoom_scale * frame_interval.max(1) as f32)).ceil() as i32 + 1
   |                                                ^^^^^^^^^^^^^^^^^^^^^^^^^^^^
   |
   = help: for further information visit https://rust-lang.github.io/rust-clippy/rust-1.98.0/index.html#cast_precision_loss

warning: casting `f32` to `i32` may truncate the value
  --> src/ui/timeline/grid.rs:40:13
   |
40 |             (self.scroll_x / self.zoom_scale / frame_interval.max(1) as f32).floor() as i32;
   |             ^^^^^^^^^^^^^^^^^^^^^^^^^^^^^^^^^^^^^^^^^^^^^^^^^^^^^^^^^^^^^^^^^^^^^^^^^^^^^^^
   |
   = help: if this is intentional allow the lint with `#[allow(clippy::cast_possible_truncation)]` ...
   = help: for further information visit https://rust-lang.github.io/rust-clippy/rust-1.98.0/index.html#cast_possible_truncation

warning: casting `i32` to `f32` may cause a loss of precision (`i32` is 32 bits wide, but `f32`'s mantissa is only 23 bits wide)
  --> src/ui/timeline/grid.rs:40:48
   |
40 |             (self.scroll_x / self.zoom_scale / frame_interval.max(1) as f32).floor() as i32;
   |                                                ^^^^^^^^^^^^^^^^^^^^^^^^^^^^
   |
   = help: for further information visit https://rust-lang.github.io/rust-clippy/rust-1.98.0/index.html#cast_precision_loss

warning: arithmetic operation that can potentially result in unexpected side-effects
  --> src/ui/timeline/grid.rs:42:25
   |
42 |             let frame = (first_visible + i) * frame_interval;
   |                         ^^^^^^^^^^^^^^^^^^^^^^^^^^^^^^^^^^^^
   |
   = help: for further information visit https://rust-lang.github.io/rust-clippy/rust-1.98.0/index.html#arithmetic_side_effects

warning: this function has too many lines (127/100)
  --> src/ui/timeline/layer_header.rs:11:5
   |
11 | /     pub(super) fn layer_header(
12 | |         &mut self,
13 | |         ui: &mut egui::Ui,
14 | |         state: &SharedAppState,
...  |
18 | |         content_height: f32,
19 | |     ) {
   | |_____^
   |
   = help: for further information visit https://rust-lang.github.io/rust-clippy/rust-1.98.0/index.html#too_many_lines

warning: casting `i32` to `usize` may lose the sign of the value
  --> src/ui/timeline/layer_header.rs:49:22
   |
49 |                 .get(i as usize)
   |                      ^^^^^^^^^^
   |
   = help: for further information visit https://rust-lang.github.io/rust-clippy/rust-1.98.0/index.html#cast_sign_loss

warning: arithmetic operation that can potentially result in unexpected side-effects
  --> src/ui/timeline/layer_header.rs:97:17
   |
97 |                 (i + 1).to_string(),
   |                 ^^^^^^^
   |
   = help: for further information visit https://rust-lang.github.io/rust-clippy/rust-1.98.0/index.html#arithmetic_side_effects

warning: casting `i32` to `f32` may cause a loss of precision (`i32` is 32 bits wide, but `f32`'s mantissa is only 23 bits wide)
   --> src/ui/timeline/layer_header.rs:148:35
    |
148 |                 let max_scroll = (layer_count as f32 * LAYER_HEIGHT - content_height).max(0.0);
    |                                   ^^^^^^^^^^^^^^^^^^
    |
    = help: for further information visit https://rust-lang.github.io/rust-clippy/rust-1.98.0/index.html#cast_precision_loss

warning: arithmetic operation that can potentially result in unexpected side-effects
  --> src/ui/timeline/layer_menu.rs:69:47
   |
69 | ...                   let idx = row_rects.len() - 1;
   |                                 ^^^^^^^^^^^^^^^^^^^
   |
   = help: for further information visit https://rust-lang.github.io/rust-clippy/rust-1.98.0/index.html#arithmetic_side_effects

warning: this `if` statement can be collapsed
   --> src/ui/timeline/layer_menu.rs:85:9
    |
 85 | /         if let Some(idx) = menu.open_submenu {
 86 | |             if let (Some(anchor), Some(item)) = (row_rects.get(idx), menu.items.get(idx)) {
 87 | |                 if !item.submenu.is_empty() {
 88 | |                     let sub_pos = Pos2::new(anchor.max.x, anchor.min.y);
...   |
110 | |         }
    | |_________^
    |
    = help: for further information visit https://rust-lang.github.io/rust-clippy/rust-1.98.0/index.html#collapsible_if
help: collapse nested if block
    |
 85 ~         if let Some(idx) = menu.open_submenu
 86 ~             && let (Some(anchor), Some(item)) = (row_rects.get(idx), menu.items.get(idx)) {
 87 |                 if !item.submenu.is_empty() {
...
108 |                 }
109 ~             }
    |

warning: this `if` statement can be collapsed
   --> src/ui/timeline/layer_menu.rs:86:13
    |
 86 | /             if let (Some(anchor), Some(item)) = (row_rects.get(idx), menu.items.get(idx)) {
 87 | |                 if !item.submenu.is_empty() {
 88 | |                     let sub_pos = Pos2::new(anchor.max.x, anchor.min.y);
 89 | |                     let submenu_area = egui::Area::new(ui.id().with("timeline-layer-submenu"))
...   |
109 | |             }
    | |_____________^
    |
    = help: for further information visit https://rust-lang.github.io/rust-clippy/rust-1.98.0/index.html#collapsible_if
help: collapse nested if block
    |
 86 ~             if let (Some(anchor), Some(item)) = (row_rects.get(idx), menu.items.get(idx))
 87 ~                 && !item.submenu.is_empty() {
 88 |                     let sub_pos = Pos2::new(anchor.max.x, anchor.min.y);
...
107 |                     occupied_rect = occupied_rect.union(submenu_area.rect);
108 ~                 }
    |

warning: this `map_or` can be simplified
   --> src/ui/timeline/layer_menu.rs:123:16
    |
123 |               && ui
    |  ________________^
124 | |                 .ctx()
125 | |                 .pointer_interact_pos()
126 | |                 .map_or(false, |p| !occupied_rect.contains(p))
    | |______________________________________________________________^
    |
    = help: for further information visit https://rust-lang.github.io/rust-clippy/rust-1.98.0/index.html#unnecessary_map_or
help: use `is_some_and` instead
    |
126 -                 .map_or(false, |p| !occupied_rect.contains(p))
126 +                 .is_some_and(|p| !occupied_rect.contains(p))
    |

warning: this function has too many lines (128/100)
  --> src/ui/timeline/ruler.rs:9:5
   |
 9 | /     pub(super) fn ruler(
10 | |         &mut self,
11 | |         ui: &mut egui::Ui,
12 | |         state: &SharedAppState,
...  |
15 | |         total_frames: i32,
16 | |     ) {
   | |_____^
   |
   = help: for further information visit https://rust-lang.github.io/rust-clippy/rust-1.98.0/index.html#too_many_lines

warning: casting `f32` to `i32` may truncate the value
  --> src/ui/timeline/ruler.rs:36:32
   |
36 |         let mut zoom_percent = (self.zoom_scale * 100.0).round() as i32;
   |                                ^^^^^^^^^^^^^^^^^^^^^^^^^^^^^^^^^^^^^^^^
   |
   = help: if this is intentional allow the lint with `#[allow(clippy::cast_possible_truncation)]` ...
   = help: for further information visit https://rust-lang.github.io/rust-clippy/rust-1.98.0/index.html#cast_possible_truncation

warning: casting `i32` to `f32` may cause a loss of precision (`i32` is 32 bits wide, but `f32`'s mantissa is only 23 bits wide)
  --> src/ui/timeline/ruler.rs:45:30
   |
45 |             let new_scale = (zoom_percent as f32 / 100.0).clamp(0.1, 4.0);
   |                              ^^^^^^^^^^^^^^^^^^^
   |
   = help: for further information visit https://rust-lang.github.io/rust-clippy/rust-1.98.0/index.html#cast_precision_loss

warning: arithmetic operation that can potentially result in unexpected side-effects
  --> src/ui/timeline/ruler.rs:66:13
   |
66 |             (self.scroll_x / self.zoom_scale / grid_interval as f32).floor() as i32 * grid_interval;
   |             ^^^^^^^^^^^^^^^^^^^^^^^^^^^^^^^^^^^^^^^^^^^^^^^^^^^^^^^^^^^^^^^^^^^^^^^^^^^^^^^^^^^^^^^
   |
   = help: for further information visit https://rust-lang.github.io/rust-clippy/rust-1.98.0/index.html#arithmetic_side_effects

warning: casting `f32` to `i32` may truncate the value
  --> src/ui/timeline/ruler.rs:66:13
   |
66 |             (self.scroll_x / self.zoom_scale / grid_interval as f32).floor() as i32 * grid_interval;
   |             ^^^^^^^^^^^^^^^^^^^^^^^^^^^^^^^^^^^^^^^^^^^^^^^^^^^^^^^^^^^^^^^^^^^^^^^
   |
   = help: if this is intentional allow the lint with `#[allow(clippy::cast_possible_truncation)]` ...
   = help: for further information visit https://rust-lang.github.io/rust-clippy/rust-1.98.0/index.html#cast_possible_truncation

warning: casting `i32` to `f32` may cause a loss of precision (`i32` is 32 bits wide, but `f32`'s mantissa is only 23 bits wide)
  --> src/ui/timeline/ruler.rs:66:48
   |
66 |             (self.scroll_x / self.zoom_scale / grid_interval as f32).floor() as i32 * grid_interval;
   |                                                ^^^^^^^^^^^^^^^^^^^^
   |
   = help: for further information visit https://rust-lang.github.io/rust-clippy/rust-1.98.0/index.html#cast_precision_loss

warning: arithmetic operation that can potentially result in unexpected side-effects
  --> src/ui/timeline/ruler.rs:68:13
   |
68 |             (body_rect.width() / self.zoom_scale / grid_interval as f32).ceil() as i32 + 2;
   |             ^^^^^^^^^^^^^^^^^^^^^^^^^^^^^^^^^^^^^^^^^^^^^^^^^^^^^^^^^^^^^^^^^^^^^^^^^^^^^^
   |
   = help: for further information visit https://rust-lang.github.io/rust-clippy/rust-1.98.0/index.html#arithmetic_side_effects

warning: casting `f32` to `i32` may truncate the value
  --> src/ui/timeline/ruler.rs:68:13
   |
68 |             (body_rect.width() / self.zoom_scale / grid_interval as f32).ceil() as i32 + 2;
   |             ^^^^^^^^^^^^^^^^^^^^^^^^^^^^^^^^^^^^^^^^^^^^^^^^^^^^^^^^^^^^^^^^^^^^^^^^^^
   |
   = help: if this is intentional allow the lint with `#[allow(clippy::cast_possible_truncation)]` ...
   = help: for further information visit https://rust-lang.github.io/rust-clippy/rust-1.98.0/index.html#cast_possible_truncation

warning: casting `i32` to `f32` may cause a loss of precision (`i32` is 32 bits wide, but `f32`'s mantissa is only 23 bits wide)
  --> src/ui/timeline/ruler.rs:68:52
   |
68 |             (body_rect.width() / self.zoom_scale / grid_interval as f32).ceil() as i32 + 2;
   |                                                    ^^^^^^^^^^^^^^^^^^^^
   |
   = help: for further information visit https://rust-lang.github.io/rust-clippy/rust-1.98.0/index.html#cast_precision_loss

warning: arithmetic operation that can potentially result in unexpected side-effects
  --> src/ui/timeline/ruler.rs:70:25
   |
70 |             let frame = start_tick + i * grid_interval;
   |                         ^^^^^^^^^^^^^^^^^^^^^^^^^^^^^^
   |
   = help: for further information visit https://rust-lang.github.io/rust-clippy/rust-1.98.0/index.html#arithmetic_side_effects

warning: arithmetic operation that can potentially result in unexpected side-effects
  --> src/ui/timeline/ruler.rs:75:29
   |
75 |             let is_second = frame % 30.max(1) == 0;
   |                             ^^^^^^^^^^^^^^^^^
   |
   = help: for further information visit https://rust-lang.github.io/rust-clippy/rust-1.98.0/index.html#arithmetic_side_effects

warning: `30` is never smaller than `1` and has therefore no effect
  --> src/ui/timeline/ruler.rs:75:37
   |
75 |             let is_second = frame % 30.max(1) == 0;
   |                                     ^^^^^^^^^ help: try: `30`
   |
   = help: for further information visit https://rust-lang.github.io/rust-clippy/rust-1.98.0/index.html#unnecessary_min_or_max
   = note: `#[warn(clippy::unnecessary_min_or_max)]` on by default

warning: arithmetic operation that can potentially result in unexpected side-effects
  --> src/ui/timeline/ruler.rs:86:32
   |
86 |                 format!("{}s", frame / 30.max(1))
   |                                ^^^^^^^^^^^^^^^^^
   |
   = help: for further information visit https://rust-lang.github.io/rust-clippy/rust-1.98.0/index.html#arithmetic_side_effects

warning: `30` is never smaller than `1` and has therefore no effect
  --> src/ui/timeline/ruler.rs:86:40
   |
86 |                 format!("{}s", frame / 30.max(1))
   |                                        ^^^^^^^^^ help: try: `30`
   |
   = help: for further information visit https://rust-lang.github.io/rust-clippy/rust-1.98.0/index.html#unnecessary_min_or_max

warning: this `if` statement can be collapsed
   --> src/ui/timeline/ruler.rs:107:9
    |
107 | /         if response.drag_started() {
108 | |             if let Some(pos) = response.interact_pointer_pos() {
109 | |                 self.select_range_anchor = Some(self.px_to_frame(pos.x - body_rect.min.x).max(0));
110 | |             }
111 | |         }
    | |_________^
    |
    = help: for further information visit https://rust-lang.github.io/rust-clippy/rust-1.98.0/index.html#collapsible_if
help: collapse nested if block
    |
107 ~         if response.drag_started()
108 ~             && let Some(pos) = response.interact_pointer_pos() {
109 |                 self.select_range_anchor = Some(self.px_to_frame(pos.x - body_rect.min.x).max(0));
110 ~             }
    |

warning: this `if` statement can be collapsed
   --> src/ui/timeline/ruler.rs:123:16
    |
123 |           } else if response.hovered() && response.clicked() {
    |  ________________^
124 | |             if let Some(pos) = response.interact_pointer_pos() {
125 | |                 let frame = self.px_to_frame(pos.x - body_rect.min.x);
126 | |                 self.seek(state, preview_panel, frame);
127 | |             }
128 | |         }
    | |_________^
    |
    = help: for further information visit https://rust-lang.github.io/rust-clippy/rust-1.98.0/index.html#collapsible_if
help: collapse nested if block
    |
123 ~         } else if response.hovered() && response.clicked()
124 ~             && let Some(pos) = response.interact_pointer_pos() {
125 |                 let frame = self.px_to_frame(pos.x - body_rect.min.x);
126 |                 self.seek(state, preview_panel, frame);
127 ~             }
    |

warning: casting `i32` to `f32` may cause a loss of precision (`i32` is 32 bits wide, but `f32`'s mantissa is only 23 bits wide)
   --> src/ui/timeline/ruler.rs:142:70
    |
142 |                     (self.scroll_x + (new_scale - self.zoom_scale) * anchor_frame as f32).max(0.0);
    |                                                                      ^^^^^^^^^^^^^^^^^^^
    |
    = help: for further information visit https://rust-lang.github.io/rust-clippy/rust-1.98.0/index.html#cast_precision_loss

warning: this `if` statement can be collapsed
  --> src/ui/timeline/scene_tabs.rs:61:9
   |
61 | /         if let Some(id) = close_target {
62 | |             if id != ROOT_SCENE_ID {
63 | |                 self.close_scene_tab(state, preview_panel, id);
64 | |             }
65 | |         }
   | |_________^
   |
   = help: for further information visit https://rust-lang.github.io/rust-clippy/rust-1.98.0/index.html#collapsible_if
help: collapse nested if block
   |
61 ~         if let Some(id) = close_target
62 ~             && id != ROOT_SCENE_ID {
63 |                 self.close_scene_tab(state, preview_panel, id);
64 ~             }
   |

warning: casting `f32` to `u8` may truncate the value
 --> src/ui/timeline/util.rs:7:9
  |
7 | /         (v as f32 + (255.0 - v as f32) * factor)
8 | |             .round()
9 | |             .clamp(0.0, 255.0) as u8
  | |____________________________________^
  |
  = help: if this is intentional allow the lint with `#[allow(clippy::cast_possible_truncation)]` ...
  = help: for further information visit https://rust-lang.github.io/rust-clippy/rust-1.98.0/index.html#cast_possible_truncation

warning: casting `f32` to `u8` may lose the sign of the value
 --> src/ui/timeline/util.rs:7:9
  |
7 | /         (v as f32 + (255.0 - v as f32) * factor)
8 | |             .round()
9 | |             .clamp(0.0, 255.0) as u8
  | |____________________________________^
  |
  = help: for further information visit https://rust-lang.github.io/rust-clippy/rust-1.98.0/index.html#cast_sign_loss

warning: casts from `u8` to `f32` can be expressed infallibly using `From`
 --> src/ui/timeline/util.rs:7:10
  |
7 |         (v as f32 + (255.0 - v as f32) * factor)
  |          ^^^^^^^^
  |
  = help: an `as` cast can become silently lossy if the types change in the future
  = help: for further information visit https://rust-lang.github.io/rust-clippy/rust-1.98.0/index.html#cast_lossless
help: use `f32::from` instead
  |
7 -         (v as f32 + (255.0 - v as f32) * factor)
7 +         (f32::from(v) + (255.0 - v as f32) * factor)
  |

warning: casts from `u8` to `f32` can be expressed infallibly using `From`
 --> src/ui/timeline/util.rs:7:30
  |
7 |         (v as f32 + (255.0 - v as f32) * factor)
  |                              ^^^^^^^^
  |
  = help: an `as` cast can become silently lossy if the types change in the future
  = help: for further information visit https://rust-lang.github.io/rust-clippy/rust-1.98.0/index.html#cast_lossless
help: use `f32::from` instead
  |
7 -         (v as f32 + (255.0 - v as f32) * factor)
7 +         (v as f32 + (255.0 - f32::from(v)) * factor)
  |

warning: casting `f32` to `u8` may truncate the value
  --> src/ui/timeline/util.rs:15:21
   |
15 |     let f = |v: u8| (v as f32 * (1.0 - factor)).round().clamp(0.0, 255.0) as u8;
   |                     ^^^^^^^^^^^^^^^^^^^^^^^^^^^^^^^^^^^^^^^^^^^^^^^^^^^^^^^^^^^
   |
   = help: if this is intentional allow the lint with `#[allow(clippy::cast_possible_truncation)]` ...
   = help: for further information visit https://rust-lang.github.io/rust-clippy/rust-1.98.0/index.html#cast_possible_truncation

warning: casting `f32` to `u8` may lose the sign of the value
  --> src/ui/timeline/util.rs:15:21
   |
15 |     let f = |v: u8| (v as f32 * (1.0 - factor)).round().clamp(0.0, 255.0) as u8;
   |                     ^^^^^^^^^^^^^^^^^^^^^^^^^^^^^^^^^^^^^^^^^^^^^^^^^^^^^^^^^^^
   |
   = help: for further information visit https://rust-lang.github.io/rust-clippy/rust-1.98.0/index.html#cast_sign_loss

warning: casts from `u8` to `f32` can be expressed infallibly using `From`
  --> src/ui/timeline/util.rs:15:22
   |
15 |     let f = |v: u8| (v as f32 * (1.0 - factor)).round().clamp(0.0, 255.0) as u8;
   |                      ^^^^^^^^
   |
   = help: an `as` cast can become silently lossy if the types change in the future
   = help: for further information visit https://rust-lang.github.io/rust-clippy/rust-1.98.0/index.html#cast_lossless
help: use `f32::from` instead
   |
15 -     let f = |v: u8| (v as f32 * (1.0 - factor)).round().clamp(0.0, 255.0) as u8;
15 +     let f = |v: u8| (f32::from(v) * (1.0 - factor)).round().clamp(0.0, 255.0) as u8;
   |

warning: casts from `u8` to `f32` can be expressed infallibly using `From`
  --> src/ui/timeline/util.rs:21:17
   |
21 |         let c = v as f32 / 255.0;
   |                 ^^^^^^^^
   |
   = help: an `as` cast can become silently lossy if the types change in the future
   = help: for further information visit https://rust-lang.github.io/rust-clippy/rust-1.98.0/index.html#cast_lossless
help: use `f32::from` instead
   |
21 -         let c = v as f32 / 255.0;
21 +         let c = f32::from(v) / 255.0;
   |

warning: this function has too many lines (272/100)
  --> src/ui/timeline/util.rs:72:1
   |
72 | / pub(super) fn build_context_menu(
73 | |     hit_id: i32,
74 | |     clipboard_empty: bool,
75 | |     kinds: &[ObjectKindItem],
...  |
79 | |     select_range: Option<(i32, i32)>,
80 | | ) -> Vec<ContextMenuItem> {
   | |_________________________^
   |
   = help: for further information visit https://rust-lang.github.io/rust-clippy/rust-1.98.0/index.html#too_many_lines

warning: casting `i32` to `usize` may lose the sign of the value
   --> src/ui/timeline/util.rs:364:14
    |
364 |         .get(layer as usize)
    |              ^^^^^^^^^^^^^^
    |
    = help: for further information visit https://rust-lang.github.io/rust-clippy/rust-1.98.0/index.html#cast_sign_loss

warning: arithmetic operation that can potentially result in unexpected side-effects
   --> src/ui/timeline/util.rs:372:48
    |
372 |             label: t!("レイヤー{}").replace("{}", &(idx + 1).to_string()),
    |                                                    ^^^^^^^^^
    |
    = help: for further information visit https://rust-lang.github.io/rust-clippy/rust-1.98.0/index.html#arithmetic_side_effects

warning: casting `usize` to `i32` may truncate the value on targets with 64-bit wide pointers
   --> src/ui/timeline/util.rs:374:19
    |
374 |             kind: idx as i32,
    |                   ^^^^^^^^^^
    |
    = help: if this is intentional allow the lint with `#[allow(clippy::cast_possible_truncation)]` ...
    = help: for further information visit https://rust-lang.github.io/rust-clippy/rust-1.98.0/index.html#cast_possible_truncation
help: ... or use `try_from` and handle the error accordingly
    |
374 -             kind: idx as i32,
374 +             kind: i32::try_from(idx),
    |

warning: casting `usize` to `i32` may wrap around the value on targets with 32-bit wide pointers
   --> src/ui/timeline/util.rs:374:19
    |
374 |             kind: idx as i32,
    |                   ^^^^^^^^^^
    |
    = help: for further information visit https://rust-lang.github.io/rust-clippy/rust-1.98.0/index.html#cast_possible_wrap

warning: this function has too many arguments (11/7)
  --> src/ui/timeline/view.rs:21:5
   |
21 | /     pub(super) fn timeline_view(
22 | |         &mut self,
23 | |         ui: &mut egui::Ui,
24 | |         state: &SharedAppState,
...  |
32 | |         content_height: f32,
33 | |     ) {
   | |_____^
   |
   = help: for further information visit https://rust-lang.github.io/rust-clippy/rust-1.98.0/index.html#too_many_arguments

warning: this argument (0 byte) is passed by reference, but would be more efficient if passed by value (limit: 8 byte)
  --> src/ui/timeline/view.rs:26:22
   |
26 |         _props_weak: &(),
   |                      ^^^ help: consider passing by value instead: `()`
   |
   = help: for further information visit https://rust-lang.github.io/rust-clippy/rust-1.98.0/index.html#trivially_copy_pass_by_ref

warning: arithmetic operation that can potentially result in unexpected side-effects
  --> src/ui/timeline/view.rs:69:21
   |
69 |             let a = rect.min + range.anchor.to_vec2();
   |                     ^^^^^^^^^^^^^^^^^^^^^^^^^^^^^^^^^
   |
   = help: for further information visit https://rust-lang.github.io/rust-clippy/rust-1.98.0/index.html#arithmetic_side_effects

warning: arithmetic operation that can potentially result in unexpected side-effects
  --> src/ui/timeline/view.rs:70:21
   |
70 |             let c = rect.min + range.cur.to_vec2();
   |                     ^^^^^^^^^^^^^^^^^^^^^^^^^^^^^^
   |
   = help: for further information visit https://rust-lang.github.io/rust-clippy/rust-1.98.0/index.html#arithmetic_side_effects

warning: this `map_or` can be simplified
  --> src/ui/timeline/view.rs:82:26
   |
82 |               let locked = layer_states
   |  __________________________^
83 | |                 .get(obj.layer as usize)
84 | |                 .map_or(false, |s| s.locked);
   | |____________________________________________^
   |
   = help: for further information visit https://rust-lang.github.io/rust-clippy/rust-1.98.0/index.html#unnecessary_map_or
help: use `is_some_and` instead
   |
84 -                 .map_or(false, |s| s.locked);
84 +                 .is_some_and(|s| s.locked);
   |

warning: casting `i32` to `usize` may lose the sign of the value
  --> src/ui/timeline/view.rs:83:22
   |
83 |                 .get(obj.layer as usize)
   |                      ^^^^^^^^^^^^^^^^^^
   |
   = help: for further information visit https://rust-lang.github.io/rust-clippy/rust-1.98.0/index.html#cast_sign_loss

warning: casting `i32` to `usize` may lose the sign of the value
   --> src/ui/timeline/view.rs:108:71
    |
108 |         let selected: Vec<usize> = self.selected_ids.iter().map(|&id| id as usize).collect();
    |                                                                       ^^^^^^^^^^^
    |
    = help: for further information visit https://rust-lang.github.io/rust-clippy/rust-1.98.0/index.html#cast_sign_loss

warning: casting `i32` to `f32` may cause a loss of precision (`i32` is 32 bits wide, but `f32`'s mantissa is only 23 bits wide)
   --> src/ui/timeline/view.rs:134:35
    |
134 |                 let max_scroll = (total_frames as f32 * self.zoom_scale - rect.width()).max(0.0);
    |                                   ^^^^^^^^^^^^^^^^^^^
    |
    = help: for further information visit https://rust-lang.github.io/rust-clippy/rust-1.98.0/index.html#cast_precision_loss

warning: this `if` statement can be collapsed
   --> src/ui/timeline/view.rs:150:9
    |
150 | /         if response.drag_started() {
151 | |             if let Some(pos) = response.interact_pointer_pos() {
152 | |                 let local = pos - response.rect.min;
153 | |                 self.seek(state, preview_panel, self.px_to_frame(local.x));
...   |
159 | |         }
    | |_________^
    |
    = help: for further information visit https://rust-lang.github.io/rust-clippy/rust-1.98.0/index.html#collapsible_if
help: collapse nested if block
    |
150 ~         if response.drag_started()
151 ~             && let Some(pos) = response.interact_pointer_pos() {
152 |                 let local = pos - response.rect.min;
...
157 |                 });
158 ~             }
    |

warning: arithmetic operation that can potentially result in unexpected side-effects
   --> src/ui/timeline/view.rs:152:29
    |
152 |                 let local = pos - response.rect.min;
    |                             ^^^^^^^^^^^^^^^^^^^^^^^
    |
    = help: for further information visit https://rust-lang.github.io/rust-clippy/rust-1.98.0/index.html#arithmetic_side_effects

warning: this `if` statement can be collapsed
   --> src/ui/timeline/view.rs:160:9
    |
160 | /         if response.dragged() && self.range.is_some() {
161 | |             if let Some(pos) = response.interact_pointer_pos() {
162 | |                 let local = pos - response.rect.min;
163 | |                 if let Some(range) = &mut self.range {
...   |
167 | |         }
    | |_________^
    |
    = help: for further information visit https://rust-lang.github.io/rust-clippy/rust-1.98.0/index.html#collapsible_if
help: collapse nested if block
    |
160 ~         if response.dragged() && self.range.is_some()
161 ~             && let Some(pos) = response.interact_pointer_pos() {
162 |                 let local = pos - response.rect.min;
...
165 |                 }
166 ~             }
    |

warning: arithmetic operation that can potentially result in unexpected side-effects
   --> src/ui/timeline/view.rs:162:29
    |
162 |                 let local = pos - response.rect.min;
    |                             ^^^^^^^^^^^^^^^^^^^^^^^
    |
    = help: for further information visit https://rust-lang.github.io/rust-clippy/rust-1.98.0/index.html#arithmetic_side_effects

warning: this `if` statement can be collapsed
   --> src/ui/timeline/view.rs:168:9
    |
168 | /         if response.drag_stopped() {
169 | |             if let Some(range) = self.range.take() {
170 | |                 if (range.cur.x - range.anchor.x).abs() > 3.0
171 | |                     || (range.cur.y - range.anchor.y).abs() > 3.0
...   |
192 | |         }
    | |_________^
    |
    = help: for further information visit https://rust-lang.github.io/rust-clippy/rust-1.98.0/index.html#collapsible_if
help: collapse nested if block
    |
168 ~         if response.drag_stopped()
169 ~             && let Some(range) = self.range.take() {
170 |                 if (range.cur.x - range.anchor.x).abs() > 3.0
...
190 |                 }
191 ~             }
    |

warning: this `if` statement can be collapsed
   --> src/ui/timeline/view.rs:169:13
    |
169 | /             if let Some(range) = self.range.take() {
170 | |                 if (range.cur.x - range.anchor.x).abs() > 3.0
171 | |                     || (range.cur.y - range.anchor.y).abs() > 3.0
...   |
191 | |             }
    | |_____________^
    |
    = help: for further information visit https://rust-lang.github.io/rust-clippy/rust-1.98.0/index.html#collapsible_if
help: collapse nested if block
    |
169 ~             if let Some(range) = self.range.take()
170 ~                 && ((range.cur.x - range.anchor.x).abs() > 3.0
171 ~                     || (range.cur.y - range.anchor.y).abs() > 3.0)
172 |                 {
...
189 |                         .collect();
190 ~                 }
    |

warning: this `if` statement can be collapsed
   --> src/ui/timeline/view.rs:193:9
    |
193 | /         if response.secondary_clicked() {
194 | |             if let Some(pos) = response.interact_pointer_pos() {
195 | |                 let local = pos - response.rect.min;
196 | |                 self.open_context_menu(
...   |
205 | |         }
    | |_________^
    |
    = help: for further information visit https://rust-lang.github.io/rust-clippy/rust-1.98.0/index.html#collapsible_if
help: collapse nested if block
    |
193 ~         if response.secondary_clicked()
194 ~             && let Some(pos) = response.interact_pointer_pos() {
195 |                 let local = pos - response.rect.min;
...
203 |                 );
204 ~             }
    |

warning: arithmetic operation that can potentially result in unexpected side-effects
   --> src/ui/timeline/view.rs:195:29
    |
195 |                 let local = pos - response.rect.min;
    |                             ^^^^^^^^^^^^^^^^^^^^^^^
    |
    = help: for further information visit https://rust-lang.github.io/rust-clippy/rust-1.98.0/index.html#arithmetic_side_effects

warning: more than 3 bools in a struct
  --> src/ui/timeline/mod.rs:76:1
   |
76 | / pub struct TimelineWindow {
77 | |     pub open: bool,
78 | |     zoom_scale: f32,
79 | |     selected_layer: i32,
...  |
94 | |     show_waveform: bool,
95 | | }
   | |_^
   |
   = help: consider using a state machine or refactoring bools into two-variant enums
   = help: for further information visit https://rust-lang.github.io/rust-clippy/rust-1.98.0/index.html#struct_excessive_bools

warning: casting `i32` to `f32` may cause a loss of precision (`i32` is 32 bits wide, but `f32`'s mantissa is only 23 bits wide)
   --> src/ui/timeline/mod.rs:137:9
    |
137 |         frame as f32 * self.zoom_scale - self.scroll_x
    |         ^^^^^^^^^^^^
    |
    = help: for further information visit https://rust-lang.github.io/rust-clippy/rust-1.98.0/index.html#cast_precision_loss

warning: casting `f32` to `i32` may truncate the value
   --> src/ui/timeline/mod.rs:141:9
    |
141 |         ((px + self.scroll_x) / self.zoom_scale).floor().max(0.0) as i32
    |         ^^^^^^^^^^^^^^^^^^^^^^^^^^^^^^^^^^^^^^^^^^^^^^^^^^^^^^^^^^^^^^^^
    |
    = help: if this is intentional allow the lint with `#[allow(clippy::cast_possible_truncation)]` ...
    = help: for further information visit https://rust-lang.github.io/rust-clippy/rust-1.98.0/index.html#cast_possible_truncation

warning: casting `i32` to `f32` may cause a loss of precision (`i32` is 32 bits wide, but `f32`'s mantissa is only 23 bits wide)
   --> src/ui/timeline/mod.rs:145:9
    |
145 |         layer as f32 * LAYER_HEIGHT - self.scroll_y
    |         ^^^^^^^^^^^^
    |
    = help: for further information visit https://rust-lang.github.io/rust-clippy/rust-1.98.0/index.html#cast_precision_loss

warning: casting `f32` to `i32` may truncate the value
   --> src/ui/timeline/mod.rs:149:9
    |
149 |         ((py + self.scroll_y) / LAYER_HEIGHT).floor().max(0.0) as i32
    |         ^^^^^^^^^^^^^^^^^^^^^^^^^^^^^^^^^^^^^^^^^^^^^^^^^^^^^^^^^^^^^
    |
    = help: if this is intentional allow the lint with `#[allow(clippy::cast_possible_truncation)]` ...
    = help: for further information visit https://rust-lang.github.io/rust-clippy/rust-1.98.0/index.html#cast_possible_truncation

warning: this argument (0 byte) is passed by reference, but would be more efficient if passed by value (limit: 8 byte)
   --> src/ui/timeline/mod.rs:158:22
    |
158 |         _props_weak: &(),
    |                      ^^^ help: consider passing by value instead: `()`
    |
    = help: for further information visit https://rust-lang.github.io/rust-clippy/rust-1.98.0/index.html#trivially_copy_pass_by_ref

warning: casting `i32` to `usize` may lose the sign of the value
   --> src/ui/timeline/mod.rs:181:70
    |
181 |                 .set_selected_ids(self.selected_ids.iter().map(|&id| id as usize).collect());
    |                                                                      ^^^^^^^^^^^
    |
    = help: for further information visit https://rust-lang.github.io/rust-clippy/rust-1.98.0/index.html#cast_sign_loss

warning: this argument (0 byte) is passed by reference, but would be more efficient if passed by value (limit: 8 byte)
   --> src/ui/timeline/mod.rs:194:22
    |
194 |         _props_weak: &(),
    |                      ^^^ help: consider passing by value instead: `()`
    |
    = help: for further information visit https://rust-lang.github.io/rust-clippy/rust-1.98.0/index.html#trivially_copy_pass_by_ref

warning: casts from `u32` to `f64` can be expressed infallibly using `From`
   --> src/ui/timeline/mod.rs:202:23
    |
202 |             let fps = world.get_project().fps as f64;
    |                       ^^^^^^^^^^^^^^^^^^^^^^^^^^^^^^
    |
    = help: an `as` cast can become silently lossy if the types change in the future
    = help: for further information visit https://rust-lang.github.io/rust-clippy/rust-1.98.0/index.html#cast_lossless
help: use `f64::from` instead
    |
202 -             let fps = world.get_project().fps as f64;
202 +             let fps = f64::from(world.get_project().fps);
    |

warning: casting `usize` to `i32` may truncate the value on targets with 64-bit wide pointers
   --> src/ui/timeline/mod.rs:232:27
    |
232 |                     kind: kind_id as i32,
    |                           ^^^^^^^^^^^^^^
    |
    = help: if this is intentional allow the lint with `#[allow(clippy::cast_possible_truncation)]` ...
    = help: for further information visit https://rust-lang.github.io/rust-clippy/rust-1.98.0/index.html#cast_possible_truncation
help: ... or use `try_from` and handle the error accordingly
    |
232 -                     kind: kind_id as i32,
232 +                     kind: i32::try_from(kind_id),
    |

warning: casting `usize` to `i32` may wrap around the value on targets with 32-bit wide pointers
   --> src/ui/timeline/mod.rs:232:27
    |
232 |                     kind: kind_id as i32,
    |                           ^^^^^^^^^^^^^^
    |
    = help: for further information visit https://rust-lang.github.io/rust-clippy/rust-1.98.0/index.html#cast_possible_wrap

warning: this argument (0 byte) is passed by reference, but would be more efficient if passed by value (limit: 8 byte)
   --> src/ui/timeline/mod.rs:286:22
    |
286 |         _props_weak: &(),
    |                      ^^^ help: consider passing by value instead: `()`
    |
    = help: for further information visit https://rust-lang.github.io/rust-clippy/rust-1.98.0/index.html#trivially_copy_pass_by_ref

warning: this `if` can be collapsed into the outer `match`
   --> src/ui/timeline/mod.rs:350:21
    |
350 | /                     if app_state::redo_active(state) {
351 | |                         self.after_structural_edit(state, preview_panel);
352 | |                     }
    | |_____________________^
    |
    = help: for further information visit https://rust-lang.github.io/rust-clippy/rust-1.98.0/index.html#collapsible_match
help: collapse nested if block
    |
349 ~                 CommandId::Redo
350 ~                     if app_state::redo_active(state) => {
351 |                         self.after_structural_edit(state, preview_panel);
352 ~                     }
    |

warning: casting `i32` to `usize` may lose the sign of the value
   --> src/ui/timeline/mod.rs:312:78
    |
312 |                     let ids: Vec<usize> = self.selected_ids.iter().map(|&id| id as usize).collect();
    |                                                                              ^^^^^^^^^^^
    |
    = help: for further information visit https://rust-lang.github.io/rust-clippy/rust-1.98.0/index.html#cast_sign_loss

warning: casting `i32` to `usize` may lose the sign of the value
   --> src/ui/timeline/mod.rs:316:78
    |
316 |                     let ids: Vec<usize> = self.selected_ids.iter().map(|&id| id as usize).collect();
    |                                                                              ^^^^^^^^^^^
    |
    = help: for further information visit https://rust-lang.github.io/rust-clippy/rust-1.98.0/index.html#cast_sign_loss

warning: consider adding a `;` to the last statement for consistent formatting
   --> src/ui/timeline/mod.rs:332:21
    |
332 |                     self.cut_selection_range_and_pack(state, preview_panel)
    |                     ^^^^^^^^^^^^^^^^^^^^^^^^^^^^^^^^^^^^^^^^^^^^^^^^^^^^^^^ help: add a `;` here: `self.cut_selection_range_and_pack(state, preview_panel);`
    |
    = help: for further information visit https://rust-lang.github.io/rust-clippy/rust-1.98.0/index.html#semicolon_if_nothing_returned

warning: unused `self` argument
   --> src/ui/ui_ext.rs:102:14
    |
102 |     fn scale(self) -> f32 {
    |              ^^^^
    |
    = help: consider refactoring to an associated function
    = help: for further information visit https://rust-lang.github.io/rust-clippy/rust-1.98.0/index.html#unused_self

warning: casting `f32` to `i8` may truncate the value
   --> src/ui/ui_ext.rs:107:9
    |
107 |         (base * self.scale()).round() as i8
    |         ^^^^^^^^^^^^^^^^^^^^^^^^^^^^^^^^^^^
    |
    = help: if this is intentional allow the lint with `#[allow(clippy::cast_possible_truncation)]` ...
    = help: for further information visit https://rust-lang.github.io/rust-clippy/rust-1.98.0/index.html#cast_possible_truncation

warning: casting `i8` to `u8` may lose the sign of the value
   --> src/ui/ui_ext.rs:142:28
    |
142 |             .corner_radius(self.px(10.0) as u8)
    |                            ^^^^^^^^^^^^^^^^^^^ help: if this is intentional, use `cast_unsigned()` instead: `self.px(10.0).cast_unsigned()`
    |
    = help: for further information visit https://rust-lang.github.io/rust-clippy/rust-1.98.0/index.html#cast_sign_loss

warning: this argument is passed by value, but not consumed in the function body
  --> src/ui/mod.rs:27:55
   |
27 | pub fn start_project(meta: project::ProjectMeta, gpu: Rc<SharedGpu>, slot: PreviewSlot) {
   |                                                       ^^^^^^^^^^^^^
   |
   = help: for further information visit https://rust-lang.github.io/rust-clippy/rust-1.98.0/index.html#needless_pass_by_value
help: consider taking a reference instead
   |
27 | pub fn start_project(meta: project::ProjectMeta, gpu: &Rc<SharedGpu>, slot: PreviewSlot) {
   |                                                       +

warning: this argument is passed by value, but not consumed in the function body
  --> src/ui/mod.rs:27:76
   |
27 | pub fn start_project(meta: project::ProjectMeta, gpu: Rc<SharedGpu>, slot: PreviewSlot) {
   |                                                                            ^^^^^^^^^^^
   |
   = help: for further information visit https://rust-lang.github.io/rust-clippy/rust-1.98.0/index.html#needless_pass_by_value
help: consider taking a reference instead
   |
27 | pub fn start_project(meta: project::ProjectMeta, gpu: Rc<SharedGpu>, slot: &PreviewSlot) {
   |                                                                            +

warning: you seem to be trying to use `match` for destructuring a single pattern. Consider using `if let`
  --> src/main.rs:53:13
   |
53 | /             match audio::plugin_settings::load_from_disk() {
54 | |                 Some(saved) => {
55 | |                     audio::plugin_registry::init_from_cache(
56 | |                         saved.cached_catalog,
...  |
76 | |             }
   | |_____________^
   |
   = help: for further information visit https://rust-lang.github.io/rust-clippy/rust-1.98.0/index.html#single_match_else
help: try
   |
53 ~             if let Some(saved) = audio::plugin_settings::load_from_disk() {
54 +                 audio::plugin_registry::init_from_cache(
55 +                     saved.cached_catalog,
56 +                     &saved.disabled_plugin_ids,
57 +                 );
58 +             } else {
59 +                 let default_dir = audio::plugin_registry::default_plugins_dir();
60 +                 let paths = vec![default_dir];
61 +                 let auto_detect_system = true;
62 +                 let entries = audio::plugin_registry::rescan(&paths, auto_detect_system);
63 +                 let saved = ecs::resources::AudioPluginSettingsResource {
64 +                     scan_paths: paths
65 +                         .iter()
66 +                         .map(|p| p.to_string_lossy().to_string())
67 +                         .collect(),
68 +                     disabled_plugin_ids: Vec::new(),
69 +                     cached_catalog: entries,
70 +                     auto_detect_system,
71 +                 };
72 +                 let _ = audio::plugin_settings::save_to_disk(&saved);
73 +             }
   |

warning: `NeoUtl` (bin "NeoUtl") generated 1223 warnings (run `cargo clippy --fix --bin "NeoUtl" -p NeoUtl -- ` to apply 234 suggestions)
    Finished `dev` profile [unoptimized + debuginfo] target(s) in 5.97s
